ward_id,method,year,cumulative_exhaustion,percentage_christian,pct_over_65,pct_women,pct_married_or_widowed,pct_uni_educated,num_candidates,num_winners,total_votes,average_ballot_length,percentage_cands_ranked,pct_unemployed,electorate,turnout,k/n
S13002516,1,2022.0,2.93,0.5146,0.269349368,0.008700000000000041,0.5671,0.2243,4.0,3.0,2358.0,2.5683,0.6421,0.0219,5115.0,0.461,0.75
S13002516,3,2022.0,92.54,0.5146,0.269349368,0.008700000000000041,0.5671,0.2243,4.0,3.0,2358.0,2.5683,0.6421,0.0219,5115.0,0.461,0.75
S13002516,2,2022.0,68.74,0.5146,0.269349368,0.008700000000000041,0.5671,0.2243,4.0,3.0,2358.0,2.5683,0.6421,0.0219,5115.0,0.461,0.75
S13002516,0,2022.0,2.93,0.5146,0.269349368,0.008700000000000041,0.5671,0.2243,4.0,3.0,2358.0,2.5683,0.6421,0.0219,5115.0,0.461,0.75
S13002517,3,2022.0,80.97,0.4492,0.300645364,0.0027000000000000357,0.5759,0.3102,6.0,3.0,2889.0,2.7996,0.4666,0.0123,5401.0,0.5349,0.5
S13002517,3,2022.0,80.97,0.4492,0.300645364,0.0027000000000000357,0.5759,0.3102,6.0,3.0,2800.0,2.9343,0.489,0.0123,5401.0,0.5184,0.5
S13002517,2,2022.0,53.41,0.4492,0.300645364,0.0027000000000000357,0.5759,0.3102,6.0,3.0,2889.0,2.7996,0.4666,0.0123,5401.0,0.5349,0.5
S13002517,2,2022.0,53.41,0.4492,0.300645364,0.0027000000000000357,0.5759,0.3102,6.0,3.0,2800.0,2.9343,0.489,0.0123,5401.0,0.5184,0.5
S13002517,1,2022.0,5.16,0.4492,0.300645364,0.0027000000000000357,0.5759,0.3102,6.0,3.0,2889.0,2.7996,0.4666,0.0123,5401.0,0.5349,0.5
S13002517,1,2022.0,5.16,0.4492,0.300645364,0.0027000000000000357,0.5759,0.3102,6.0,3.0,2800.0,2.9343,0.489,0.0123,5401.0,0.5184,0.5
S13002517,0,2022.0,15.76,0.4492,0.300645364,0.0027000000000000357,0.5759,0.3102,6.0,3.0,2889.0,2.7996,0.4666,0.0123,5401.0,0.5349,0.5
S13002517,0,2022.0,15.76,0.4492,0.300645364,0.0027000000000000357,0.5759,0.3102,6.0,3.0,2800.0,2.9343,0.489,0.0123,5401.0,0.5184,0.5
S13002517,0,2017.0,5.1000000000000005,0.4492,0.300645364,0.0027000000000000357,0.5759,0.3102,6.0,3.0,2800.0,2.9343,0.489,0.0123,5523.0,0.507,0.5
S13002517,2,2017.0,51.68,0.4492,0.300645364,0.0027000000000000357,0.5759,0.3102,6.0,3.0,2800.0,2.9343,0.489,0.0123,5523.0,0.507,0.5
S13002517,3,2017.0,80.03999999999999,0.4492,0.300645364,0.0027000000000000357,0.5759,0.3102,6.0,3.0,2889.0,2.7996,0.4666,0.0123,5523.0,0.5231,0.5
S13002517,3,2017.0,80.03999999999999,0.4492,0.300645364,0.0027000000000000357,0.5759,0.3102,6.0,3.0,2800.0,2.9343,0.489,0.0123,5523.0,0.507,0.5
S13002517,2,2017.0,51.68,0.4492,0.300645364,0.0027000000000000357,0.5759,0.3102,6.0,3.0,2889.0,2.7996,0.4666,0.0123,5523.0,0.5231,0.5
S13002517,1,2017.0,1.9900000000000002,0.4492,0.300645364,0.0027000000000000357,0.5759,0.3102,6.0,3.0,2889.0,2.7996,0.4666,0.0123,5523.0,0.5231,0.5
S13002517,1,2017.0,1.9900000000000002,0.4492,0.300645364,0.0027000000000000357,0.5759,0.3102,6.0,3.0,2800.0,2.9343,0.489,0.0123,5523.0,0.507,0.5
S13002517,0,2017.0,5.1000000000000005,0.4492,0.300645364,0.0027000000000000357,0.5759,0.3102,6.0,3.0,2889.0,2.7996,0.4666,0.0123,5523.0,0.5231,0.5
S13002518,0,2022.0,29.259999999999998,0.3998,0.251287333,0.014100000000000001,0.5832,0.3521,9.0,3.0,3197.0,3.4063,0.3785,0.0154,6224.0,0.5137,0.3333
S13002518,0,2022.0,29.259999999999998,0.3998,0.251287333,0.014100000000000001,0.5832,0.3521,7.0,3.0,3307.0,3.2616,0.4659,0.0154,6224.0,0.5313,0.4286
S13002518,1,2017.0,9.95,0.3998,0.251287333,0.014100000000000001,0.5832,0.3521,7.0,3.0,3307.0,3.2616,0.4659,0.0154,6338.0,0.5218,0.4286
S13002518,1,2022.0,18.72,0.3998,0.251287333,0.014100000000000001,0.5832,0.3521,9.0,3.0,3197.0,3.4063,0.3785,0.0154,6224.0,0.5137,0.3333
S13002518,2,2022.0,78.57,0.3998,0.251287333,0.014100000000000001,0.5832,0.3521,7.0,3.0,3307.0,3.2616,0.4659,0.0154,6224.0,0.5313,0.4286
S13002518,2,2017.0,56.21,0.3998,0.251287333,0.014100000000000001,0.5832,0.3521,7.0,3.0,3307.0,3.2616,0.4659,0.0154,6338.0,0.5218,0.4286
S13002518,2,2022.0,78.57,0.3998,0.251287333,0.014100000000000001,0.5832,0.3521,9.0,3.0,3197.0,3.4063,0.3785,0.0154,6224.0,0.5137,0.3333
S13002518,3,2022.0,94.39999999999999,0.3998,0.251287333,0.014100000000000001,0.5832,0.3521,7.0,3.0,3307.0,3.2616,0.4659,0.0154,6224.0,0.5313,0.4286
S13002518,3,2022.0,94.39999999999999,0.3998,0.251287333,0.014100000000000001,0.5832,0.3521,9.0,3.0,3197.0,3.4063,0.3785,0.0154,6224.0,0.5137,0.3333
S13002518,0,2017.0,20.189999999999998,0.3998,0.251287333,0.014100000000000001,0.5832,0.3521,7.0,3.0,3307.0,3.2616,0.4659,0.0154,6338.0,0.5218,0.4286
S13002518,0,2017.0,20.189999999999998,0.3998,0.251287333,0.014100000000000001,0.5832,0.3521,9.0,3.0,3197.0,3.4063,0.3785,0.0154,6338.0,0.5044,0.3333
S13002518,1,2022.0,18.72,0.3998,0.251287333,0.014100000000000001,0.5832,0.3521,7.0,3.0,3307.0,3.2616,0.4659,0.0154,6224.0,0.5313,0.4286
S13002518,1,2017.0,9.95,0.3998,0.251287333,0.014100000000000001,0.5832,0.3521,9.0,3.0,3197.0,3.4063,0.3785,0.0154,6338.0,0.5044,0.3333
S13002518,2,2017.0,56.21,0.3998,0.251287333,0.014100000000000001,0.5832,0.3521,9.0,3.0,3197.0,3.4063,0.3785,0.0154,6338.0,0.5044,0.3333
S13002518,3,2017.0,83.7,0.3998,0.251287333,0.014100000000000001,0.5832,0.3521,9.0,3.0,3197.0,3.4063,0.3785,0.0154,6338.0,0.5044,0.3333
S13002518,3,2017.0,83.7,0.3998,0.251287333,0.014100000000000001,0.5832,0.3521,7.0,3.0,3307.0,3.2616,0.4659,0.0154,6338.0,0.5218,0.4286
S13002519,3,2017.0,75.4,0.4248,0.225980392,0.014900000000000024,0.5191,0.3265,8.0,4.0,3825.0,3.6021,0.4503,0.0166,8728.0,0.4382,0.5
S13002519,2,2017.0,40.31,0.4248,0.225980392,0.014900000000000024,0.5191,0.3265,11.0,4.0,3633.0,3.7528,0.3412,0.0166,8728.0,0.4162,0.3636
S13002519,2,2017.0,40.31,0.4248,0.225980392,0.014900000000000024,0.5191,0.3265,8.0,4.0,3825.0,3.6021,0.4503,0.0166,8728.0,0.4382,0.5
S13002519,1,2017.0,7.36,0.4248,0.225980392,0.014900000000000024,0.5191,0.3265,11.0,4.0,3633.0,3.7528,0.3412,0.0166,8728.0,0.4162,0.3636
S13002519,1,2017.0,7.36,0.4248,0.225980392,0.014900000000000024,0.5191,0.3265,8.0,4.0,3825.0,3.6021,0.4503,0.0166,8728.0,0.4382,0.5
S13002519,0,2017.0,9.39,0.4248,0.225980392,0.014900000000000024,0.5191,0.3265,11.0,4.0,3633.0,3.7528,0.3412,0.0166,8728.0,0.4162,0.3636
S13002519,0,2017.0,9.39,0.4248,0.225980392,0.014900000000000024,0.5191,0.3265,8.0,4.0,3825.0,3.6021,0.4503,0.0166,8728.0,0.4382,0.5
S13002519,3,2022.0,85.4,0.4248,0.225980392,0.014900000000000024,0.5191,0.3265,11.0,4.0,3633.0,3.7528,0.3412,0.0166,8090.0,0.4491,0.3636
S13002519,3,2022.0,85.4,0.4248,0.225980392,0.014900000000000024,0.5191,0.3265,8.0,4.0,3825.0,3.6021,0.4503,0.0166,8090.0,0.4728,0.5
S13002519,2,2022.0,58.769999999999996,0.4248,0.225980392,0.014900000000000024,0.5191,0.3265,11.0,4.0,3633.0,3.7528,0.3412,0.0166,8090.0,0.4491,0.3636
S13002519,2,2022.0,58.769999999999996,0.4248,0.225980392,0.014900000000000024,0.5191,0.3265,8.0,4.0,3825.0,3.6021,0.4503,0.0166,8090.0,0.4728,0.5
S13002519,1,2022.0,12.469999999999999,0.4248,0.225980392,0.014900000000000024,0.5191,0.3265,11.0,4.0,3633.0,3.7528,0.3412,0.0166,8090.0,0.4491,0.3636
S13002519,1,2022.0,12.469999999999999,0.4248,0.225980392,0.014900000000000024,0.5191,0.3265,8.0,4.0,3825.0,3.6021,0.4503,0.0166,8090.0,0.4728,0.5
S13002519,3,2017.0,75.4,0.4248,0.225980392,0.014900000000000024,0.5191,0.3265,11.0,4.0,3633.0,3.7528,0.3412,0.0166,8728.0,0.4162,0.3636
S13002519,0,2022.0,22.38,0.4248,0.225980392,0.014900000000000024,0.5191,0.3265,11.0,4.0,3633.0,3.7528,0.3412,0.0166,8090.0,0.4491,0.3636
S13002519,0,2022.0,22.38,0.4248,0.225980392,0.014900000000000024,0.5191,0.3265,8.0,4.0,3825.0,3.6021,0.4503,0.0166,8090.0,0.4728,0.5
S13002520,1,2022.0,5.26,0.4175,0.257073643,0.011299999999999977,0.5893,0.3714,10.0,4.0,4149.0,3.8395,0.3839,0.012,8426.0,0.4924,0.4
S13002520,3,2022.0,75.78,0.4175,0.257073643,0.011299999999999977,0.5893,0.3714,8.0,4.0,4097.0,3.359,0.4199,0.012,8426.0,0.4862,0.5
S13002520,3,2022.0,75.78,0.4175,0.257073643,0.011299999999999977,0.5893,0.3714,10.0,4.0,4149.0,3.8395,0.3839,0.012,8426.0,0.4924,0.4
S13002520,2,2022.0,49.33,0.4175,0.257073643,0.011299999999999977,0.5893,0.3714,8.0,4.0,4097.0,3.359,0.4199,0.012,8426.0,0.4862,0.5
S13002520,2,2022.0,49.33,0.4175,0.257073643,0.011299999999999977,0.5893,0.3714,10.0,4.0,4149.0,3.8395,0.3839,0.012,8426.0,0.4924,0.4
S13002520,1,2022.0,5.26,0.4175,0.257073643,0.011299999999999977,0.5893,0.3714,8.0,4.0,4097.0,3.359,0.4199,0.012,8426.0,0.4862,0.5
S13002520,0,2017.0,16.97,0.4175,0.257073643,0.011299999999999977,0.5893,0.3714,8.0,4.0,4097.0,3.359,0.4199,0.012,8248.0,0.4967,0.5
S13002520,0,2022.0,11.03,0.4175,0.257073643,0.011299999999999977,0.5893,0.3714,8.0,4.0,4097.0,3.359,0.4199,0.012,8426.0,0.4862,0.5
S13002520,1,2017.0,6.380000000000001,0.4175,0.257073643,0.011299999999999977,0.5893,0.3714,10.0,4.0,4149.0,3.8395,0.3839,0.012,8248.0,0.503,0.4
S13002520,1,2017.0,6.380000000000001,0.4175,0.257073643,0.011299999999999977,0.5893,0.3714,8.0,4.0,4097.0,3.359,0.4199,0.012,8248.0,0.4967,0.5
S13002520,2,2017.0,38.64,0.4175,0.257073643,0.011299999999999977,0.5893,0.3714,10.0,4.0,4149.0,3.8395,0.3839,0.012,8248.0,0.503,0.4
S13002520,2,2017.0,38.64,0.4175,0.257073643,0.011299999999999977,0.5893,0.3714,8.0,4.0,4097.0,3.359,0.4199,0.012,8248.0,0.4967,0.5
S13002520,3,2017.0,80.6,0.4175,0.257073643,0.011299999999999977,0.5893,0.3714,10.0,4.0,4149.0,3.8395,0.3839,0.012,8248.0,0.503,0.4
S13002520,3,2017.0,80.6,0.4175,0.257073643,0.011299999999999977,0.5893,0.3714,8.0,4.0,4097.0,3.359,0.4199,0.012,8248.0,0.4967,0.5
S13002520,0,2022.0,11.03,0.4175,0.257073643,0.011299999999999977,0.5893,0.3714,10.0,4.0,4149.0,3.8395,0.3839,0.012,8426.0,0.4924,0.4
S13002520,0,2017.0,16.97,0.4175,0.257073643,0.011299999999999977,0.5893,0.3714,10.0,4.0,4149.0,3.8395,0.3839,0.012,8248.0,0.503,0.4
S13002521,0,2017.0,1.94,0.4239,0.350634854,0.012599999999999945,0.6168,0.3741,7.0,3.0,3277.0,3.0687,0.4384,0.0164,5811.0,0.5639,0.4286
S13002521,1,2017.0,1.94,0.4239,0.350634854,0.012599999999999945,0.6168,0.3741,6.0,3.0,3484.0,3.0307,0.5051,0.0164,5811.0,0.5996,0.5
S13002521,3,2022.0,84.1,0.4239,0.350634854,0.012599999999999945,0.6168,0.3741,7.0,3.0,3277.0,3.0687,0.4384,0.0164,5987.0,0.5474,0.4286
S13002521,3,2022.0,84.1,0.4239,0.350634854,0.012599999999999945,0.6168,0.3741,6.0,3.0,3484.0,3.0307,0.5051,0.0164,5987.0,0.5819,0.5
S13002521,0,2017.0,1.94,0.4239,0.350634854,0.012599999999999945,0.6168,0.3741,6.0,3.0,3484.0,3.0307,0.5051,0.0164,5811.0,0.5996,0.5
S13002521,2,2022.0,59.35,0.4239,0.350634854,0.012599999999999945,0.6168,0.3741,6.0,3.0,3484.0,3.0307,0.5051,0.0164,5987.0,0.5819,0.5
S13002521,0,2022.0,5.58,0.4239,0.350634854,0.012599999999999945,0.6168,0.3741,7.0,3.0,3277.0,3.0687,0.4384,0.0164,5987.0,0.5474,0.4286
S13002521,1,2022.0,5.58,0.4239,0.350634854,0.012599999999999945,0.6168,0.3741,6.0,3.0,3484.0,3.0307,0.5051,0.0164,5987.0,0.5819,0.5
S13002521,3,2017.0,84.24,0.4239,0.350634854,0.012599999999999945,0.6168,0.3741,7.0,3.0,3277.0,3.0687,0.4384,0.0164,5811.0,0.5639,0.4286
S13002521,3,2017.0,84.24,0.4239,0.350634854,0.012599999999999945,0.6168,0.3741,6.0,3.0,3484.0,3.0307,0.5051,0.0164,5811.0,0.5996,0.5
S13002521,0,2022.0,5.58,0.4239,0.350634854,0.012599999999999945,0.6168,0.3741,6.0,3.0,3484.0,3.0307,0.5051,0.0164,5987.0,0.5819,0.5
S13002521,2,2017.0,52.53,0.4239,0.350634854,0.012599999999999945,0.6168,0.3741,6.0,3.0,3484.0,3.0307,0.5051,0.0164,5811.0,0.5996,0.5
S13002521,1,2017.0,1.94,0.4239,0.350634854,0.012599999999999945,0.6168,0.3741,7.0,3.0,3277.0,3.0687,0.4384,0.0164,5811.0,0.5639,0.4286
S13002521,1,2022.0,5.58,0.4239,0.350634854,0.012599999999999945,0.6168,0.3741,7.0,3.0,3277.0,3.0687,0.4384,0.0164,5987.0,0.5474,0.4286
S13002521,2,2017.0,52.53,0.4239,0.350634854,0.012599999999999945,0.6168,0.3741,7.0,3.0,3277.0,3.0687,0.4384,0.0164,5811.0,0.5639,0.4286
S13002521,2,2022.0,59.35,0.4239,0.350634854,0.012599999999999945,0.6168,0.3741,7.0,3.0,3277.0,3.0687,0.4384,0.0164,5987.0,0.5474,0.4286
S13002522,0,2017.0,22.61,0.4045,0.282804489,0.011600000000000055,0.5289,0.2917,10.0,3.0,2925.0,3.7925,0.3792,0.0239,6513.0,0.4491,0.3
S13002522,3,2017.0,71.01,0.4045,0.282804489,0.011600000000000055,0.5289,0.2917,7.0,3.0,2753.0,3.0639,0.4377,0.0239,6513.0,0.4227,0.4286
S13002522,3,2017.0,71.01,0.4045,0.282804489,0.011600000000000055,0.5289,0.2917,10.0,3.0,2925.0,3.7925,0.3792,0.0239,6513.0,0.4491,0.3
S13002522,2,2017.0,37.92,0.4045,0.282804489,0.011600000000000055,0.5289,0.2917,7.0,3.0,2753.0,3.0639,0.4377,0.0239,6513.0,0.4227,0.4286
S13002522,2,2017.0,37.92,0.4045,0.282804489,0.011600000000000055,0.5289,0.2917,10.0,3.0,2925.0,3.7925,0.3792,0.0239,6513.0,0.4491,0.3
S13002522,1,2017.0,12.909999999999998,0.4045,0.282804489,0.011600000000000055,0.5289,0.2917,7.0,3.0,2753.0,3.0639,0.4377,0.0239,6513.0,0.4227,0.4286
S13002522,1,2017.0,12.909999999999998,0.4045,0.282804489,0.011600000000000055,0.5289,0.2917,10.0,3.0,2925.0,3.7925,0.3792,0.0239,6513.0,0.4491,0.3
S13002522,0,2017.0,22.61,0.4045,0.282804489,0.011600000000000055,0.5289,0.2917,7.0,3.0,2753.0,3.0639,0.4377,0.0239,6513.0,0.4227,0.4286
S13002522,3,2022.0,82.74000000000001,0.4045,0.282804489,0.011600000000000055,0.5289,0.2917,10.0,3.0,2925.0,3.7925,0.3792,0.0239,5638.0,0.5188,0.3
S13002522,0,2022.0,22.78,0.4045,0.282804489,0.011600000000000055,0.5289,0.2917,10.0,3.0,2925.0,3.7925,0.3792,0.0239,5638.0,0.5188,0.3
S13002522,0,2022.0,22.78,0.4045,0.282804489,0.011600000000000055,0.5289,0.2917,7.0,3.0,2753.0,3.0639,0.4377,0.0239,5638.0,0.4883,0.4286
S13002522,1,2022.0,11.7,0.4045,0.282804489,0.011600000000000055,0.5289,0.2917,10.0,3.0,2925.0,3.7925,0.3792,0.0239,5638.0,0.5188,0.3
S13002522,1,2022.0,11.7,0.4045,0.282804489,0.011600000000000055,0.5289,0.2917,7.0,3.0,2753.0,3.0639,0.4377,0.0239,5638.0,0.4883,0.4286
S13002522,2,2022.0,57.75,0.4045,0.282804489,0.011600000000000055,0.5289,0.2917,10.0,3.0,2925.0,3.7925,0.3792,0.0239,5638.0,0.5188,0.3
S13002522,2,2022.0,57.75,0.4045,0.282804489,0.011600000000000055,0.5289,0.2917,7.0,3.0,2753.0,3.0639,0.4377,0.0239,5638.0,0.4883,0.4286
S13002522,3,2022.0,82.74000000000001,0.4045,0.282804489,0.011600000000000055,0.5289,0.2917,7.0,3.0,2753.0,3.0639,0.4377,0.0239,5638.0,0.4883,0.4286
S13002523,1,2017.0,7.8999999999999995,0.4389,0.336243822,0.015199999999999991,0.5588,0.2721,7.0,3.0,2477.0,3.1805,0.4544,0.0165,5307.0,0.4667,0.4286
S13002523,3,2022.0,78.38,0.4389,0.336243822,0.015199999999999991,0.5588,0.2721,5.0,1.0,2013.0,2.2807,0.4561,0.0165,4867.0,0.4136,0.2
S13002523,0,2017.0,20.04,0.4389,0.336243822,0.015199999999999991,0.5588,0.2721,7.0,3.0,2477.0,3.1805,0.4544,0.0165,5307.0,0.4667,0.4286
S13002523,0,2022.0,22.78,0.4389,0.336243822,0.015199999999999991,0.5588,0.2721,7.0,3.0,2477.0,3.1805,0.4544,0.0165,4867.0,0.5089,0.4286
S13002523,0,2022.0,22.78,0.4389,0.336243822,0.015199999999999991,0.5588,0.2721,5.0,1.0,2013.0,2.2807,0.4561,0.0165,4867.0,0.4136,0.2
S13002523,1,2022.0,8.420000000000002,0.4389,0.336243822,0.015199999999999991,0.5588,0.2721,7.0,3.0,2477.0,3.1805,0.4544,0.0165,4867.0,0.5089,0.4286
S13002523,1,2022.0,8.420000000000002,0.4389,0.336243822,0.015199999999999991,0.5588,0.2721,5.0,1.0,2013.0,2.2807,0.4561,0.0165,4867.0,0.4136,0.2
S13002523,2,2022.0,49.07,0.4389,0.336243822,0.015199999999999991,0.5588,0.2721,7.0,3.0,2477.0,3.1805,0.4544,0.0165,4867.0,0.5089,0.4286
S13002523,2,2022.0,49.07,0.4389,0.336243822,0.015199999999999991,0.5588,0.2721,5.0,1.0,2013.0,2.2807,0.4561,0.0165,4867.0,0.4136,0.2
S13002523,3,2022.0,78.38,0.4389,0.336243822,0.015199999999999991,0.5588,0.2721,7.0,3.0,2477.0,3.1805,0.4544,0.0165,4867.0,0.5089,0.4286
S13002523,1,2017.0,7.8999999999999995,0.4389,0.336243822,0.015199999999999991,0.5588,0.2721,5.0,1.0,2013.0,2.2807,0.4561,0.0165,5307.0,0.3793,0.2
S13002523,0,2017.0,20.04,0.4389,0.336243822,0.015199999999999991,0.5588,0.2721,5.0,1.0,2013.0,2.2807,0.4561,0.0165,5307.0,0.3793,0.2
S13002523,2,2017.0,36.54,0.4389,0.336243822,0.015199999999999991,0.5588,0.2721,7.0,3.0,2477.0,3.1805,0.4544,0.0165,5307.0,0.4667,0.4286
S13002523,2,2017.0,36.54,0.4389,0.336243822,0.015199999999999991,0.5588,0.2721,5.0,1.0,2013.0,2.2807,0.4561,0.0165,5307.0,0.3793,0.2
S13002523,3,2017.0,77.31,0.4389,0.336243822,0.015199999999999991,0.5588,0.2721,5.0,1.0,2013.0,2.2807,0.4561,0.0165,5307.0,0.3793,0.2
S13002523,3,2017.0,77.31,0.4389,0.336243822,0.015199999999999991,0.5588,0.2721,7.0,3.0,2477.0,3.1805,0.4544,0.0165,5307.0,0.4667,0.4286
S13002524,0,2022.0,18.009999999999998,0.39,0.255499602,-0.008500000000000008,0.6023,0.363,7.0,3.0,3365.0,3.1064,0.4438,0.0135,6243.0,0.539,0.4286
S13002524,0,2022.0,18.009999999999998,0.39,0.255499602,-0.008500000000000008,0.6023,0.363,4.0,1.0,1825.0,2.2471,0.5618,0.0135,6243.0,0.2923,0.25
S13002524,3,2017.0,76.64,0.39,0.255499602,-0.008500000000000008,0.6023,0.363,4.0,1.0,1825.0,2.2471,0.5618,0.0135,8436.0,0.2163,0.25
S13002524,3,2017.0,76.64,0.39,0.255499602,-0.008500000000000008,0.6023,0.363,7.0,3.0,3365.0,3.1064,0.4438,0.0135,8436.0,0.3989,0.4286
S13002524,2,2017.0,46.83,0.39,0.255499602,-0.008500000000000008,0.6023,0.363,4.0,1.0,1825.0,2.2471,0.5618,0.0135,8436.0,0.2163,0.25
S13002524,1,2022.0,7.66,0.39,0.255499602,-0.008500000000000008,0.6023,0.363,7.0,3.0,3365.0,3.1064,0.4438,0.0135,6243.0,0.539,0.4286
S13002524,1,2022.0,7.66,0.39,0.255499602,-0.008500000000000008,0.6023,0.363,4.0,1.0,1825.0,2.2471,0.5618,0.0135,6243.0,0.2923,0.25
S13002524,2,2022.0,50.66,0.39,0.255499602,-0.008500000000000008,0.6023,0.363,7.0,3.0,3365.0,3.1064,0.4438,0.0135,6243.0,0.539,0.4286
S13002524,2,2022.0,50.66,0.39,0.255499602,-0.008500000000000008,0.6023,0.363,4.0,1.0,1825.0,2.2471,0.5618,0.0135,6243.0,0.2923,0.25
S13002524,3,2022.0,76.52,0.39,0.255499602,-0.008500000000000008,0.6023,0.363,4.0,1.0,1825.0,2.2471,0.5618,0.0135,6243.0,0.2923,0.25
S13002524,3,2022.0,76.52,0.39,0.255499602,-0.008500000000000008,0.6023,0.363,7.0,3.0,3365.0,3.1064,0.4438,0.0135,6243.0,0.539,0.4286
S13002524,1,2017.0,9.43,0.39,0.255499602,-0.008500000000000008,0.6023,0.363,4.0,1.0,1825.0,2.2471,0.5618,0.0135,8436.0,0.2163,0.25
S13002524,0,2017.0,23.61,0.39,0.255499602,-0.008500000000000008,0.6023,0.363,7.0,3.0,3365.0,3.1064,0.4438,0.0135,8436.0,0.3989,0.4286
S13002524,0,2017.0,23.61,0.39,0.255499602,-0.008500000000000008,0.6023,0.363,4.0,1.0,1825.0,2.2471,0.5618,0.0135,8436.0,0.2163,0.25
S13002524,1,2017.0,9.43,0.39,0.255499602,-0.008500000000000008,0.6023,0.363,7.0,3.0,3365.0,3.1064,0.4438,0.0135,8436.0,0.3989,0.4286
S13002524,2,2017.0,46.83,0.39,0.255499602,-0.008500000000000008,0.6023,0.363,7.0,3.0,3365.0,3.1064,0.4438,0.0135,8436.0,0.3989,0.4286
S13002525,3,2017.0,97.69999999999999,0.4317,0.295953757,0.022299999999999986,0.5812,0.3995,5.0,4.0,3861.0,2.7938,0.5588,0.0154,7356.0,0.5249,0.8
S13002525,3,2017.0,97.69999999999999,0.4317,0.295953757,0.022299999999999986,0.5812,0.3995,7.0,4.0,3947.0,3.2523,0.4646,0.0154,7356.0,0.5366,0.5714
S13002525,1,2017.0,10.2,0.4317,0.295953757,0.022299999999999986,0.5812,0.3995,7.0,4.0,3947.0,3.2523,0.4646,0.0154,7356.0,0.5366,0.5714
S13002525,1,2017.0,10.2,0.4317,0.295953757,0.022299999999999986,0.5812,0.3995,5.0,4.0,3861.0,2.7938,0.5588,0.0154,7356.0,0.5249,0.8
S13002525,0,2017.0,17.56,0.4317,0.295953757,0.022299999999999986,0.5812,0.3995,7.0,4.0,3947.0,3.2523,0.4646,0.0154,7356.0,0.5366,0.5714
S13002525,0,2017.0,17.56,0.4317,0.295953757,0.022299999999999986,0.5812,0.3995,5.0,4.0,3861.0,2.7938,0.5588,0.0154,7356.0,0.5249,0.8
S13002525,2,2017.0,86.92,0.4317,0.295953757,0.022299999999999986,0.5812,0.3995,7.0,4.0,3947.0,3.2523,0.4646,0.0154,7356.0,0.5366,0.5714
S13002525,0,2022.0,14.39,0.4317,0.295953757,0.022299999999999986,0.5812,0.3995,5.0,4.0,3861.0,2.7938,0.5588,0.0154,7821.0,0.4937,0.8
S13002525,0,2022.0,14.39,0.4317,0.295953757,0.022299999999999986,0.5812,0.3995,7.0,4.0,3947.0,3.2523,0.4646,0.0154,7821.0,0.5047,0.5714
S13002525,1,2022.0,5.47,0.4317,0.295953757,0.022299999999999986,0.5812,0.3995,5.0,4.0,3861.0,2.7938,0.5588,0.0154,7821.0,0.4937,0.8
S13002525,1,2022.0,5.47,0.4317,0.295953757,0.022299999999999986,0.5812,0.3995,7.0,4.0,3947.0,3.2523,0.4646,0.0154,7821.0,0.5047,0.5714
S13002525,2,2017.0,86.92,0.4317,0.295953757,0.022299999999999986,0.5812,0.3995,5.0,4.0,3861.0,2.7938,0.5588,0.0154,7356.0,0.5249,0.8
S13002525,2,2022.0,73.19,0.4317,0.295953757,0.022299999999999986,0.5812,0.3995,7.0,4.0,3947.0,3.2523,0.4646,0.0154,7821.0,0.5047,0.5714
S13002525,3,2022.0,95.97,0.4317,0.295953757,0.022299999999999986,0.5812,0.3995,5.0,4.0,3861.0,2.7938,0.5588,0.0154,7821.0,0.4937,0.8
S13002525,3,2022.0,95.97,0.4317,0.295953757,0.022299999999999986,0.5812,0.3995,7.0,4.0,3947.0,3.2523,0.4646,0.0154,7821.0,0.5047,0.5714
S13002525,2,2022.0,73.19,0.4317,0.295953757,0.022299999999999986,0.5812,0.3995,5.0,4.0,3861.0,2.7938,0.5588,0.0154,7821.0,0.4937,0.8
S13002526,3,2017.0,91.99,0.4334,0.204421397,0.011499999999999955,0.646,0.4004,5.0,3.0,2884.0,2.7743,0.5549,0.0134,6276.0,0.4595,0.6
S13002526,3,2017.0,91.99,0.4334,0.204421397,0.011499999999999955,0.646,0.4004,8.0,3.0,2949.0,3.2543,0.4068,0.0134,6276.0,0.4699,0.375
S13002526,3,2022.0,88.35,0.4334,0.204421397,0.011499999999999955,0.646,0.4004,5.0,3.0,2884.0,2.7743,0.5549,0.0134,5881.0,0.4904,0.6
S13002526,3,2022.0,88.35,0.4334,0.204421397,0.011499999999999955,0.646,0.4004,8.0,3.0,2949.0,3.2543,0.4068,0.0134,5881.0,0.5014,0.375
S13002526,2,2022.0,55.58,0.4334,0.204421397,0.011499999999999955,0.646,0.4004,5.0,3.0,2884.0,2.7743,0.5549,0.0134,5881.0,0.4904,0.6
S13002526,2,2022.0,55.58,0.4334,0.204421397,0.011499999999999955,0.646,0.4004,8.0,3.0,2949.0,3.2543,0.4068,0.0134,5881.0,0.5014,0.375
S13002526,1,2022.0,3.17,0.4334,0.204421397,0.011499999999999955,0.646,0.4004,5.0,3.0,2884.0,2.7743,0.5549,0.0134,5881.0,0.4904,0.6
S13002526,1,2022.0,3.17,0.4334,0.204421397,0.011499999999999955,0.646,0.4004,8.0,3.0,2949.0,3.2543,0.4068,0.0134,5881.0,0.5014,0.375
S13002526,2,2017.0,70.73,0.4334,0.204421397,0.011499999999999955,0.646,0.4004,5.0,3.0,2884.0,2.7743,0.5549,0.0134,6276.0,0.4595,0.6
S13002526,1,2017.0,12.530000000000001,0.4334,0.204421397,0.011499999999999955,0.646,0.4004,5.0,3.0,2884.0,2.7743,0.5549,0.0134,6276.0,0.4595,0.6
S13002526,1,2017.0,12.530000000000001,0.4334,0.204421397,0.011499999999999955,0.646,0.4004,8.0,3.0,2949.0,3.2543,0.4068,0.0134,6276.0,0.4699,0.375
S13002526,0,2017.0,25.17,0.4334,0.204421397,0.011499999999999955,0.646,0.4004,5.0,3.0,2884.0,2.7743,0.5549,0.0134,6276.0,0.4595,0.6
S13002526,0,2017.0,25.17,0.4334,0.204421397,0.011499999999999955,0.646,0.4004,8.0,3.0,2949.0,3.2543,0.4068,0.0134,6276.0,0.4699,0.375
S13002526,0,2022.0,13.36,0.4334,0.204421397,0.011499999999999955,0.646,0.4004,5.0,3.0,2884.0,2.7743,0.5549,0.0134,5881.0,0.4904,0.6
S13002526,0,2022.0,13.36,0.4334,0.204421397,0.011499999999999955,0.646,0.4004,8.0,3.0,2949.0,3.2543,0.4068,0.0134,5881.0,0.5014,0.375
S13002526,2,2017.0,70.73,0.4334,0.204421397,0.011499999999999955,0.646,0.4004,8.0,3.0,2949.0,3.2543,0.4068,0.0134,6276.0,0.4699,0.375
S13002545,2,2017.0,62.2,0.3567,0.188735279,0.01759999999999995,0.5078,0.2211,7.0,4.0,6095.0,3.2633,0.4662,0.0211,15745.0,0.3871,0.5714
S13002545,0,2022.0,1.85,0.3567,0.188735279,0.01759999999999995,0.5078,0.2211,7.0,4.0,6095.0,3.2633,0.4662,0.0211,15312.0,0.3981,0.5714
S13002545,1,2022.0,1.85,0.3567,0.188735279,0.01759999999999995,0.5078,0.2211,7.0,4.0,6095.0,3.2633,0.4662,0.0211,15312.0,0.3981,0.5714
S13002545,2,2022.0,68.19,0.3567,0.188735279,0.01759999999999995,0.5078,0.2211,7.0,4.0,6095.0,3.2633,0.4662,0.0211,15312.0,0.3981,0.5714
S13002545,3,2022.0,87.93,0.3567,0.188735279,0.01759999999999995,0.5078,0.2211,7.0,4.0,6095.0,3.2633,0.4662,0.0211,15312.0,0.3981,0.5714
S13002545,0,2017.0,13.030000000000001,0.3567,0.188735279,0.01759999999999995,0.5078,0.2211,7.0,4.0,6095.0,3.2633,0.4662,0.0211,15745.0,0.3871,0.5714
S13002545,1,2017.0,4.48,0.3567,0.188735279,0.01759999999999995,0.5078,0.2211,7.0,4.0,6095.0,3.2633,0.4662,0.0211,15745.0,0.3871,0.5714
S13002545,3,2017.0,85.22,0.3567,0.188735279,0.01759999999999995,0.5078,0.2211,7.0,4.0,6095.0,3.2633,0.4662,0.0211,15745.0,0.3871,0.5714
S13002546,0,2022.0,17.82,0.3819,0.17706115,0.01529999999999998,0.4463,0.263,10.0,4.0,5802.0,3.5126,0.3513,0.0291,14961.0,0.3878,0.4
S13002546,1,2017.0,8.459999999999999,0.3819,0.17706115,0.01529999999999998,0.4463,0.263,10.0,4.0,5802.0,3.5126,0.3513,0.0291,15792.0,0.3674,0.4
S13002546,2,2017.0,58.66,0.3819,0.17706115,0.01529999999999998,0.4463,0.263,10.0,4.0,5802.0,3.5126,0.3513,0.0291,15792.0,0.3674,0.4
S13002546,3,2017.0,82.49000000000001,0.3819,0.17706115,0.01529999999999998,0.4463,0.263,10.0,4.0,5802.0,3.5126,0.3513,0.0291,15792.0,0.3674,0.4
S13002546,1,2022.0,10.75,0.3819,0.17706115,0.01529999999999998,0.4463,0.263,10.0,4.0,5802.0,3.5126,0.3513,0.0291,14961.0,0.3878,0.4
S13002546,3,2022.0,90.39,0.3819,0.17706115,0.01529999999999998,0.4463,0.263,10.0,4.0,5802.0,3.5126,0.3513,0.0291,14961.0,0.3878,0.4
S13002546,2,2022.0,71.94000000000001,0.3819,0.17706115,0.01529999999999998,0.4463,0.263,10.0,4.0,5802.0,3.5126,0.3513,0.0291,14961.0,0.3878,0.4
S13002546,0,2017.0,18.549999999999997,0.3819,0.17706115,0.01529999999999998,0.4463,0.263,10.0,4.0,5802.0,3.5126,0.3513,0.0291,15792.0,0.3674,0.4
S13002547,0,2017.0,19.830000000000002,0.2869,0.128482465,0.02070000000000005,0.2701,0.445,9.0,4.0,5471.0,3.5653,0.3961,0.0151,18511.0,0.2956,0.4444
S13002547,1,2017.0,7.4,0.2869,0.128482465,0.02070000000000005,0.2701,0.445,9.0,4.0,5471.0,3.5653,0.3961,0.0151,18511.0,0.2956,0.4444
S13002547,3,2022.0,91.17,0.2869,0.128482465,0.02070000000000005,0.2701,0.445,9.0,4.0,5471.0,3.5653,0.3961,0.0151,14265.0,0.3835,0.4444
S13002547,2,2022.0,53.56,0.2869,0.128482465,0.02070000000000005,0.2701,0.445,9.0,4.0,5471.0,3.5653,0.3961,0.0151,14265.0,0.3835,0.4444
S13002547,1,2022.0,4.91,0.2869,0.128482465,0.02070000000000005,0.2701,0.445,9.0,4.0,5471.0,3.5653,0.3961,0.0151,14265.0,0.3835,0.4444
S13002547,0,2022.0,12.29,0.2869,0.128482465,0.02070000000000005,0.2701,0.445,9.0,4.0,5471.0,3.5653,0.3961,0.0151,14265.0,0.3835,0.4444
S13002547,3,2017.0,94.85,0.2869,0.128482465,0.02070000000000005,0.2701,0.445,9.0,4.0,5471.0,3.5653,0.3961,0.0151,18511.0,0.2956,0.4444
S13002547,2,2017.0,70.03999999999999,0.2869,0.128482465,0.02070000000000005,0.2701,0.445,9.0,4.0,5471.0,3.5653,0.3961,0.0151,18511.0,0.2956,0.4444
S13002548,1,2017.0,11.08,0.3252,0.193125259,-0.0050000000000000044,0.3526,0.2999,10.0,4.0,5622.0,3.4852,0.3485,0.0272,16040.0,0.3505,0.4
S13002548,3,2017.0,83.42,0.3252,0.193125259,-0.0050000000000000044,0.3526,0.2999,10.0,4.0,5622.0,3.4852,0.3485,0.0272,16040.0,0.3505,0.4
S13002548,0,2017.0,19.689999999999998,0.3252,0.193125259,-0.0050000000000000044,0.3526,0.2999,10.0,4.0,5622.0,3.4852,0.3485,0.0272,16040.0,0.3505,0.4
S13002548,0,2022.0,16.85,0.3252,0.193125259,-0.0050000000000000044,0.3526,0.2999,10.0,4.0,5622.0,3.4852,0.3485,0.0272,14812.0,0.3796,0.4
S13002548,1,2022.0,8.22,0.3252,0.193125259,-0.0050000000000000044,0.3526,0.2999,10.0,4.0,5622.0,3.4852,0.3485,0.0272,14812.0,0.3796,0.4
S13002548,2,2022.0,61.699999999999996,0.3252,0.193125259,-0.0050000000000000044,0.3526,0.2999,10.0,4.0,5622.0,3.4852,0.3485,0.0272,14812.0,0.3796,0.4
S13002548,3,2022.0,88.23,0.3252,0.193125259,-0.0050000000000000044,0.3526,0.2999,10.0,4.0,5622.0,3.4852,0.3485,0.0272,14812.0,0.3796,0.4
S13002548,2,2017.0,60.800000000000004,0.3252,0.193125259,-0.0050000000000000044,0.3526,0.2999,10.0,4.0,5622.0,3.4852,0.3485,0.0272,16040.0,0.3505,0.4
S13002549,2,2017.0,30.28,0.2712,0.129508014,-0.007599999999999996,0.3102,0.3635,7.0,3.0,4095.0,3.1917,0.456,0.0248,16420.0,0.2494,0.4286
S13002549,1,2017.0,3.46,0.2712,0.129508014,-0.007599999999999996,0.3102,0.3635,7.0,3.0,4095.0,3.1917,0.456,0.0248,16420.0,0.2494,0.4286
S13002549,0,2017.0,3.46,0.2712,0.129508014,-0.007599999999999996,0.3102,0.3635,7.0,3.0,4095.0,3.1917,0.456,0.0248,16420.0,0.2494,0.4286
S13002549,1,2022.0,2.67,0.2712,0.129508014,-0.007599999999999996,0.3102,0.3635,7.0,3.0,4095.0,3.1917,0.456,0.0248,12575.0,0.3256,0.4286
S13002549,3,2022.0,88.46,0.2712,0.129508014,-0.007599999999999996,0.3102,0.3635,7.0,3.0,4095.0,3.1917,0.456,0.0248,12575.0,0.3256,0.4286
S13002549,2,2022.0,47.23,0.2712,0.129508014,-0.007599999999999996,0.3102,0.3635,7.0,3.0,4095.0,3.1917,0.456,0.0248,12575.0,0.3256,0.4286
S13002549,3,2017.0,61.32,0.2712,0.129508014,-0.007599999999999996,0.3102,0.3635,7.0,3.0,4095.0,3.1917,0.456,0.0248,16420.0,0.2494,0.4286
S13002549,0,2022.0,10.65,0.2712,0.129508014,-0.007599999999999996,0.3102,0.3635,7.0,3.0,4095.0,3.1917,0.456,0.0248,12575.0,0.3256,0.4286
S13002551,0,2017.0,8.170000000000002,0.316,0.193159736,0.028200000000000003,0.439,0.1968,9.0,3.0,4438.0,3.1566,0.3507,0.0252,12596.0,0.3523,0.3333
S13002551,0,2022.0,0.56,0.316,0.193159736,0.028200000000000003,0.439,0.1968,9.0,3.0,4438.0,3.1566,0.3507,0.0252,11973.0,0.3707,0.3333
S13002551,1,2022.0,0.56,0.316,0.193159736,0.028200000000000003,0.439,0.1968,9.0,3.0,4438.0,3.1566,0.3507,0.0252,11973.0,0.3707,0.3333
S13002551,2,2022.0,58.8,0.316,0.193159736,0.028200000000000003,0.439,0.1968,9.0,3.0,4438.0,3.1566,0.3507,0.0252,11973.0,0.3707,0.3333
S13002551,3,2022.0,90.62,0.316,0.193159736,0.028200000000000003,0.439,0.1968,9.0,3.0,4438.0,3.1566,0.3507,0.0252,11973.0,0.3707,0.3333
S13002551,3,2017.0,65.8,0.316,0.193159736,0.028200000000000003,0.439,0.1968,9.0,3.0,4438.0,3.1566,0.3507,0.0252,12596.0,0.3523,0.3333
S13002551,2,2017.0,53.260000000000005,0.316,0.193159736,0.028200000000000003,0.439,0.1968,9.0,3.0,4438.0,3.1566,0.3507,0.0252,12596.0,0.3523,0.3333
S13002551,1,2017.0,3.0000000000000004,0.316,0.193159736,0.028200000000000003,0.439,0.1968,9.0,3.0,4438.0,3.1566,0.3507,0.0252,12596.0,0.3523,0.3333
S13002552,0,2017.0,17.53,0.4016,0.285684829,0.0232,0.6379,0.4337,9.0,4.0,8975.0,3.3052,0.3672,0.0098,17123.0,0.5241,0.4444
S13002552,3,2017.0,94.53999999999999,0.4016,0.285684829,0.0232,0.6379,0.4337,9.0,4.0,8975.0,3.3052,0.3672,0.0098,17123.0,0.5241,0.4444
S13002552,2,2017.0,65.62,0.4016,0.285684829,0.0232,0.6379,0.4337,9.0,4.0,8975.0,3.3052,0.3672,0.0098,17123.0,0.5241,0.4444
S13002552,1,2017.0,6.4799999999999995,0.4016,0.285684829,0.0232,0.6379,0.4337,9.0,4.0,8975.0,3.3052,0.3672,0.0098,17123.0,0.5241,0.4444
S13002552,3,2022.0,95.75,0.4016,0.285684829,0.0232,0.6379,0.4337,9.0,4.0,8975.0,3.3052,0.3672,0.0098,16335.0,0.5494,0.4444
S13002552,2,2022.0,73.27000000000001,0.4016,0.285684829,0.0232,0.6379,0.4337,9.0,4.0,8975.0,3.3052,0.3672,0.0098,16335.0,0.5494,0.4444
S13002552,1,2022.0,12.09,0.4016,0.285684829,0.0232,0.6379,0.4337,9.0,4.0,8975.0,3.3052,0.3672,0.0098,16335.0,0.5494,0.4444
S13002552,0,2022.0,19.62,0.4016,0.285684829,0.0232,0.6379,0.4337,9.0,4.0,8975.0,3.3052,0.3672,0.0098,16335.0,0.5494,0.4444
S13002608,2,2017.0,63.88,0.6397,0.298487395,-0.01419999999999999,0.5914,0.3083,6.0,3.0,1385.0,3.3805,0.5634,0.014,2336.0,0.5929,0.5
S13002608,0,2017.0,16.48,0.6397,0.298487395,-0.01419999999999999,0.5914,0.3083,6.0,3.0,1385.0,3.3805,0.5634,0.014,2336.0,0.5929,0.5
S13002608,0,2017.0,16.48,0.6397,0.298487395,-0.01419999999999999,0.5914,0.3083,8.0,4.0,1387.0,3.4758,0.4345,0.014,2336.0,0.5938,0.5
S13002608,1,2017.0,8.4,0.6397,0.298487395,-0.01419999999999999,0.5914,0.3083,6.0,3.0,1385.0,3.3805,0.5634,0.014,2336.0,0.5929,0.5
S13002608,1,2017.0,8.4,0.6397,0.298487395,-0.01419999999999999,0.5914,0.3083,8.0,4.0,1387.0,3.4758,0.4345,0.014,2336.0,0.5938,0.5
S13002608,2,2017.0,63.88,0.6397,0.298487395,-0.01419999999999999,0.5914,0.3083,8.0,4.0,1387.0,3.4758,0.4345,0.014,2336.0,0.5938,0.5
S13002608,3,2017.0,86.45,0.6397,0.298487395,-0.01419999999999999,0.5914,0.3083,8.0,4.0,1387.0,3.4758,0.4345,0.014,2336.0,0.5938,0.5
S13002608,3,2017.0,86.45,0.6397,0.298487395,-0.01419999999999999,0.5914,0.3083,6.0,3.0,1385.0,3.3805,0.5634,0.014,2336.0,0.5929,0.5
S13002608,0,2022.0,15.34,0.6397,0.298487395,-0.01419999999999999,0.5914,0.3083,6.0,3.0,1385.0,3.3805,0.5634,0.014,2511.0,0.5516,0.5
S13002608,0,2022.0,15.34,0.6397,0.298487395,-0.01419999999999999,0.5914,0.3083,8.0,4.0,1387.0,3.4758,0.4345,0.014,2511.0,0.5524,0.5
S13002608,1,2022.0,4.98,0.6397,0.298487395,-0.01419999999999999,0.5914,0.3083,6.0,3.0,1385.0,3.3805,0.5634,0.014,2511.0,0.5516,0.5
S13002608,1,2022.0,4.98,0.6397,0.298487395,-0.01419999999999999,0.5914,0.3083,8.0,4.0,1387.0,3.4758,0.4345,0.014,2511.0,0.5524,0.5
S13002608,3,2022.0,87.44,0.6397,0.298487395,-0.01419999999999999,0.5914,0.3083,8.0,4.0,1387.0,3.4758,0.4345,0.014,2511.0,0.5524,0.5
S13002608,3,2022.0,87.44,0.6397,0.298487395,-0.01419999999999999,0.5914,0.3083,6.0,3.0,1385.0,3.3805,0.5634,0.014,2511.0,0.5516,0.5
S13002608,2,2022.0,46.79,0.6397,0.298487395,-0.01419999999999999,0.5914,0.3083,8.0,4.0,1387.0,3.4758,0.4345,0.014,2511.0,0.5524,0.5
S13002608,2,2022.0,46.79,0.6397,0.298487395,-0.01419999999999999,0.5914,0.3083,6.0,3.0,1385.0,3.3805,0.5634,0.014,2511.0,0.5516,0.5
S13002734,2,2022.0,55.129999999999995,0.3597,0.283450055,0.0046000000000000485,0.5348,0.3476,6.0,3.0,1150.0,3.2974,0.5496,0.0124,2232.0,0.5152,0.5
S13002734,3,2022.0,85.22,0.3597,0.283450055,0.0046000000000000485,0.5348,0.3476,6.0,3.0,1150.0,3.2974,0.5496,0.0124,2232.0,0.5152,0.5
S13002734,1,2022.0,7.91,0.3597,0.283450055,0.0046000000000000485,0.5348,0.3476,6.0,3.0,1150.0,3.2974,0.5496,0.0124,2232.0,0.5152,0.5
S13002734,0,2022.0,19.060000000000002,0.3597,0.283450055,0.0046000000000000485,0.5348,0.3476,6.0,3.0,1150.0,3.2974,0.5496,0.0124,2232.0,0.5152,0.5
S13002735,1,2022.0,2.51,0.3806,0.262378528,0.012900000000000023,0.6344,0.336,7.0,4.0,1833.0,3.5123,0.5018,0.0084,3638.0,0.5038,0.5714
S13002735,2,2017.0,80.03,0.3806,0.262378528,0.012900000000000023,0.6344,0.336,7.0,4.0,1833.0,3.5123,0.5018,0.0084,3884.0,0.4719,0.5714
S13002735,3,2022.0,96.13,0.3806,0.262378528,0.012900000000000023,0.6344,0.336,7.0,4.0,1833.0,3.5123,0.5018,0.0084,3638.0,0.5038,0.5714
S13002735,0,2017.0,10.45,0.3806,0.262378528,0.012900000000000023,0.6344,0.336,7.0,4.0,1833.0,3.5123,0.5018,0.0084,3884.0,0.4719,0.5714
S13002735,2,2022.0,71.74,0.3806,0.262378528,0.012900000000000023,0.6344,0.336,7.0,4.0,1833.0,3.5123,0.5018,0.0084,3638.0,0.5038,0.5714
S13002735,3,2017.0,97.65,0.3806,0.262378528,0.012900000000000023,0.6344,0.336,7.0,4.0,1833.0,3.5123,0.5018,0.0084,3884.0,0.4719,0.5714
S13002735,1,2017.0,5.84,0.3806,0.262378528,0.012900000000000023,0.6344,0.336,7.0,4.0,1833.0,3.5123,0.5018,0.0084,3884.0,0.4719,0.5714
S13002735,0,2022.0,3.92,0.3806,0.262378528,0.012900000000000023,0.6344,0.336,7.0,4.0,1833.0,3.5123,0.5018,0.0084,3638.0,0.5038,0.5714
S13002737,0,2017.0,19.990000000000002,0.3764,0.312866817,0.0024999999999999467,0.6322,0.347,8.0,3.0,1075.0,3.5321,0.4415,0.0121,1900.0,0.5658,0.375
S13002737,0,2017.0,19.990000000000002,0.3764,0.312866817,0.0024999999999999467,0.6315,0.268,8.0,3.0,1075.0,3.5321,0.4415,0.0121,1900.0,0.5658,0.375
S13002737,0,2017.0,19.990000000000002,0.3764,0.312866817,0.0024999999999999467,0.6315,0.347,8.0,3.0,1075.0,3.5321,0.4415,0.0121,1900.0,0.5658,0.375
S13002737,0,2017.0,19.990000000000002,0.3764,0.29092962,0.0024999999999999467,0.6322,0.347,8.0,3.0,1075.0,3.5321,0.4415,0.0121,1900.0,0.5658,0.375
S13002737,0,2017.0,19.990000000000002,0.3764,0.312866817,-0.005300000000000027,0.6315,0.268,8.0,3.0,1075.0,3.5321,0.4415,0.0121,1900.0,0.5658,0.375
S13002737,0,2017.0,19.990000000000002,0.3764,0.312866817,-0.005300000000000027,0.6322,0.347,8.0,3.0,1075.0,3.5321,0.4415,0.0121,1900.0,0.5658,0.375
S13002737,0,2017.0,19.990000000000002,0.3764,0.312866817,-0.005300000000000027,0.6322,0.268,8.0,3.0,1075.0,3.5321,0.4415,0.0121,1900.0,0.5658,0.375
S13002737,0,2017.0,19.990000000000002,0.3764,0.29092962,0.0024999999999999467,0.6315,0.347,8.0,3.0,1075.0,3.5321,0.4415,0.0121,1900.0,0.5658,0.375
S13002737,0,2017.0,19.990000000000002,0.3764,0.29092962,0.0024999999999999467,0.6315,0.268,8.0,3.0,1075.0,3.5321,0.4415,0.0121,1900.0,0.5658,0.375
S13002737,0,2017.0,19.990000000000002,0.3764,0.312866817,0.0024999999999999467,0.6322,0.268,8.0,3.0,1075.0,3.5321,0.4415,0.0121,1900.0,0.5658,0.375
S13002737,0,2017.0,19.990000000000002,0.3764,0.312866817,-0.005300000000000027,0.6315,0.347,8.0,3.0,1075.0,3.5321,0.4415,0.0121,1900.0,0.5658,0.375
S13002737,3,2017.0,91.51,0.3764,0.312866817,0.0024999999999999467,0.6322,0.347,8.0,3.0,1075.0,3.5321,0.4415,0.0121,1900.0,0.5658,0.375
S13002737,2,2017.0,58.39,0.3764,0.29092962,-0.005300000000000027,0.6322,0.347,8.0,3.0,1075.0,3.5321,0.4415,0.0121,1900.0,0.5658,0.375
S13002737,2,2017.0,58.39,0.3764,0.29092962,-0.005300000000000027,0.6322,0.268,8.0,3.0,1075.0,3.5321,0.4415,0.0121,1900.0,0.5658,0.375
S13002737,3,2017.0,91.51,0.3764,0.312866817,0.0024999999999999467,0.6315,0.347,8.0,3.0,1075.0,3.5321,0.4415,0.0121,1900.0,0.5658,0.375
S13002737,3,2017.0,91.51,0.3764,0.312866817,0.0024999999999999467,0.6315,0.268,8.0,3.0,1075.0,3.5321,0.4415,0.0121,1900.0,0.5658,0.375
S13002737,3,2017.0,91.51,0.3764,0.312866817,0.0024999999999999467,0.6322,0.268,8.0,3.0,1075.0,3.5321,0.4415,0.0121,1900.0,0.5658,0.375
S13002737,3,2017.0,91.51,0.3764,0.312866817,-0.005300000000000027,0.6315,0.347,8.0,3.0,1075.0,3.5321,0.4415,0.0121,1900.0,0.5658,0.375
S13002737,3,2017.0,91.51,0.3764,0.312866817,-0.005300000000000027,0.6315,0.268,8.0,3.0,1075.0,3.5321,0.4415,0.0121,1900.0,0.5658,0.375
S13002737,3,2017.0,91.51,0.3764,0.312866817,-0.005300000000000027,0.6322,0.347,8.0,3.0,1075.0,3.5321,0.4415,0.0121,1900.0,0.5658,0.375
S13002737,3,2017.0,91.51,0.3764,0.312866817,-0.005300000000000027,0.6322,0.268,8.0,3.0,1075.0,3.5321,0.4415,0.0121,1900.0,0.5658,0.375
S13002737,3,2017.0,91.51,0.3764,0.29092962,0.0024999999999999467,0.6315,0.347,8.0,3.0,1075.0,3.5321,0.4415,0.0121,1900.0,0.5658,0.375
S13002737,0,2017.0,19.990000000000002,0.3764,0.29092962,0.0024999999999999467,0.6322,0.268,8.0,3.0,1075.0,3.5321,0.4415,0.0121,1900.0,0.5658,0.375
S13002737,2,2017.0,58.39,0.3764,0.29092962,-0.005300000000000027,0.6315,0.268,8.0,3.0,1075.0,3.5321,0.4415,0.0121,1900.0,0.5658,0.375
S13002737,0,2017.0,19.990000000000002,0.3764,0.29092962,-0.005300000000000027,0.6315,0.347,8.0,3.0,1075.0,3.5321,0.4415,0.0121,1900.0,0.5658,0.375
S13002737,1,2017.0,11.31,0.3764,0.29092962,-0.005300000000000027,0.6322,0.268,8.0,3.0,1075.0,3.5321,0.4415,0.0121,1900.0,0.5658,0.375
S13002737,0,2017.0,19.990000000000002,0.3764,0.29092962,-0.005300000000000027,0.6322,0.347,8.0,3.0,1075.0,3.5321,0.4415,0.0121,1900.0,0.5658,0.375
S13002737,2,2017.0,58.39,0.3764,0.29092962,0.0024999999999999467,0.6322,0.347,8.0,3.0,1075.0,3.5321,0.4415,0.0121,1900.0,0.5658,0.375
S13002737,2,2017.0,58.39,0.3764,0.29092962,0.0024999999999999467,0.6315,0.268,8.0,3.0,1075.0,3.5321,0.4415,0.0121,1900.0,0.5658,0.375
S13002737,2,2017.0,58.39,0.3764,0.29092962,0.0024999999999999467,0.6315,0.347,8.0,3.0,1075.0,3.5321,0.4415,0.0121,1900.0,0.5658,0.375
S13002737,2,2017.0,58.39,0.3764,0.312866817,-0.005300000000000027,0.6322,0.268,8.0,3.0,1075.0,3.5321,0.4415,0.0121,1900.0,0.5658,0.375
S13002737,2,2017.0,58.39,0.3764,0.312866817,-0.005300000000000027,0.6322,0.347,8.0,3.0,1075.0,3.5321,0.4415,0.0121,1900.0,0.5658,0.375
S13002737,2,2017.0,58.39,0.3764,0.312866817,-0.005300000000000027,0.6315,0.268,8.0,3.0,1075.0,3.5321,0.4415,0.0121,1900.0,0.5658,0.375
S13002737,2,2017.0,58.39,0.3764,0.312866817,-0.005300000000000027,0.6315,0.347,8.0,3.0,1075.0,3.5321,0.4415,0.0121,1900.0,0.5658,0.375
S13002737,2,2017.0,58.39,0.3764,0.312866817,0.0024999999999999467,0.6322,0.268,8.0,3.0,1075.0,3.5321,0.4415,0.0121,1900.0,0.5658,0.375
S13002737,2,2017.0,58.39,0.3764,0.312866817,0.0024999999999999467,0.6322,0.347,8.0,3.0,1075.0,3.5321,0.4415,0.0121,1900.0,0.5658,0.375
S13002737,2,2017.0,58.39,0.3764,0.312866817,0.0024999999999999467,0.6315,0.268,8.0,3.0,1075.0,3.5321,0.4415,0.0121,1900.0,0.5658,0.375
S13002737,2,2017.0,58.39,0.3764,0.312866817,0.0024999999999999467,0.6315,0.347,8.0,3.0,1075.0,3.5321,0.4415,0.0121,1900.0,0.5658,0.375
S13002737,3,2017.0,91.51,0.3764,0.29092962,0.0024999999999999467,0.6315,0.268,8.0,3.0,1075.0,3.5321,0.4415,0.0121,1900.0,0.5658,0.375
S13002737,1,2017.0,11.31,0.3764,0.29092962,-0.005300000000000027,0.6322,0.347,8.0,3.0,1075.0,3.5321,0.4415,0.0121,1900.0,0.5658,0.375
S13002737,0,2017.0,19.990000000000002,0.3764,0.29092962,-0.005300000000000027,0.6315,0.268,8.0,3.0,1075.0,3.5321,0.4415,0.0121,1900.0,0.5658,0.375
S13002737,1,2017.0,11.31,0.3764,0.29092962,-0.005300000000000027,0.6315,0.268,8.0,3.0,1075.0,3.5321,0.4415,0.0121,1900.0,0.5658,0.375
S13002737,1,2017.0,11.31,0.3764,0.29092962,0.0024999999999999467,0.6322,0.268,8.0,3.0,1075.0,3.5321,0.4415,0.0121,1900.0,0.5658,0.375
S13002737,1,2017.0,11.31,0.3764,0.29092962,0.0024999999999999467,0.6322,0.347,8.0,3.0,1075.0,3.5321,0.4415,0.0121,1900.0,0.5658,0.375
S13002737,1,2017.0,11.31,0.3764,0.29092962,0.0024999999999999467,0.6315,0.268,8.0,3.0,1075.0,3.5321,0.4415,0.0121,1900.0,0.5658,0.375
S13002737,1,2017.0,11.31,0.3764,0.29092962,0.0024999999999999467,0.6315,0.347,8.0,3.0,1075.0,3.5321,0.4415,0.0121,1900.0,0.5658,0.375
S13002737,1,2017.0,11.31,0.3764,0.312866817,-0.005300000000000027,0.6322,0.268,8.0,3.0,1075.0,3.5321,0.4415,0.0121,1900.0,0.5658,0.375
S13002737,1,2017.0,11.31,0.3764,0.312866817,-0.005300000000000027,0.6322,0.347,8.0,3.0,1075.0,3.5321,0.4415,0.0121,1900.0,0.5658,0.375
S13002737,1,2017.0,11.31,0.3764,0.312866817,-0.005300000000000027,0.6315,0.268,8.0,3.0,1075.0,3.5321,0.4415,0.0121,1900.0,0.5658,0.375
S13002737,1,2017.0,11.31,0.3764,0.312866817,-0.005300000000000027,0.6315,0.347,8.0,3.0,1075.0,3.5321,0.4415,0.0121,1900.0,0.5658,0.375
S13002737,1,2017.0,11.31,0.3764,0.312866817,0.0024999999999999467,0.6322,0.268,8.0,3.0,1075.0,3.5321,0.4415,0.0121,1900.0,0.5658,0.375
S13002737,1,2017.0,11.31,0.3764,0.312866817,0.0024999999999999467,0.6322,0.347,8.0,3.0,1075.0,3.5321,0.4415,0.0121,1900.0,0.5658,0.375
S13002737,1,2017.0,11.31,0.3764,0.312866817,0.0024999999999999467,0.6315,0.268,8.0,3.0,1075.0,3.5321,0.4415,0.0121,1900.0,0.5658,0.375
S13002737,1,2017.0,11.31,0.3764,0.312866817,0.0024999999999999467,0.6315,0.347,8.0,3.0,1075.0,3.5321,0.4415,0.0121,1900.0,0.5658,0.375
S13002737,0,2017.0,19.990000000000002,0.3764,0.29092962,-0.005300000000000027,0.6322,0.268,8.0,3.0,1075.0,3.5321,0.4415,0.0121,1900.0,0.5658,0.375
S13002737,1,2017.0,11.31,0.3764,0.29092962,-0.005300000000000027,0.6315,0.347,8.0,3.0,1075.0,3.5321,0.4415,0.0121,1900.0,0.5658,0.375
S13002737,3,2017.0,91.51,0.3764,0.29092962,0.0024999999999999467,0.6322,0.347,8.0,3.0,1075.0,3.5321,0.4415,0.0121,1900.0,0.5658,0.375
S13002737,3,2022.0,86.01,0.3764,0.29092962,-0.005300000000000027,0.6315,0.268,8.0,3.0,1075.0,3.5321,0.4415,0.0121,1833.0,0.5865,0.375
S13002737,3,2017.0,91.51,0.3764,0.29092962,-0.005300000000000027,0.6315,0.347,8.0,3.0,1075.0,3.5321,0.4415,0.0121,1900.0,0.5658,0.375
S13002737,1,2022.0,1.83,0.3764,0.312866817,0.0024999999999999467,0.6322,0.268,8.0,3.0,1075.0,3.5321,0.4415,0.0121,1833.0,0.5865,0.375
S13002737,1,2022.0,1.83,0.3764,0.312866817,-0.005300000000000027,0.6315,0.347,8.0,3.0,1075.0,3.5321,0.4415,0.0121,1833.0,0.5865,0.375
S13002737,1,2022.0,1.83,0.3764,0.312866817,-0.005300000000000027,0.6315,0.268,8.0,3.0,1075.0,3.5321,0.4415,0.0121,1833.0,0.5865,0.375
S13002737,1,2022.0,1.83,0.3764,0.312866817,-0.005300000000000027,0.6322,0.347,8.0,3.0,1075.0,3.5321,0.4415,0.0121,1833.0,0.5865,0.375
S13002737,1,2022.0,1.83,0.3764,0.312866817,-0.005300000000000027,0.6322,0.268,8.0,3.0,1075.0,3.5321,0.4415,0.0121,1833.0,0.5865,0.375
S13002737,1,2022.0,1.83,0.3764,0.29092962,0.0024999999999999467,0.6315,0.347,8.0,3.0,1075.0,3.5321,0.4415,0.0121,1833.0,0.5865,0.375
S13002737,1,2022.0,1.83,0.3764,0.29092962,0.0024999999999999467,0.6315,0.268,8.0,3.0,1075.0,3.5321,0.4415,0.0121,1833.0,0.5865,0.375
S13002737,1,2022.0,1.83,0.3764,0.29092962,0.0024999999999999467,0.6322,0.347,8.0,3.0,1075.0,3.5321,0.4415,0.0121,1833.0,0.5865,0.375
S13002737,1,2022.0,1.83,0.3764,0.29092962,0.0024999999999999467,0.6322,0.268,8.0,3.0,1075.0,3.5321,0.4415,0.0121,1833.0,0.5865,0.375
S13002737,1,2022.0,1.83,0.3764,0.29092962,-0.005300000000000027,0.6315,0.347,8.0,3.0,1075.0,3.5321,0.4415,0.0121,1833.0,0.5865,0.375
S13002737,1,2022.0,1.83,0.3764,0.29092962,-0.005300000000000027,0.6315,0.268,8.0,3.0,1075.0,3.5321,0.4415,0.0121,1833.0,0.5865,0.375
S13002737,1,2022.0,1.83,0.3764,0.29092962,-0.005300000000000027,0.6322,0.347,8.0,3.0,1075.0,3.5321,0.4415,0.0121,1833.0,0.5865,0.375
S13002737,1,2022.0,1.83,0.3764,0.29092962,-0.005300000000000027,0.6322,0.268,8.0,3.0,1075.0,3.5321,0.4415,0.0121,1833.0,0.5865,0.375
S13002737,2,2022.0,43.05,0.3764,0.312866817,0.0024999999999999467,0.6315,0.347,8.0,3.0,1075.0,3.5321,0.4415,0.0121,1833.0,0.5865,0.375
S13002737,2,2022.0,43.05,0.3764,0.312866817,0.0024999999999999467,0.6315,0.268,8.0,3.0,1075.0,3.5321,0.4415,0.0121,1833.0,0.5865,0.375
S13002737,1,2022.0,1.83,0.3764,0.312866817,0.0024999999999999467,0.6322,0.347,8.0,3.0,1075.0,3.5321,0.4415,0.0121,1833.0,0.5865,0.375
S13002737,2,2022.0,43.05,0.3764,0.312866817,0.0024999999999999467,0.6322,0.347,8.0,3.0,1075.0,3.5321,0.4415,0.0121,1833.0,0.5865,0.375
S13002737,1,2022.0,1.83,0.3764,0.312866817,0.0024999999999999467,0.6315,0.268,8.0,3.0,1075.0,3.5321,0.4415,0.0121,1833.0,0.5865,0.375
S13002737,0,2022.0,1.83,0.3764,0.29092962,-0.005300000000000027,0.6322,0.268,8.0,3.0,1075.0,3.5321,0.4415,0.0121,1833.0,0.5865,0.375
S13002737,0,2022.0,1.83,0.3764,0.312866817,0.0024999999999999467,0.6315,0.347,8.0,3.0,1075.0,3.5321,0.4415,0.0121,1833.0,0.5865,0.375
S13002737,0,2022.0,1.83,0.3764,0.312866817,0.0024999999999999467,0.6315,0.268,8.0,3.0,1075.0,3.5321,0.4415,0.0121,1833.0,0.5865,0.375
S13002737,0,2022.0,1.83,0.3764,0.312866817,0.0024999999999999467,0.6322,0.347,8.0,3.0,1075.0,3.5321,0.4415,0.0121,1833.0,0.5865,0.375
S13002737,0,2022.0,1.83,0.3764,0.312866817,0.0024999999999999467,0.6322,0.268,8.0,3.0,1075.0,3.5321,0.4415,0.0121,1833.0,0.5865,0.375
S13002737,0,2022.0,1.83,0.3764,0.312866817,-0.005300000000000027,0.6315,0.347,8.0,3.0,1075.0,3.5321,0.4415,0.0121,1833.0,0.5865,0.375
S13002737,0,2022.0,1.83,0.3764,0.312866817,-0.005300000000000027,0.6315,0.268,8.0,3.0,1075.0,3.5321,0.4415,0.0121,1833.0,0.5865,0.375
S13002737,0,2022.0,1.83,0.3764,0.312866817,-0.005300000000000027,0.6322,0.347,8.0,3.0,1075.0,3.5321,0.4415,0.0121,1833.0,0.5865,0.375
S13002737,0,2022.0,1.83,0.3764,0.312866817,-0.005300000000000027,0.6322,0.268,8.0,3.0,1075.0,3.5321,0.4415,0.0121,1833.0,0.5865,0.375
S13002737,0,2022.0,1.83,0.3764,0.29092962,0.0024999999999999467,0.6315,0.347,8.0,3.0,1075.0,3.5321,0.4415,0.0121,1833.0,0.5865,0.375
S13002737,0,2022.0,1.83,0.3764,0.29092962,0.0024999999999999467,0.6315,0.268,8.0,3.0,1075.0,3.5321,0.4415,0.0121,1833.0,0.5865,0.375
S13002737,0,2022.0,1.83,0.3764,0.29092962,0.0024999999999999467,0.6322,0.347,8.0,3.0,1075.0,3.5321,0.4415,0.0121,1833.0,0.5865,0.375
S13002737,0,2022.0,1.83,0.3764,0.29092962,0.0024999999999999467,0.6322,0.268,8.0,3.0,1075.0,3.5321,0.4415,0.0121,1833.0,0.5865,0.375
S13002737,0,2022.0,1.83,0.3764,0.29092962,-0.005300000000000027,0.6315,0.347,8.0,3.0,1075.0,3.5321,0.4415,0.0121,1833.0,0.5865,0.375
S13002737,0,2022.0,1.83,0.3764,0.29092962,-0.005300000000000027,0.6315,0.268,8.0,3.0,1075.0,3.5321,0.4415,0.0121,1833.0,0.5865,0.375
S13002737,0,2022.0,1.83,0.3764,0.29092962,-0.005300000000000027,0.6322,0.347,8.0,3.0,1075.0,3.5321,0.4415,0.0121,1833.0,0.5865,0.375
S13002737,1,2022.0,1.83,0.3764,0.312866817,0.0024999999999999467,0.6315,0.347,8.0,3.0,1075.0,3.5321,0.4415,0.0121,1833.0,0.5865,0.375
S13002737,2,2022.0,43.05,0.3764,0.312866817,0.0024999999999999467,0.6322,0.268,8.0,3.0,1075.0,3.5321,0.4415,0.0121,1833.0,0.5865,0.375
S13002737,2,2022.0,43.05,0.3764,0.312866817,-0.005300000000000027,0.6315,0.347,8.0,3.0,1075.0,3.5321,0.4415,0.0121,1833.0,0.5865,0.375
S13002737,2,2022.0,43.05,0.3764,0.312866817,-0.005300000000000027,0.6315,0.268,8.0,3.0,1075.0,3.5321,0.4415,0.0121,1833.0,0.5865,0.375
S13002737,3,2017.0,91.51,0.3764,0.29092962,-0.005300000000000027,0.6315,0.268,8.0,3.0,1075.0,3.5321,0.4415,0.0121,1900.0,0.5658,0.375
S13002737,3,2017.0,91.51,0.3764,0.29092962,-0.005300000000000027,0.6322,0.347,8.0,3.0,1075.0,3.5321,0.4415,0.0121,1900.0,0.5658,0.375
S13002737,3,2017.0,91.51,0.3764,0.29092962,-0.005300000000000027,0.6322,0.268,8.0,3.0,1075.0,3.5321,0.4415,0.0121,1900.0,0.5658,0.375
S13002737,3,2022.0,86.01,0.3764,0.29092962,-0.005300000000000027,0.6322,0.268,8.0,3.0,1075.0,3.5321,0.4415,0.0121,1833.0,0.5865,0.375
S13002737,3,2022.0,86.01,0.3764,0.29092962,-0.005300000000000027,0.6322,0.347,8.0,3.0,1075.0,3.5321,0.4415,0.0121,1833.0,0.5865,0.375
S13002737,2,2017.0,58.39,0.3764,0.29092962,0.0024999999999999467,0.6322,0.268,8.0,3.0,1075.0,3.5321,0.4415,0.0121,1900.0,0.5658,0.375
S13002737,3,2022.0,86.01,0.3764,0.29092962,-0.005300000000000027,0.6315,0.347,8.0,3.0,1075.0,3.5321,0.4415,0.0121,1833.0,0.5865,0.375
S13002737,3,2022.0,86.01,0.3764,0.29092962,0.0024999999999999467,0.6322,0.268,8.0,3.0,1075.0,3.5321,0.4415,0.0121,1833.0,0.5865,0.375
S13002737,3,2022.0,86.01,0.3764,0.29092962,0.0024999999999999467,0.6322,0.347,8.0,3.0,1075.0,3.5321,0.4415,0.0121,1833.0,0.5865,0.375
S13002737,3,2022.0,86.01,0.3764,0.29092962,0.0024999999999999467,0.6315,0.268,8.0,3.0,1075.0,3.5321,0.4415,0.0121,1833.0,0.5865,0.375
S13002737,3,2022.0,86.01,0.3764,0.29092962,0.0024999999999999467,0.6315,0.347,8.0,3.0,1075.0,3.5321,0.4415,0.0121,1833.0,0.5865,0.375
S13002737,3,2017.0,91.51,0.3764,0.29092962,0.0024999999999999467,0.6322,0.268,8.0,3.0,1075.0,3.5321,0.4415,0.0121,1900.0,0.5658,0.375
S13002737,3,2022.0,86.01,0.3764,0.312866817,-0.005300000000000027,0.6322,0.347,8.0,3.0,1075.0,3.5321,0.4415,0.0121,1833.0,0.5865,0.375
S13002737,3,2022.0,86.01,0.3764,0.312866817,-0.005300000000000027,0.6315,0.268,8.0,3.0,1075.0,3.5321,0.4415,0.0121,1833.0,0.5865,0.375
S13002737,3,2022.0,86.01,0.3764,0.312866817,-0.005300000000000027,0.6322,0.268,8.0,3.0,1075.0,3.5321,0.4415,0.0121,1833.0,0.5865,0.375
S13002737,3,2022.0,86.01,0.3764,0.312866817,0.0024999999999999467,0.6322,0.268,8.0,3.0,1075.0,3.5321,0.4415,0.0121,1833.0,0.5865,0.375
S13002737,2,2022.0,43.05,0.3764,0.312866817,-0.005300000000000027,0.6322,0.347,8.0,3.0,1075.0,3.5321,0.4415,0.0121,1833.0,0.5865,0.375
S13002737,2,2022.0,43.05,0.3764,0.312866817,-0.005300000000000027,0.6322,0.268,8.0,3.0,1075.0,3.5321,0.4415,0.0121,1833.0,0.5865,0.375
S13002737,2,2022.0,43.05,0.3764,0.29092962,0.0024999999999999467,0.6315,0.347,8.0,3.0,1075.0,3.5321,0.4415,0.0121,1833.0,0.5865,0.375
S13002737,3,2022.0,86.01,0.3764,0.312866817,-0.005300000000000027,0.6315,0.347,8.0,3.0,1075.0,3.5321,0.4415,0.0121,1833.0,0.5865,0.375
S13002737,2,2022.0,43.05,0.3764,0.29092962,0.0024999999999999467,0.6322,0.347,8.0,3.0,1075.0,3.5321,0.4415,0.0121,1833.0,0.5865,0.375
S13002737,2,2022.0,43.05,0.3764,0.29092962,0.0024999999999999467,0.6322,0.268,8.0,3.0,1075.0,3.5321,0.4415,0.0121,1833.0,0.5865,0.375
S13002737,2,2022.0,43.05,0.3764,0.29092962,0.0024999999999999467,0.6315,0.268,8.0,3.0,1075.0,3.5321,0.4415,0.0121,1833.0,0.5865,0.375
S13002737,2,2022.0,43.05,0.3764,0.29092962,-0.005300000000000027,0.6315,0.268,8.0,3.0,1075.0,3.5321,0.4415,0.0121,1833.0,0.5865,0.375
S13002737,2,2022.0,43.05,0.3764,0.29092962,-0.005300000000000027,0.6322,0.347,8.0,3.0,1075.0,3.5321,0.4415,0.0121,1833.0,0.5865,0.375
S13002737,2,2022.0,43.05,0.3764,0.29092962,-0.005300000000000027,0.6322,0.268,8.0,3.0,1075.0,3.5321,0.4415,0.0121,1833.0,0.5865,0.375
S13002737,3,2022.0,86.01,0.3764,0.312866817,0.0024999999999999467,0.6315,0.347,8.0,3.0,1075.0,3.5321,0.4415,0.0121,1833.0,0.5865,0.375
S13002737,3,2022.0,86.01,0.3764,0.312866817,0.0024999999999999467,0.6315,0.268,8.0,3.0,1075.0,3.5321,0.4415,0.0121,1833.0,0.5865,0.375
S13002737,3,2022.0,86.01,0.3764,0.312866817,0.0024999999999999467,0.6322,0.347,8.0,3.0,1075.0,3.5321,0.4415,0.0121,1833.0,0.5865,0.375
S13002737,2,2022.0,43.05,0.3764,0.29092962,-0.005300000000000027,0.6315,0.347,8.0,3.0,1075.0,3.5321,0.4415,0.0121,1833.0,0.5865,0.375
S13002737,2,2017.0,58.39,0.3764,0.29092962,-0.005300000000000027,0.6315,0.347,8.0,3.0,1075.0,3.5321,0.4415,0.0121,1900.0,0.5658,0.375
S13002761,2,2017.0,25.16,0.3489,0.25031229,0.01859999999999995,0.6083,0.451,8.0,3.0,4610.0,3.2345,0.4043,0.0132,8608.0,0.5355,0.375
S13002761,2,2017.0,25.16,0.3489,0.25031229,0.01859999999999995,0.6083,0.451,6.0,3.0,4829.0,3.0955,0.5159,0.0132,8608.0,0.561,0.5
S13002761,1,2017.0,5.0,0.3489,0.25031229,0.01859999999999995,0.6083,0.451,8.0,3.0,4610.0,3.2345,0.4043,0.0132,8608.0,0.5355,0.375
S13002761,1,2017.0,5.0,0.3489,0.25031229,0.01859999999999995,0.6083,0.451,6.0,3.0,4829.0,3.0955,0.5159,0.0132,8608.0,0.561,0.5
S13002761,0,2017.0,7.3,0.3489,0.25031229,0.01859999999999995,0.6083,0.451,8.0,3.0,4610.0,3.2345,0.4043,0.0132,8608.0,0.5355,0.375
S13002761,0,2017.0,7.3,0.3489,0.25031229,0.01859999999999995,0.6083,0.451,6.0,3.0,4829.0,3.0955,0.5159,0.0132,8608.0,0.561,0.5
S13002761,3,2017.0,40.41,0.3489,0.25031229,0.01859999999999995,0.6083,0.451,8.0,3.0,4610.0,3.2345,0.4043,0.0132,8608.0,0.5355,0.375
S13002761,3,2017.0,40.41,0.3489,0.25031229,0.01859999999999995,0.6083,0.451,6.0,3.0,4829.0,3.0955,0.5159,0.0132,8608.0,0.561,0.5
S13002761,0,2022.0,2.64,0.3489,0.25031229,0.01859999999999995,0.6083,0.451,6.0,3.0,4829.0,3.0955,0.5159,0.0132,8438.0,0.5723,0.5
S13002761,0,2022.0,2.64,0.3489,0.25031229,0.01859999999999995,0.6083,0.451,8.0,3.0,4610.0,3.2345,0.4043,0.0132,8438.0,0.5463,0.375
S13002761,1,2022.0,2.64,0.3489,0.25031229,0.01859999999999995,0.6083,0.451,6.0,3.0,4829.0,3.0955,0.5159,0.0132,8438.0,0.5723,0.5
S13002761,1,2022.0,2.64,0.3489,0.25031229,0.01859999999999995,0.6083,0.451,8.0,3.0,4610.0,3.2345,0.4043,0.0132,8438.0,0.5463,0.375
S13002761,2,2022.0,49.0,0.3489,0.25031229,0.01859999999999995,0.6083,0.451,6.0,3.0,4829.0,3.0955,0.5159,0.0132,8438.0,0.5723,0.5
S13002761,2,2022.0,49.0,0.3489,0.25031229,0.01859999999999995,0.6083,0.451,8.0,3.0,4610.0,3.2345,0.4043,0.0132,8438.0,0.5463,0.375
S13002761,3,2022.0,82.32,0.3489,0.25031229,0.01859999999999995,0.6083,0.451,6.0,3.0,4829.0,3.0955,0.5159,0.0132,8438.0,0.5723,0.5
S13002761,3,2022.0,82.32,0.3489,0.25031229,0.01859999999999995,0.6083,0.451,8.0,3.0,4610.0,3.2345,0.4043,0.0132,8438.0,0.5463,0.375
S13002762,0,2022.0,5.48,0.3324,0.245658929,0.016100000000000003,0.6245,0.4149,7.0,3.0,4895.0,3.1479,0.4497,0.0134,9036.0,0.5417,0.4286
S13002762,0,2022.0,5.48,0.3324,0.245658929,0.016100000000000003,0.6245,0.4149,5.0,3.0,4792.0,2.7235,0.5447,0.0134,9036.0,0.5303,0.6
S13002762,1,2022.0,5.48,0.3324,0.245658929,0.016100000000000003,0.6245,0.4149,7.0,3.0,4895.0,3.1479,0.4497,0.0134,9036.0,0.5417,0.4286
S13002762,0,2017.0,14.440000000000001,0.3324,0.245658929,0.016100000000000003,0.6245,0.4149,5.0,3.0,4792.0,2.7235,0.5447,0.0134,8832.0,0.5426,0.6
S13002762,2,2022.0,30.34,0.3324,0.245658929,0.016100000000000003,0.6245,0.4149,7.0,3.0,4895.0,3.1479,0.4497,0.0134,9036.0,0.5417,0.4286
S13002762,2,2022.0,30.34,0.3324,0.245658929,0.016100000000000003,0.6245,0.4149,5.0,3.0,4792.0,2.7235,0.5447,0.0134,9036.0,0.5303,0.6
S13002762,3,2022.0,50.58,0.3324,0.245658929,0.016100000000000003,0.6245,0.4149,7.0,3.0,4895.0,3.1479,0.4497,0.0134,9036.0,0.5417,0.4286
S13002762,3,2022.0,50.58,0.3324,0.245658929,0.016100000000000003,0.6245,0.4149,5.0,3.0,4792.0,2.7235,0.5447,0.0134,9036.0,0.5303,0.6
S13002762,3,2017.0,88.12,0.3324,0.245658929,0.016100000000000003,0.6245,0.4149,5.0,3.0,4792.0,2.7235,0.5447,0.0134,8832.0,0.5426,0.6
S13002762,3,2017.0,88.12,0.3324,0.245658929,0.016100000000000003,0.6245,0.4149,7.0,3.0,4895.0,3.1479,0.4497,0.0134,8832.0,0.5542,0.4286
S13002762,2,2017.0,57.68,0.3324,0.245658929,0.016100000000000003,0.6245,0.4149,5.0,3.0,4792.0,2.7235,0.5447,0.0134,8832.0,0.5426,0.6
S13002762,2,2017.0,57.68,0.3324,0.245658929,0.016100000000000003,0.6245,0.4149,7.0,3.0,4895.0,3.1479,0.4497,0.0134,8832.0,0.5542,0.4286
S13002762,1,2017.0,6.19,0.3324,0.245658929,0.016100000000000003,0.6245,0.4149,5.0,3.0,4792.0,2.7235,0.5447,0.0134,8832.0,0.5426,0.6
S13002762,1,2017.0,6.19,0.3324,0.245658929,0.016100000000000003,0.6245,0.4149,7.0,3.0,4895.0,3.1479,0.4497,0.0134,8832.0,0.5542,0.4286
S13002762,0,2017.0,14.440000000000001,0.3324,0.245658929,0.016100000000000003,0.6245,0.4149,7.0,3.0,4895.0,3.1479,0.4497,0.0134,8832.0,0.5542,0.4286
S13002762,1,2022.0,5.48,0.3324,0.245658929,0.016100000000000003,0.6245,0.4149,5.0,3.0,4792.0,2.7235,0.5447,0.0134,9036.0,0.5303,0.6
S13002763,0,2017.0,18.17,0.3144,0.209637454,0.009199999999999986,0.4793,0.29,9.0,4.0,4557.0,3.3164,0.3685,0.0231,12466.0,0.3656,0.4444
S13002763,0,2022.0,16.52,0.3144,0.209637454,0.009199999999999986,0.4793,0.29,9.0,4.0,4557.0,3.3164,0.3685,0.0231,11578.0,0.3936,0.4444
S13002763,3,2022.0,83.74,0.3144,0.209637454,0.009199999999999986,0.4793,0.29,8.0,4.0,4533.0,3.4655,0.4332,0.0231,11578.0,0.3915,0.5
S13002763,3,2022.0,83.74,0.3144,0.209637454,0.009199999999999986,0.4793,0.29,9.0,4.0,4557.0,3.3164,0.3685,0.0231,11578.0,0.3936,0.4444
S13002763,2,2022.0,62.37,0.3144,0.209637454,0.009199999999999986,0.4793,0.29,8.0,4.0,4533.0,3.4655,0.4332,0.0231,11578.0,0.3915,0.5
S13002763,2,2022.0,62.37,0.3144,0.209637454,0.009199999999999986,0.4793,0.29,9.0,4.0,4557.0,3.3164,0.3685,0.0231,11578.0,0.3936,0.4444
S13002763,1,2022.0,7.89,0.3144,0.209637454,0.009199999999999986,0.4793,0.29,8.0,4.0,4533.0,3.4655,0.4332,0.0231,11578.0,0.3915,0.5
S13002763,1,2022.0,7.89,0.3144,0.209637454,0.009199999999999986,0.4793,0.29,9.0,4.0,4557.0,3.3164,0.3685,0.0231,11578.0,0.3936,0.4444
S13002763,0,2022.0,16.52,0.3144,0.209637454,0.009199999999999986,0.4793,0.29,8.0,4.0,4533.0,3.4655,0.4332,0.0231,11578.0,0.3915,0.5
S13002763,0,2017.0,18.17,0.3144,0.209637454,0.009199999999999986,0.4793,0.29,8.0,4.0,4533.0,3.4655,0.4332,0.0231,12466.0,0.3636,0.5
S13002763,1,2017.0,8.96,0.3144,0.209637454,0.009199999999999986,0.4793,0.29,8.0,4.0,4533.0,3.4655,0.4332,0.0231,12466.0,0.3636,0.5
S13002763,1,2017.0,8.96,0.3144,0.209637454,0.009199999999999986,0.4793,0.29,9.0,4.0,4557.0,3.3164,0.3685,0.0231,12466.0,0.3656,0.4444
S13002763,2,2017.0,60.4,0.3144,0.209637454,0.009199999999999986,0.4793,0.29,9.0,4.0,4557.0,3.3164,0.3685,0.0231,12466.0,0.3656,0.4444
S13002763,2,2017.0,60.4,0.3144,0.209637454,0.009199999999999986,0.4793,0.29,8.0,4.0,4533.0,3.4655,0.4332,0.0231,12466.0,0.3636,0.5
S13002763,3,2017.0,91.15,0.3144,0.209637454,0.009199999999999986,0.4793,0.29,9.0,4.0,4557.0,3.3164,0.3685,0.0231,12466.0,0.3656,0.4444
S13002763,3,2017.0,91.15,0.3144,0.209637454,0.009199999999999986,0.4793,0.29,8.0,4.0,4533.0,3.4655,0.4332,0.0231,12466.0,0.3636,0.5
S13002764,1,2022.0,4.39,0.3513,0.278174765,0.019100000000000006,0.5797,0.3079,9.0,3.0,4007.0,3.3679,0.3742,0.0158,7962.0,0.5033,0.3333
S13002764,3,2022.0,83.78,0.3513,0.278174765,0.019100000000000006,0.5797,0.3079,9.0,3.0,4007.0,3.3679,0.3742,0.0158,7962.0,0.5033,0.3333
S13002764,2,2022.0,61.69,0.3513,0.278174765,0.019100000000000006,0.5797,0.3079,6.0,3.0,4007.0,2.8308,0.4718,0.0158,7962.0,0.5033,0.5
S13002764,1,2022.0,4.39,0.3513,0.278174765,0.019100000000000006,0.5797,0.3079,6.0,3.0,4007.0,2.8308,0.4718,0.0158,7962.0,0.5033,0.5
S13002764,0,2022.0,5.529999999999999,0.3513,0.278174765,0.019100000000000006,0.5797,0.3079,9.0,3.0,4007.0,3.3679,0.3742,0.0158,7962.0,0.5033,0.3333
S13002764,0,2022.0,5.529999999999999,0.3513,0.278174765,0.019100000000000006,0.5797,0.3079,6.0,3.0,4007.0,2.8308,0.4718,0.0158,7962.0,0.5033,0.5
S13002764,3,2022.0,83.78,0.3513,0.278174765,0.019100000000000006,0.5797,0.3079,6.0,3.0,4007.0,2.8308,0.4718,0.0158,7962.0,0.5033,0.5
S13002764,3,2017.0,81.63,0.3513,0.278174765,0.019100000000000006,0.5797,0.3079,9.0,3.0,4007.0,3.3679,0.3742,0.0158,8159.0,0.4911,0.3333
S13002764,2,2022.0,61.69,0.3513,0.278174765,0.019100000000000006,0.5797,0.3079,9.0,3.0,4007.0,3.3679,0.3742,0.0158,7962.0,0.5033,0.3333
S13002764,0,2017.0,22.950000000000003,0.3513,0.278174765,0.019100000000000006,0.5797,0.3079,9.0,3.0,4007.0,3.3679,0.3742,0.0158,8159.0,0.4911,0.3333
S13002764,1,2017.0,9.81,0.3513,0.278174765,0.019100000000000006,0.5797,0.3079,9.0,3.0,4007.0,3.3679,0.3742,0.0158,8159.0,0.4911,0.3333
S13002764,2,2017.0,49.14,0.3513,0.278174765,0.019100000000000006,0.5797,0.3079,6.0,3.0,4007.0,2.8308,0.4718,0.0158,8159.0,0.4911,0.5
S13002764,2,2017.0,49.14,0.3513,0.278174765,0.019100000000000006,0.5797,0.3079,9.0,3.0,4007.0,3.3679,0.3742,0.0158,8159.0,0.4911,0.3333
S13002764,1,2017.0,9.81,0.3513,0.278174765,0.019100000000000006,0.5797,0.3079,6.0,3.0,4007.0,2.8308,0.4718,0.0158,8159.0,0.4911,0.5
S13002764,3,2017.0,81.63,0.3513,0.278174765,0.019100000000000006,0.5797,0.3079,6.0,3.0,4007.0,2.8308,0.4718,0.0158,8159.0,0.4911,0.5
S13002764,0,2017.0,22.950000000000003,0.3513,0.278174765,0.019100000000000006,0.5797,0.3079,6.0,3.0,4007.0,2.8308,0.4718,0.0158,8159.0,0.4911,0.5
S13002765,3,2017.0,91.22,0.3771,0.25485032,0.012700000000000045,0.6171,0.3945,7.0,1.0,3455.0,2.8495,0.4071,0.0128,8756.0,0.3946,0.1429
S13002765,1,2017.0,10.77,0.3771,0.25485032,0.012700000000000045,0.6171,0.3945,7.0,1.0,3455.0,2.8495,0.4071,0.0128,8756.0,0.3946,0.1429
S13002765,0,2017.0,25.73,0.3771,0.25485032,0.012700000000000045,0.6171,0.3945,7.0,1.0,3455.0,2.8495,0.4071,0.0128,8756.0,0.3946,0.1429
S13002765,2,2017.0,63.53,0.3771,0.25485032,0.012700000000000045,0.6171,0.3945,7.0,3.0,4555.0,3.1431,0.449,0.0128,8756.0,0.5202,0.4286
S13002765,0,2022.0,5.12,0.3771,0.25485032,0.012700000000000045,0.6171,0.3945,7.0,3.0,4555.0,3.1431,0.449,0.0128,9030.0,0.5044,0.4286
S13002765,3,2022.0,83.1,0.3771,0.25485032,0.012700000000000045,0.6171,0.3945,7.0,3.0,4555.0,3.1431,0.449,0.0128,9030.0,0.5044,0.4286
S13002765,3,2022.0,83.1,0.3771,0.25485032,0.012700000000000045,0.6171,0.3945,7.0,1.0,3455.0,2.8495,0.4071,0.0128,9030.0,0.3826,0.1429
S13002765,2,2017.0,63.53,0.3771,0.25485032,0.012700000000000045,0.6171,0.3945,7.0,1.0,3455.0,2.8495,0.4071,0.0128,8756.0,0.3946,0.1429
S13002765,1,2022.0,2.94,0.3771,0.25485032,0.012700000000000045,0.6171,0.3945,7.0,1.0,3455.0,2.8495,0.4071,0.0128,9030.0,0.3826,0.1429
S13002765,1,2022.0,2.94,0.3771,0.25485032,0.012700000000000045,0.6171,0.3945,7.0,3.0,4555.0,3.1431,0.449,0.0128,9030.0,0.5044,0.4286
S13002765,2,2022.0,58.650000000000006,0.3771,0.25485032,0.012700000000000045,0.6171,0.3945,7.0,1.0,3455.0,2.8495,0.4071,0.0128,9030.0,0.3826,0.1429
S13002765,2,2022.0,58.650000000000006,0.3771,0.25485032,0.012700000000000045,0.6171,0.3945,7.0,3.0,4555.0,3.1431,0.449,0.0128,9030.0,0.5044,0.4286
S13002765,0,2022.0,5.12,0.3771,0.25485032,0.012700000000000045,0.6171,0.3945,7.0,1.0,3455.0,2.8495,0.4071,0.0128,9030.0,0.3826,0.1429
S13002765,3,2017.0,91.22,0.3771,0.25485032,0.012700000000000045,0.6171,0.3945,7.0,3.0,4555.0,3.1431,0.449,0.0128,8756.0,0.5202,0.4286
S13002765,1,2017.0,10.77,0.3771,0.25485032,0.012700000000000045,0.6171,0.3945,7.0,3.0,4555.0,3.1431,0.449,0.0128,8756.0,0.5202,0.4286
S13002765,0,2017.0,25.73,0.3771,0.25485032,0.012700000000000045,0.6171,0.3945,7.0,3.0,4555.0,3.1431,0.449,0.0128,8756.0,0.5202,0.4286
S13002766,3,2022.0,84.3,0.3962,0.277689056,0.007199999999999984,0.6061,0.3071,6.0,3.0,4541.0,2.858,0.4763,0.0142,8760.0,0.5184,0.5
S13002766,2,2022.0,54.86,0.3962,0.277689056,0.007199999999999984,0.6061,0.3071,7.0,3.0,4178.0,2.9347,0.4192,0.0142,8760.0,0.4769,0.4286
S13002766,0,2022.0,22.15,0.3962,0.277689056,0.007199999999999984,0.6061,0.3071,6.0,3.0,4541.0,2.858,0.4763,0.0142,8760.0,0.5184,0.5
S13002766,1,2022.0,7.57,0.3962,0.277689056,0.007199999999999984,0.6061,0.3071,7.0,3.0,4178.0,2.9347,0.4192,0.0142,8760.0,0.4769,0.4286
S13002766,1,2022.0,7.57,0.3962,0.277689056,0.007199999999999984,0.6061,0.3071,6.0,3.0,4541.0,2.858,0.4763,0.0142,8760.0,0.5184,0.5
S13002766,0,2022.0,22.15,0.3962,0.277689056,0.007199999999999984,0.6061,0.3071,7.0,3.0,4178.0,2.9347,0.4192,0.0142,8760.0,0.4769,0.4286
S13002766,2,2022.0,54.86,0.3962,0.277689056,0.007199999999999984,0.6061,0.3071,6.0,3.0,4541.0,2.858,0.4763,0.0142,8760.0,0.5184,0.5
S13002766,3,2022.0,84.3,0.3962,0.277689056,0.007199999999999984,0.6061,0.3071,7.0,3.0,4178.0,2.9347,0.4192,0.0142,8760.0,0.4769,0.4286
S13002766,0,2017.0,18.34,0.3962,0.277689056,0.007199999999999984,0.6061,0.3071,6.0,3.0,4541.0,2.858,0.4763,0.0142,8765.0,0.5181,0.5
S13002766,1,2017.0,5.91,0.3962,0.277689056,0.007199999999999984,0.6061,0.3071,6.0,3.0,4541.0,2.858,0.4763,0.0142,8765.0,0.5181,0.5
S13002766,1,2017.0,5.91,0.3962,0.277689056,0.007199999999999984,0.6061,0.3071,7.0,3.0,4178.0,2.9347,0.4192,0.0142,8765.0,0.4767,0.4286
S13002766,2,2017.0,59.2,0.3962,0.277689056,0.007199999999999984,0.6061,0.3071,6.0,3.0,4541.0,2.858,0.4763,0.0142,8765.0,0.5181,0.5
S13002766,2,2017.0,59.2,0.3962,0.277689056,0.007199999999999984,0.6061,0.3071,7.0,3.0,4178.0,2.9347,0.4192,0.0142,8765.0,0.4767,0.4286
S13002766,0,2017.0,18.34,0.3962,0.277689056,0.007199999999999984,0.6061,0.3071,7.0,3.0,4178.0,2.9347,0.4192,0.0142,8765.0,0.4767,0.4286
S13002766,3,2017.0,74.7,0.3962,0.277689056,0.007199999999999984,0.6061,0.3071,7.0,3.0,4178.0,2.9347,0.4192,0.0142,8765.0,0.4767,0.4286
S13002766,3,2017.0,74.7,0.3962,0.277689056,0.007199999999999984,0.6061,0.3071,6.0,3.0,4541.0,2.858,0.4763,0.0142,8765.0,0.5181,0.5
S13002767,0,2022.0,23.47,0.3693,0.271065811,0.013599999999999945,0.6132,0.3051,8.0,3.0,4238.0,3.1432,0.3929,0.0137,8954.0,0.4733,0.375
S13002767,0,2022.0,23.47,0.3693,0.271065811,0.013599999999999945,0.6132,0.3051,7.0,3.0,4232.0,3.0607,0.4372,0.0137,8954.0,0.4726,0.4286
S13002767,3,2022.0,82.8,0.3693,0.271065811,0.013599999999999945,0.6132,0.3051,7.0,3.0,4232.0,3.0607,0.4372,0.0137,8954.0,0.4726,0.4286
S13002767,3,2022.0,82.8,0.3693,0.271065811,0.013599999999999945,0.6132,0.3051,8.0,3.0,4238.0,3.1432,0.3929,0.0137,8954.0,0.4733,0.375
S13002767,2,2022.0,52.55,0.3693,0.271065811,0.013599999999999945,0.6132,0.3051,7.0,3.0,4232.0,3.0607,0.4372,0.0137,8954.0,0.4726,0.4286
S13002767,3,2017.0,72.28,0.3693,0.271065811,0.013599999999999945,0.6132,0.3051,7.0,3.0,4232.0,3.0607,0.4372,0.0137,8803.0,0.4807,0.4286
S13002767,1,2022.0,10.540000000000001,0.3693,0.271065811,0.013599999999999945,0.6132,0.3051,7.0,3.0,4232.0,3.0607,0.4372,0.0137,8954.0,0.4726,0.4286
S13002767,2,2017.0,58.69,0.3693,0.271065811,0.013599999999999945,0.6132,0.3051,8.0,3.0,4238.0,3.1432,0.3929,0.0137,8803.0,0.4814,0.375
S13002767,2,2017.0,58.69,0.3693,0.271065811,0.013599999999999945,0.6132,0.3051,7.0,3.0,4232.0,3.0607,0.4372,0.0137,8803.0,0.4807,0.4286
S13002767,2,2022.0,52.55,0.3693,0.271065811,0.013599999999999945,0.6132,0.3051,8.0,3.0,4238.0,3.1432,0.3929,0.0137,8954.0,0.4733,0.375
S13002767,1,2017.0,7.0600000000000005,0.3693,0.271065811,0.013599999999999945,0.6132,0.3051,7.0,3.0,4232.0,3.0607,0.4372,0.0137,8803.0,0.4807,0.4286
S13002767,1,2017.0,7.0600000000000005,0.3693,0.271065811,0.013599999999999945,0.6132,0.3051,8.0,3.0,4238.0,3.1432,0.3929,0.0137,8803.0,0.4814,0.375
S13002767,0,2017.0,21.53,0.3693,0.271065811,0.013599999999999945,0.6132,0.3051,7.0,3.0,4232.0,3.0607,0.4372,0.0137,8803.0,0.4807,0.4286
S13002767,0,2017.0,21.53,0.3693,0.271065811,0.013599999999999945,0.6132,0.3051,8.0,3.0,4238.0,3.1432,0.3929,0.0137,8803.0,0.4814,0.375
S13002767,3,2017.0,72.28,0.3693,0.271065811,0.013599999999999945,0.6132,0.3051,8.0,3.0,4238.0,3.1432,0.3929,0.0137,8803.0,0.4814,0.375
S13002767,1,2022.0,10.540000000000001,0.3693,0.271065811,0.013599999999999945,0.6132,0.3051,8.0,3.0,4238.0,3.1432,0.3929,0.0137,8954.0,0.4733,0.375
S13002768,0,2017.0,18.3,0.4358,0.31786134,0.02310000000000001,0.6165,0.2853,8.0,3.0,3968.0,3.0963,0.387,0.0113,8791.0,0.4514,0.375
S13002768,0,2017.0,18.3,0.4358,0.31786134,0.02310000000000001,0.6165,0.2853,8.0,3.0,4326.0,3.212,0.4015,0.0113,8791.0,0.4921,0.375
S13002768,1,2017.0,8.24,0.4358,0.31786134,0.02310000000000001,0.6165,0.2853,8.0,3.0,3968.0,3.0963,0.387,0.0113,8791.0,0.4514,0.375
S13002768,3,2017.0,72.68,0.4358,0.31786134,0.02310000000000001,0.6165,0.2853,8.0,3.0,4326.0,3.212,0.4015,0.0113,8791.0,0.4921,0.375
S13002768,1,2017.0,8.24,0.4358,0.31786134,0.02310000000000001,0.6165,0.2853,8.0,3.0,4326.0,3.212,0.4015,0.0113,8791.0,0.4921,0.375
S13002768,2,2017.0,53.05,0.4358,0.31786134,0.02310000000000001,0.6165,0.2853,8.0,3.0,4326.0,3.212,0.4015,0.0113,8791.0,0.4921,0.375
S13002768,0,2022.0,21.59,0.4358,0.31786134,0.02310000000000001,0.6165,0.2853,8.0,3.0,4326.0,3.212,0.4015,0.0113,8426.0,0.5134,0.375
S13002768,0,2022.0,21.59,0.4358,0.31786134,0.02310000000000001,0.6165,0.2853,8.0,3.0,3968.0,3.0963,0.387,0.0113,8426.0,0.4709,0.375
S13002768,2,2017.0,53.05,0.4358,0.31786134,0.02310000000000001,0.6165,0.2853,8.0,3.0,3968.0,3.0963,0.387,0.0113,8791.0,0.4514,0.375
S13002768,2,2022.0,59.68,0.4358,0.31786134,0.02310000000000001,0.6165,0.2853,8.0,3.0,3968.0,3.0963,0.387,0.0113,8426.0,0.4709,0.375
S13002768,2,2022.0,59.68,0.4358,0.31786134,0.02310000000000001,0.6165,0.2853,8.0,3.0,4326.0,3.212,0.4015,0.0113,8426.0,0.5134,0.375
S13002768,3,2022.0,89.55,0.4358,0.31786134,0.02310000000000001,0.6165,0.2853,8.0,3.0,3968.0,3.0963,0.387,0.0113,8426.0,0.4709,0.375
S13002768,3,2022.0,89.55,0.4358,0.31786134,0.02310000000000001,0.6165,0.2853,8.0,3.0,4326.0,3.212,0.4015,0.0113,8426.0,0.5134,0.375
S13002768,1,2022.0,6.32,0.4358,0.31786134,0.02310000000000001,0.6165,0.2853,8.0,3.0,3968.0,3.0963,0.387,0.0113,8426.0,0.4709,0.375
S13002768,1,2022.0,6.32,0.4358,0.31786134,0.02310000000000001,0.6165,0.2853,8.0,3.0,4326.0,3.212,0.4015,0.0113,8426.0,0.5134,0.375
S13002768,3,2017.0,72.68,0.4358,0.31786134,0.02310000000000001,0.6165,0.2853,8.0,3.0,3968.0,3.0963,0.387,0.0113,8791.0,0.4514,0.375
S13002769,2,2017.0,55.28,0.4021,0.277907364,0.015800000000000036,0.6115,0.307,7.0,3.0,3835.0,3.0078,0.4297,0.0142,7741.0,0.4954,0.4286
S13002769,1,2017.0,6.2,0.4021,0.277907364,0.015800000000000036,0.6115,0.307,7.0,3.0,3507.0,2.9079,0.4154,0.0142,7741.0,0.453,0.4286
S13002769,0,2017.0,19.99,0.4021,0.277907364,0.015800000000000036,0.6115,0.307,7.0,3.0,3507.0,2.9079,0.4154,0.0142,7741.0,0.453,0.4286
S13002769,0,2017.0,19.99,0.4021,0.277907364,0.015800000000000036,0.6115,0.307,7.0,3.0,3835.0,3.0078,0.4297,0.0142,7741.0,0.4954,0.4286
S13002769,1,2022.0,4.72,0.4021,0.277907364,0.015800000000000036,0.6115,0.307,7.0,3.0,3835.0,3.0078,0.4297,0.0142,7108.0,0.5395,0.4286
S13002769,2,2022.0,54.120000000000005,0.4021,0.277907364,0.015800000000000036,0.6115,0.307,7.0,3.0,3507.0,2.9079,0.4154,0.0142,7108.0,0.4934,0.4286
S13002769,2,2017.0,55.28,0.4021,0.277907364,0.015800000000000036,0.6115,0.307,7.0,3.0,3507.0,2.9079,0.4154,0.0142,7741.0,0.453,0.4286
S13002769,0,2022.0,19.29,0.4021,0.277907364,0.015800000000000036,0.6115,0.307,7.0,3.0,3835.0,3.0078,0.4297,0.0142,7108.0,0.5395,0.4286
S13002769,0,2022.0,19.29,0.4021,0.277907364,0.015800000000000036,0.6115,0.307,7.0,3.0,3507.0,2.9079,0.4154,0.0142,7108.0,0.4934,0.4286
S13002769,3,2017.0,75.23,0.4021,0.277907364,0.015800000000000036,0.6115,0.307,7.0,3.0,3835.0,3.0078,0.4297,0.0142,7741.0,0.4954,0.4286
S13002769,3,2017.0,75.23,0.4021,0.277907364,0.015800000000000036,0.6115,0.307,7.0,3.0,3507.0,2.9079,0.4154,0.0142,7741.0,0.453,0.4286
S13002769,2,2022.0,54.120000000000005,0.4021,0.277907364,0.015800000000000036,0.6115,0.307,7.0,3.0,3835.0,3.0078,0.4297,0.0142,7108.0,0.5395,0.4286
S13002769,1,2017.0,6.2,0.4021,0.277907364,0.015800000000000036,0.6115,0.307,7.0,3.0,3835.0,3.0078,0.4297,0.0142,7741.0,0.4954,0.4286
S13002769,1,2022.0,4.72,0.4021,0.277907364,0.015800000000000036,0.6115,0.307,7.0,3.0,3507.0,2.9079,0.4154,0.0142,7108.0,0.4934,0.4286
S13002769,3,2022.0,86.49,0.4021,0.277907364,0.015800000000000036,0.6115,0.307,7.0,3.0,3507.0,2.9079,0.4154,0.0142,7108.0,0.4934,0.4286
S13002769,3,2022.0,86.49,0.4021,0.277907364,0.015800000000000036,0.6115,0.307,7.0,3.0,3835.0,3.0078,0.4297,0.0142,7108.0,0.5395,0.4286
S13002770,2,2017.0,79.86,0.3438,0.254940496,0.02100000000000002,0.5581,0.2195,6.0,3.0,3271.0,2.7114,0.4519,0.0217,7674.0,0.4262,0.5
S13002770,3,2017.0,93.00999999999999,0.3438,0.254940496,0.02100000000000002,0.5581,0.2195,6.0,3.0,3605.0,2.5792,0.4299,0.0217,7674.0,0.4698,0.5
S13002770,3,2017.0,93.00999999999999,0.3438,0.254940496,0.02100000000000002,0.5581,0.2195,6.0,3.0,3271.0,2.7114,0.4519,0.0217,7674.0,0.4262,0.5
S13002770,2,2017.0,79.86,0.3438,0.254940496,0.02100000000000002,0.5581,0.2195,6.0,3.0,3605.0,2.5792,0.4299,0.0217,7674.0,0.4698,0.5
S13002770,0,2017.0,24.85,0.3438,0.254940496,0.02100000000000002,0.5581,0.2195,6.0,3.0,3271.0,2.7114,0.4519,0.0217,7674.0,0.4262,0.5
S13002770,3,2022.0,97.16,0.3438,0.254940496,0.02100000000000002,0.5581,0.2195,6.0,3.0,3271.0,2.7114,0.4519,0.0217,7135.0,0.4584,0.5
S13002770,2,2022.0,88.35,0.3438,0.254940496,0.02100000000000002,0.5581,0.2195,6.0,3.0,3605.0,2.5792,0.4299,0.0217,7135.0,0.5053,0.5
S13002770,3,2022.0,97.16,0.3438,0.254940496,0.02100000000000002,0.5581,0.2195,6.0,3.0,3605.0,2.5792,0.4299,0.0217,7135.0,0.5053,0.5
S13002770,1,2022.0,21.95,0.3438,0.254940496,0.02100000000000002,0.5581,0.2195,6.0,3.0,3605.0,2.5792,0.4299,0.0217,7135.0,0.5053,0.5
S13002770,1,2022.0,21.95,0.3438,0.254940496,0.02100000000000002,0.5581,0.2195,6.0,3.0,3271.0,2.7114,0.4519,0.0217,7135.0,0.4584,0.5
S13002770,0,2022.0,29.189999999999998,0.3438,0.254940496,0.02100000000000002,0.5581,0.2195,6.0,3.0,3605.0,2.5792,0.4299,0.0217,7135.0,0.5053,0.5
S13002770,0,2022.0,29.189999999999998,0.3438,0.254940496,0.02100000000000002,0.5581,0.2195,6.0,3.0,3271.0,2.7114,0.4519,0.0217,7135.0,0.4584,0.5
S13002770,0,2017.0,24.85,0.3438,0.254940496,0.02100000000000002,0.5581,0.2195,6.0,3.0,3605.0,2.5792,0.4299,0.0217,7674.0,0.4698,0.5
S13002770,1,2017.0,13.78,0.3438,0.254940496,0.02100000000000002,0.5581,0.2195,6.0,3.0,3271.0,2.7114,0.4519,0.0217,7674.0,0.4262,0.5
S13002770,2,2022.0,88.35,0.3438,0.254940496,0.02100000000000002,0.5581,0.2195,6.0,3.0,3271.0,2.7114,0.4519,0.0217,7135.0,0.4584,0.5
S13002770,1,2017.0,13.78,0.3438,0.254940496,0.02100000000000002,0.5581,0.2195,6.0,3.0,3605.0,2.5792,0.4299,0.0217,7674.0,0.4698,0.5
S13002771,3,2017.0,91.04,0.3845,0.28745176,0.0007000000000000339,0.5498,0.2217,7.0,3.0,3045.0,2.9701,0.4243,0.0198,7399.0,0.4115,0.4286
S13002771,0,2017.0,7.62,0.3845,0.28745176,0.0007000000000000339,0.5498,0.2217,7.0,3.0,3045.0,2.9701,0.4243,0.0198,7399.0,0.4115,0.4286
S13002771,0,2017.0,7.62,0.3845,0.28745176,0.0007000000000000339,0.5498,0.2217,4.0,3.0,3459.0,2.4906,0.6227,0.0198,7399.0,0.4675,0.75
S13002771,1,2017.0,7.62,0.3845,0.28745176,0.0007000000000000339,0.5498,0.2217,7.0,3.0,3045.0,2.9701,0.4243,0.0198,7399.0,0.4115,0.4286
S13002771,1,2017.0,7.62,0.3845,0.28745176,0.0007000000000000339,0.5498,0.2217,4.0,3.0,3459.0,2.4906,0.6227,0.0198,7399.0,0.4675,0.75
S13002771,2,2017.0,69.62,0.3845,0.28745176,0.0007000000000000339,0.5498,0.2217,7.0,3.0,3045.0,2.9701,0.4243,0.0198,7399.0,0.4115,0.4286
S13002771,2,2017.0,69.62,0.3845,0.28745176,0.0007000000000000339,0.5498,0.2217,4.0,3.0,3459.0,2.4906,0.6227,0.0198,7399.0,0.4675,0.75
S13002771,3,2017.0,91.04,0.3845,0.28745176,0.0007000000000000339,0.5498,0.2217,4.0,3.0,3459.0,2.4906,0.6227,0.0198,7399.0,0.4675,0.75
S13002771,0,2022.0,20.14,0.3845,0.28745176,0.0007000000000000339,0.5498,0.2217,4.0,3.0,3459.0,2.4906,0.6227,0.0198,7038.0,0.4915,0.75
S13002771,0,2022.0,20.14,0.3845,0.28745176,0.0007000000000000339,0.5498,0.2217,7.0,3.0,3045.0,2.9701,0.4243,0.0198,7038.0,0.4327,0.4286
S13002771,1,2022.0,9.120000000000001,0.3845,0.28745176,0.0007000000000000339,0.5498,0.2217,7.0,3.0,3045.0,2.9701,0.4243,0.0198,7038.0,0.4327,0.4286
S13002771,1,2022.0,9.120000000000001,0.3845,0.28745176,0.0007000000000000339,0.5498,0.2217,4.0,3.0,3459.0,2.4906,0.6227,0.0198,7038.0,0.4915,0.75
S13002771,3,2022.0,75.93,0.3845,0.28745176,0.0007000000000000339,0.5498,0.2217,4.0,3.0,3459.0,2.4906,0.6227,0.0198,7038.0,0.4915,0.75
S13002771,3,2022.0,75.93,0.3845,0.28745176,0.0007000000000000339,0.5498,0.2217,7.0,3.0,3045.0,2.9701,0.4243,0.0198,7038.0,0.4327,0.4286
S13002771,2,2022.0,48.51,0.3845,0.28745176,0.0007000000000000339,0.5498,0.2217,4.0,3.0,3459.0,2.4906,0.6227,0.0198,7038.0,0.4915,0.75
S13002771,2,2022.0,48.51,0.3845,0.28745176,0.0007000000000000339,0.5498,0.2217,7.0,3.0,3045.0,2.9701,0.4243,0.0198,7038.0,0.4327,0.4286
S13002773,2,2017.0,75.84,0.2875,0.192481203,-0.0039000000000000146,0.5377,0.2696,4.0,3.0,1192.0,2.8163,0.7041,0.0177,2695.0,0.4423,0.75
S13002773,1,2017.0,4.08,0.2875,0.192481203,-0.0039000000000000146,0.5377,0.2696,4.0,3.0,1192.0,2.8163,0.7041,0.0177,2695.0,0.4423,0.75
S13002773,0,2017.0,4.08,0.2875,0.192481203,-0.0039000000000000146,0.5377,0.2696,4.0,3.0,1192.0,2.8163,0.7041,0.0177,2695.0,0.4423,0.75
S13002773,3,2017.0,93.54,0.2875,0.192481203,-0.0039000000000000146,0.5377,0.2696,4.0,3.0,1192.0,2.8163,0.7041,0.0177,2695.0,0.4423,0.75
S13002777,1,2017.0,11.07,0.2887,0.199018003,-0.01150000000000001,0.4102,0.2887,5.0,3.0,928.0,3.1034,0.6207,0.0139,1778.0,0.5219,0.6
S13002777,2,2017.0,84.93,0.2887,0.199018003,-0.01150000000000001,0.4102,0.2887,5.0,3.0,928.0,3.1034,0.6207,0.0139,1778.0,0.5219,0.6
S13002777,3,2022.0,90.3,0.2887,0.199018003,-0.01150000000000001,0.4102,0.2887,5.0,3.0,928.0,3.1034,0.6207,0.0139,2355.0,0.3941,0.6
S13002777,3,2017.0,96.47999999999999,0.2887,0.199018003,-0.01150000000000001,0.4102,0.2887,5.0,3.0,928.0,3.1034,0.6207,0.0139,1778.0,0.5219,0.6
S13002777,2,2022.0,65.84,0.2887,0.199018003,-0.01150000000000001,0.4102,0.2887,5.0,3.0,928.0,3.1034,0.6207,0.0139,2355.0,0.3941,0.6
S13002777,1,2022.0,7.33,0.2887,0.199018003,-0.01150000000000001,0.4102,0.2887,5.0,3.0,928.0,3.1034,0.6207,0.0139,2355.0,0.3941,0.6
S13002777,0,2017.0,14.1,0.2887,0.199018003,-0.01150000000000001,0.4102,0.2887,5.0,3.0,928.0,3.1034,0.6207,0.0139,1778.0,0.5219,0.6
S13002777,0,2022.0,16.16,0.2887,0.199018003,-0.01150000000000001,0.4102,0.2887,5.0,3.0,928.0,3.1034,0.6207,0.0139,2355.0,0.3941,0.6
S13002820,2,2022.0,46.59,0.4016,0.233800708,0.01649999999999996,0.6465,0.4876,7.0,3.0,7245.0,3.0791,0.4399,0.0136,12451.0,0.5819,0.4286
S13002820,2,2022.0,46.59,0.4016,0.233800708,0.01649999999999996,0.6465,0.4876,6.0,3.0,7117.0,2.9424,0.4904,0.0136,12451.0,0.5716,0.5
S13002820,0,2022.0,3.67,0.4016,0.233800708,0.01649999999999996,0.6465,0.4876,6.0,3.0,7117.0,2.9424,0.4904,0.0136,12451.0,0.5716,0.5
S13002820,2,2017.0,56.550000000000004,0.4016,0.233800708,0.01649999999999996,0.6465,0.4876,7.0,3.0,7245.0,3.0791,0.4399,0.0136,13338.0,0.5432,0.4286
S13002820,3,2022.0,85.67,0.4016,0.233800708,0.01649999999999996,0.6465,0.4876,6.0,3.0,7117.0,2.9424,0.4904,0.0136,12451.0,0.5716,0.5
S13002820,3,2022.0,85.67,0.4016,0.233800708,0.01649999999999996,0.6465,0.4876,7.0,3.0,7245.0,3.0791,0.4399,0.0136,12451.0,0.5819,0.4286
S13002820,0,2017.0,15.07,0.4016,0.233800708,0.01649999999999996,0.6465,0.4876,6.0,3.0,7117.0,2.9424,0.4904,0.0136,13338.0,0.5336,0.5
S13002820,0,2017.0,15.07,0.4016,0.233800708,0.01649999999999996,0.6465,0.4876,7.0,3.0,7245.0,3.0791,0.4399,0.0136,13338.0,0.5432,0.4286
S13002820,1,2022.0,3.67,0.4016,0.233800708,0.01649999999999996,0.6465,0.4876,7.0,3.0,7245.0,3.0791,0.4399,0.0136,12451.0,0.5819,0.4286
S13002820,1,2022.0,3.67,0.4016,0.233800708,0.01649999999999996,0.6465,0.4876,6.0,3.0,7117.0,2.9424,0.4904,0.0136,12451.0,0.5716,0.5
S13002820,0,2022.0,3.67,0.4016,0.233800708,0.01649999999999996,0.6465,0.4876,7.0,3.0,7245.0,3.0791,0.4399,0.0136,12451.0,0.5819,0.4286
S13002820,1,2017.0,12.08,0.4016,0.233800708,0.01649999999999996,0.6465,0.4876,6.0,3.0,7117.0,2.9424,0.4904,0.0136,13338.0,0.5336,0.5
S13002820,2,2017.0,56.550000000000004,0.4016,0.233800708,0.01649999999999996,0.6465,0.4876,6.0,3.0,7117.0,2.9424,0.4904,0.0136,13338.0,0.5336,0.5
S13002820,3,2017.0,79.84,0.4016,0.233800708,0.01649999999999996,0.6465,0.4876,7.0,3.0,7245.0,3.0791,0.4399,0.0136,13338.0,0.5432,0.4286
S13002820,3,2017.0,79.84,0.4016,0.233800708,0.01649999999999996,0.6465,0.4876,6.0,3.0,7117.0,2.9424,0.4904,0.0136,13338.0,0.5336,0.5
S13002820,1,2017.0,12.08,0.4016,0.233800708,0.01649999999999996,0.6465,0.4876,7.0,3.0,7245.0,3.0791,0.4399,0.0136,13338.0,0.5432,0.4286
S13002821,1,2022.0,2.45,0.3676,0.17703553,0.012900000000000023,0.5388,0.2825,9.0,4.0,6967.0,3.6376,0.4042,0.0178,16717.0,0.4168,0.4444
S13002821,1,2022.0,2.45,0.3676,0.17703553,0.012900000000000023,0.5388,0.2825,9.0,4.0,6853.0,3.4354,0.3817,0.0178,16717.0,0.4099,0.4444
S13002821,2,2022.0,60.919999999999995,0.3676,0.17703553,0.012900000000000023,0.5388,0.2825,9.0,4.0,6967.0,3.6376,0.4042,0.0178,16717.0,0.4168,0.4444
S13002821,2,2022.0,60.919999999999995,0.3676,0.17703553,0.012900000000000023,0.5388,0.2825,9.0,4.0,6853.0,3.4354,0.3817,0.0178,16717.0,0.4099,0.4444
S13002821,3,2022.0,86.53,0.3676,0.17703553,0.012900000000000023,0.5388,0.2825,9.0,4.0,6967.0,3.6376,0.4042,0.0178,16717.0,0.4168,0.4444
S13002821,3,2022.0,86.53,0.3676,0.17703553,0.012900000000000023,0.5388,0.2825,9.0,4.0,6853.0,3.4354,0.3817,0.0178,16717.0,0.4099,0.4444
S13002821,0,2022.0,16.49,0.3676,0.17703553,0.012900000000000023,0.5388,0.2825,9.0,4.0,6967.0,3.6376,0.4042,0.0178,16717.0,0.4168,0.4444
S13002821,0,2022.0,16.49,0.3676,0.17703553,0.012900000000000023,0.5388,0.2825,9.0,4.0,6853.0,3.4354,0.3817,0.0178,16717.0,0.4099,0.4444
S13002821,3,2017.0,97.04,0.3676,0.17703553,0.012900000000000023,0.5388,0.2825,9.0,4.0,6853.0,3.4354,0.3817,0.0178,15815.0,0.4333,0.4444
S13002821,3,2017.0,97.04,0.3676,0.17703553,0.012900000000000023,0.5388,0.2825,9.0,4.0,6967.0,3.6376,0.4042,0.0178,15815.0,0.4405,0.4444
S13002821,2,2017.0,73.47,0.3676,0.17703553,0.012900000000000023,0.5388,0.2825,9.0,4.0,6853.0,3.4354,0.3817,0.0178,15815.0,0.4333,0.4444
S13002821,2,2017.0,73.47,0.3676,0.17703553,0.012900000000000023,0.5388,0.2825,9.0,4.0,6967.0,3.6376,0.4042,0.0178,15815.0,0.4405,0.4444
S13002821,1,2017.0,14.2,0.3676,0.17703553,0.012900000000000023,0.5388,0.2825,9.0,4.0,6853.0,3.4354,0.3817,0.0178,15815.0,0.4333,0.4444
S13002821,1,2017.0,14.2,0.3676,0.17703553,0.012900000000000023,0.5388,0.2825,9.0,4.0,6967.0,3.6376,0.4042,0.0178,15815.0,0.4405,0.4444
S13002821,0,2017.0,16.06,0.3676,0.17703553,0.012900000000000023,0.5388,0.2825,9.0,4.0,6853.0,3.4354,0.3817,0.0178,15815.0,0.4333,0.4444
S13002821,0,2017.0,16.06,0.3676,0.17703553,0.012900000000000023,0.5388,0.2825,9.0,4.0,6967.0,3.6376,0.4042,0.0178,15815.0,0.4405,0.4444
S13002822,0,2017.0,10.56,0.347,0.162304807,0.009800000000000031,0.5295,0.2894,8.0,4.0,7229.0,3.4017,0.4252,0.0161,18658.0,0.3874,0.5
S13002822,1,2017.0,9.41,0.347,0.162304807,0.009800000000000031,0.5295,0.2894,8.0,4.0,7229.0,3.4017,0.4252,0.0161,18658.0,0.3874,0.5
S13002822,2,2017.0,38.48,0.347,0.162304807,0.009800000000000031,0.5295,0.2894,8.0,4.0,7622.0,3.5673,0.4459,0.0161,18658.0,0.4085,0.5
S13002822,2,2017.0,38.48,0.347,0.162304807,0.009800000000000031,0.5295,0.2894,8.0,4.0,7229.0,3.4017,0.4252,0.0161,18658.0,0.3874,0.5
S13002822,3,2017.0,64.27,0.347,0.162304807,0.009800000000000031,0.5295,0.2894,8.0,4.0,7622.0,3.5673,0.4459,0.0161,18658.0,0.4085,0.5
S13002822,0,2017.0,10.56,0.347,0.162304807,0.009800000000000031,0.5295,0.2894,8.0,4.0,7622.0,3.5673,0.4459,0.0161,18658.0,0.4085,0.5
S13002822,3,2017.0,64.27,0.347,0.162304807,0.009800000000000031,0.5295,0.2894,8.0,4.0,7229.0,3.4017,0.4252,0.0161,18658.0,0.3874,0.5
S13002822,1,2017.0,9.41,0.347,0.162304807,0.009800000000000031,0.5295,0.2894,8.0,4.0,7622.0,3.5673,0.4459,0.0161,18658.0,0.4085,0.5
S13002822,2,2022.0,67.23,0.347,0.162304807,0.009800000000000031,0.5295,0.2894,8.0,4.0,7622.0,3.5673,0.4459,0.0161,18418.0,0.4138,0.5
S13002822,0,2022.0,8.95,0.347,0.162304807,0.009800000000000031,0.5295,0.2894,8.0,4.0,7622.0,3.5673,0.4459,0.0161,18418.0,0.4138,0.5
S13002822,0,2022.0,8.95,0.347,0.162304807,0.009800000000000031,0.5295,0.2894,8.0,4.0,7229.0,3.4017,0.4252,0.0161,18418.0,0.3925,0.5
S13002822,1,2022.0,4.57,0.347,0.162304807,0.009800000000000031,0.5295,0.2894,8.0,4.0,7622.0,3.5673,0.4459,0.0161,18418.0,0.4138,0.5
S13002822,1,2022.0,4.57,0.347,0.162304807,0.009800000000000031,0.5295,0.2894,8.0,4.0,7229.0,3.4017,0.4252,0.0161,18418.0,0.3925,0.5
S13002822,2,2022.0,67.23,0.347,0.162304807,0.009800000000000031,0.5295,0.2894,8.0,4.0,7229.0,3.4017,0.4252,0.0161,18418.0,0.3925,0.5
S13002822,3,2022.0,88.22999999999999,0.347,0.162304807,0.009800000000000031,0.5295,0.2894,8.0,4.0,7622.0,3.5673,0.4459,0.0161,18418.0,0.4138,0.5
S13002822,3,2022.0,88.22999999999999,0.347,0.162304807,0.009800000000000031,0.5295,0.2894,8.0,4.0,7229.0,3.4017,0.4252,0.0161,18418.0,0.3925,0.5
S13002823,3,2022.0,94.29,0.346,0.157103317,0.019000000000000017,0.5305,0.2857,8.0,4.0,8216.0,3.383,0.4229,0.016,19450.0,0.4224,0.5
S13002823,2,2022.0,77.47999999999999,0.346,0.157103317,0.019000000000000017,0.5305,0.2857,7.0,1.0,5616.0,2.6654,0.3808,0.016,19450.0,0.2887,0.1429
S13002823,2,2022.0,77.47999999999999,0.346,0.157103317,0.019000000000000017,0.5305,0.2857,8.0,4.0,8216.0,3.383,0.4229,0.016,19450.0,0.4224,0.5
S13002823,1,2022.0,10.34,0.346,0.157103317,0.019000000000000017,0.5305,0.2857,7.0,1.0,5616.0,2.6654,0.3808,0.016,19450.0,0.2887,0.1429
S13002823,1,2022.0,10.34,0.346,0.157103317,0.019000000000000017,0.5305,0.2857,8.0,4.0,8216.0,3.383,0.4229,0.016,19450.0,0.4224,0.5
S13002823,0,2022.0,21.66,0.346,0.157103317,0.019000000000000017,0.5305,0.2857,7.0,1.0,5616.0,2.6654,0.3808,0.016,19450.0,0.2887,0.1429
S13002823,0,2022.0,21.66,0.346,0.157103317,0.019000000000000017,0.5305,0.2857,8.0,4.0,8216.0,3.383,0.4229,0.016,19450.0,0.4224,0.5
S13002823,1,2017.0,2.63,0.346,0.157103317,0.019000000000000017,0.5305,0.2857,7.0,1.0,5616.0,2.6654,0.3808,0.016,19008.0,0.2955,0.1429
S13002823,3,2022.0,94.29,0.346,0.157103317,0.019000000000000017,0.5305,0.2857,7.0,1.0,5616.0,2.6654,0.3808,0.016,19450.0,0.2887,0.1429
S13002823,3,2017.0,96.7,0.346,0.157103317,0.019000000000000017,0.5305,0.2857,7.0,1.0,5616.0,2.6654,0.3808,0.016,19008.0,0.2955,0.1429
S13002823,2,2017.0,67.21000000000001,0.346,0.157103317,0.019000000000000017,0.5305,0.2857,7.0,1.0,5616.0,2.6654,0.3808,0.016,19008.0,0.2955,0.1429
S13002823,0,2017.0,2.63,0.346,0.157103317,0.019000000000000017,0.5305,0.2857,8.0,4.0,8216.0,3.383,0.4229,0.016,19008.0,0.4322,0.5
S13002823,0,2017.0,2.63,0.346,0.157103317,0.019000000000000017,0.5305,0.2857,7.0,1.0,5616.0,2.6654,0.3808,0.016,19008.0,0.2955,0.1429
S13002823,1,2017.0,2.63,0.346,0.157103317,0.019000000000000017,0.5305,0.2857,8.0,4.0,8216.0,3.383,0.4229,0.016,19008.0,0.4322,0.5
S13002823,2,2017.0,67.21000000000001,0.346,0.157103317,0.019000000000000017,0.5305,0.2857,8.0,4.0,8216.0,3.383,0.4229,0.016,19008.0,0.4322,0.5
S13002823,3,2017.0,96.7,0.346,0.157103317,0.019000000000000017,0.5305,0.2857,8.0,4.0,8216.0,3.383,0.4229,0.016,19008.0,0.4322,0.5
S13002824,0,2022.0,5.91,0.3358,0.167055341,0.013900000000000023,0.5294,0.2803,6.0,1.0,4445.0,2.542,0.4237,0.0167,18335.0,0.2424,0.1667
S13002824,0,2017.0,4.83,0.3358,0.167055341,0.013900000000000023,0.5294,0.2803,8.0,4.0,7363.0,3.5256,0.4407,0.0167,17592.0,0.4185,0.5
S13002824,1,2022.0,2.7100000000000004,0.3358,0.167055341,0.013900000000000023,0.5294,0.2803,8.0,4.0,7363.0,3.5256,0.4407,0.0167,18335.0,0.4016,0.5
S13002824,1,2022.0,2.7100000000000004,0.3358,0.167055341,0.013900000000000023,0.5294,0.2803,6.0,1.0,4445.0,2.542,0.4237,0.0167,18335.0,0.2424,0.1667
S13002824,2,2022.0,42.81,0.3358,0.167055341,0.013900000000000023,0.5294,0.2803,8.0,4.0,7363.0,3.5256,0.4407,0.0167,18335.0,0.4016,0.5
S13002824,2,2022.0,42.81,0.3358,0.167055341,0.013900000000000023,0.5294,0.2803,6.0,1.0,4445.0,2.542,0.4237,0.0167,18335.0,0.2424,0.1667
S13002824,3,2022.0,81.6,0.3358,0.167055341,0.013900000000000023,0.5294,0.2803,8.0,4.0,7363.0,3.5256,0.4407,0.0167,18335.0,0.4016,0.5
S13002824,3,2022.0,81.6,0.3358,0.167055341,0.013900000000000023,0.5294,0.2803,6.0,1.0,4445.0,2.542,0.4237,0.0167,18335.0,0.2424,0.1667
S13002824,3,2017.0,96.52,0.3358,0.167055341,0.013900000000000023,0.5294,0.2803,6.0,1.0,4445.0,2.542,0.4237,0.0167,17592.0,0.2527,0.1667
S13002824,0,2022.0,5.91,0.3358,0.167055341,0.013900000000000023,0.5294,0.2803,8.0,4.0,7363.0,3.5256,0.4407,0.0167,18335.0,0.4016,0.5
S13002824,3,2017.0,96.52,0.3358,0.167055341,0.013900000000000023,0.5294,0.2803,8.0,4.0,7363.0,3.5256,0.4407,0.0167,17592.0,0.4185,0.5
S13002824,2,2017.0,65.84,0.3358,0.167055341,0.013900000000000023,0.5294,0.2803,6.0,1.0,4445.0,2.542,0.4237,0.0167,17592.0,0.2527,0.1667
S13002824,2,2017.0,65.84,0.3358,0.167055341,0.013900000000000023,0.5294,0.2803,8.0,4.0,7363.0,3.5256,0.4407,0.0167,17592.0,0.4185,0.5
S13002824,1,2017.0,4.83,0.3358,0.167055341,0.013900000000000023,0.5294,0.2803,6.0,1.0,4445.0,2.542,0.4237,0.0167,17592.0,0.2527,0.1667
S13002824,1,2017.0,4.83,0.3358,0.167055341,0.013900000000000023,0.5294,0.2803,8.0,4.0,7363.0,3.5256,0.4407,0.0167,17592.0,0.4185,0.5
S13002824,0,2017.0,4.83,0.3358,0.167055341,0.013900000000000023,0.5294,0.2803,6.0,1.0,4445.0,2.542,0.4237,0.0167,17592.0,0.2527,0.1667
S13002825,2,2022.0,47.41,0.4299,0.191686197,-0.007400000000000018,0.5159,0.2007,8.0,3.0,5072.0,3.2504,0.4063,0.0221,12829.0,0.3954,0.375
S13002825,2,2022.0,47.41,0.4299,0.191686197,-0.007400000000000018,0.5159,0.2007,7.0,3.0,5463.0,3.1724,0.4532,0.0221,12829.0,0.4258,0.4286
S13002825,3,2022.0,87.88,0.4299,0.191686197,-0.007400000000000018,0.5159,0.2007,8.0,3.0,5072.0,3.2504,0.4063,0.0221,12829.0,0.3954,0.375
S13002825,1,2022.0,8.579999999999998,0.4299,0.191686197,-0.007400000000000018,0.5159,0.2007,7.0,3.0,5463.0,3.1724,0.4532,0.0221,12829.0,0.4258,0.4286
S13002825,0,2022.0,8.579999999999998,0.4299,0.191686197,-0.007400000000000018,0.5159,0.2007,8.0,3.0,5072.0,3.2504,0.4063,0.0221,12829.0,0.3954,0.375
S13002825,0,2022.0,8.579999999999998,0.4299,0.191686197,-0.007400000000000018,0.5159,0.2007,7.0,3.0,5463.0,3.1724,0.4532,0.0221,12829.0,0.4258,0.4286
S13002825,3,2022.0,87.88,0.4299,0.191686197,-0.007400000000000018,0.5159,0.2007,7.0,3.0,5463.0,3.1724,0.4532,0.0221,12829.0,0.4258,0.4286
S13002825,1,2022.0,8.579999999999998,0.4299,0.191686197,-0.007400000000000018,0.5159,0.2007,8.0,3.0,5072.0,3.2504,0.4063,0.0221,12829.0,0.3954,0.375
S13002825,3,2017.0,87.50999999999999,0.4299,0.191686197,-0.007400000000000018,0.5159,0.2007,8.0,3.0,5072.0,3.2504,0.4063,0.0221,13136.0,0.3861,0.375
S13002825,0,2017.0,7.220000000000001,0.4299,0.191686197,-0.007400000000000018,0.5159,0.2007,8.0,3.0,5072.0,3.2504,0.4063,0.0221,13136.0,0.3861,0.375
S13002825,1,2017.0,7.220000000000001,0.4299,0.191686197,-0.007400000000000018,0.5159,0.2007,7.0,3.0,5463.0,3.1724,0.4532,0.0221,13136.0,0.4159,0.4286
S13002825,1,2017.0,7.220000000000001,0.4299,0.191686197,-0.007400000000000018,0.5159,0.2007,8.0,3.0,5072.0,3.2504,0.4063,0.0221,13136.0,0.3861,0.375
S13002825,2,2017.0,48.230000000000004,0.4299,0.191686197,-0.007400000000000018,0.5159,0.2007,7.0,3.0,5463.0,3.1724,0.4532,0.0221,13136.0,0.4159,0.4286
S13002825,2,2017.0,48.230000000000004,0.4299,0.191686197,-0.007400000000000018,0.5159,0.2007,8.0,3.0,5072.0,3.2504,0.4063,0.0221,13136.0,0.3861,0.375
S13002825,3,2017.0,87.50999999999999,0.4299,0.191686197,-0.007400000000000018,0.5159,0.2007,7.0,3.0,5463.0,3.1724,0.4532,0.0221,13136.0,0.4159,0.4286
S13002825,0,2017.0,7.220000000000001,0.4299,0.191686197,-0.007400000000000018,0.5159,0.2007,7.0,3.0,5463.0,3.1724,0.4532,0.0221,13136.0,0.4159,0.4286
S13002826,2,2022.0,48.42,0.4018,0.188844698,0.006700000000000039,0.5014,0.1846,7.0,4.0,6136.0,3.2531,0.4647,0.0182,17011.0,0.3607,0.5714
S13002826,2,2022.0,48.42,0.4018,0.188844698,0.006700000000000039,0.5014,0.1846,7.0,4.0,6489.0,3.1424,0.4489,0.0182,17011.0,0.3815,0.5714
S13002826,1,2022.0,1.75,0.4018,0.188844698,0.006700000000000039,0.5014,0.1846,7.0,4.0,6136.0,3.2531,0.4647,0.0182,17011.0,0.3607,0.5714
S13002826,1,2022.0,1.75,0.4018,0.188844698,0.006700000000000039,0.5014,0.1846,7.0,4.0,6489.0,3.1424,0.4489,0.0182,17011.0,0.3815,0.5714
S13002826,0,2022.0,11.44,0.4018,0.188844698,0.006700000000000039,0.5014,0.1846,7.0,4.0,6136.0,3.2531,0.4647,0.0182,17011.0,0.3607,0.5714
S13002826,3,2017.0,97.2,0.4018,0.188844698,0.006700000000000039,0.5014,0.1846,7.0,4.0,6136.0,3.2531,0.4647,0.0182,17290.0,0.3549,0.5714
S13002826,0,2022.0,11.44,0.4018,0.188844698,0.006700000000000039,0.5014,0.1846,7.0,4.0,6489.0,3.1424,0.4489,0.0182,17011.0,0.3815,0.5714
S13002826,2,2017.0,74.51,0.4018,0.188844698,0.006700000000000039,0.5014,0.1846,7.0,4.0,6489.0,3.1424,0.4489,0.0182,17290.0,0.3753,0.5714
S13002826,2,2017.0,74.51,0.4018,0.188844698,0.006700000000000039,0.5014,0.1846,7.0,4.0,6136.0,3.2531,0.4647,0.0182,17290.0,0.3549,0.5714
S13002826,1,2017.0,3.97,0.4018,0.188844698,0.006700000000000039,0.5014,0.1846,7.0,4.0,6136.0,3.2531,0.4647,0.0182,17290.0,0.3549,0.5714
S13002826,1,2017.0,3.97,0.4018,0.188844698,0.006700000000000039,0.5014,0.1846,7.0,4.0,6489.0,3.1424,0.4489,0.0182,17290.0,0.3753,0.5714
S13002826,0,2017.0,17.11,0.4018,0.188844698,0.006700000000000039,0.5014,0.1846,7.0,4.0,6136.0,3.2531,0.4647,0.0182,17290.0,0.3549,0.5714
S13002826,0,2017.0,17.11,0.4018,0.188844698,0.006700000000000039,0.5014,0.1846,7.0,4.0,6489.0,3.1424,0.4489,0.0182,17290.0,0.3753,0.5714
S13002826,3,2022.0,86.44,0.4018,0.188844698,0.006700000000000039,0.5014,0.1846,7.0,4.0,6489.0,3.1424,0.4489,0.0182,17011.0,0.3815,0.5714
S13002826,3,2017.0,97.2,0.4018,0.188844698,0.006700000000000039,0.5014,0.1846,7.0,4.0,6489.0,3.1424,0.4489,0.0182,17290.0,0.3753,0.5714
S13002826,3,2022.0,86.44,0.4018,0.188844698,0.006700000000000039,0.5014,0.1846,7.0,4.0,6136.0,3.2531,0.4647,0.0182,17011.0,0.3607,0.5714
S13002827,3,2022.0,92.11999999999999,0.3928,0.151223194,0.012499999999999956,0.5164,0.2941,8.0,4.0,7413.0,3.3292,0.4161,0.0184,18148.0,0.4085,0.5
S13002827,0,2022.0,16.060000000000002,0.3928,0.151223194,0.012499999999999956,0.5164,0.2941,8.0,4.0,7413.0,3.3292,0.4161,0.0184,18148.0,0.4085,0.5
S13002827,3,2017.0,83.39,0.3928,0.151223194,0.012499999999999956,0.5164,0.2941,8.0,4.0,7413.0,3.3292,0.4161,0.0184,18677.0,0.3969,0.5
S13002827,3,2017.0,83.39,0.3928,0.151223194,0.012499999999999956,0.5164,0.2941,9.0,4.0,7692.0,3.6535,0.4059,0.0184,18677.0,0.4118,0.4444
S13002827,2,2017.0,41.6,0.3928,0.151223194,0.012499999999999956,0.5164,0.2941,8.0,4.0,7413.0,3.3292,0.4161,0.0184,18677.0,0.3969,0.5
S13002827,2,2017.0,41.6,0.3928,0.151223194,0.012499999999999956,0.5164,0.2941,9.0,4.0,7692.0,3.6535,0.4059,0.0184,18677.0,0.4118,0.4444
S13002827,1,2017.0,3.47,0.3928,0.151223194,0.012499999999999956,0.5164,0.2941,8.0,4.0,7413.0,3.3292,0.4161,0.0184,18677.0,0.3969,0.5
S13002827,0,2022.0,16.060000000000002,0.3928,0.151223194,0.012499999999999956,0.5164,0.2941,9.0,4.0,7692.0,3.6535,0.4059,0.0184,18148.0,0.4238,0.4444
S13002827,0,2017.0,3.47,0.3928,0.151223194,0.012499999999999956,0.5164,0.2941,8.0,4.0,7413.0,3.3292,0.4161,0.0184,18677.0,0.3969,0.5
S13002827,0,2017.0,3.47,0.3928,0.151223194,0.012499999999999956,0.5164,0.2941,9.0,4.0,7692.0,3.6535,0.4059,0.0184,18677.0,0.4118,0.4444
S13002827,1,2017.0,3.47,0.3928,0.151223194,0.012499999999999956,0.5164,0.2941,9.0,4.0,7692.0,3.6535,0.4059,0.0184,18677.0,0.4118,0.4444
S13002827,1,2022.0,6.51,0.3928,0.151223194,0.012499999999999956,0.5164,0.2941,9.0,4.0,7692.0,3.6535,0.4059,0.0184,18148.0,0.4238,0.4444
S13002827,3,2022.0,92.11999999999999,0.3928,0.151223194,0.012499999999999956,0.5164,0.2941,9.0,4.0,7692.0,3.6535,0.4059,0.0184,18148.0,0.4238,0.4444
S13002827,2,2022.0,74.08,0.3928,0.151223194,0.012499999999999956,0.5164,0.2941,8.0,4.0,7413.0,3.3292,0.4161,0.0184,18148.0,0.4085,0.5
S13002827,2,2022.0,74.08,0.3928,0.151223194,0.012499999999999956,0.5164,0.2941,9.0,4.0,7692.0,3.6535,0.4059,0.0184,18148.0,0.4238,0.4444
S13002827,1,2022.0,6.51,0.3928,0.151223194,0.012499999999999956,0.5164,0.2941,8.0,4.0,7413.0,3.3292,0.4161,0.0184,18148.0,0.4085,0.5
S13002828,0,2022.0,9.01,0.3922,0.164328413,0.010299999999999976,0.5447,0.2328,6.0,3.0,5204.0,2.927,0.4878,0.0145,13185.0,0.3947,0.5
S13002828,1,2022.0,5.76,0.3922,0.164328413,0.010299999999999976,0.5447,0.2328,7.0,3.0,5256.0,3.0592,0.437,0.0145,13185.0,0.3986,0.4286
S13002828,0,2022.0,9.01,0.3922,0.164328413,0.010299999999999976,0.5447,0.2328,7.0,3.0,5256.0,3.0592,0.437,0.0145,13185.0,0.3986,0.4286
S13002828,0,2017.0,19.43,0.3922,0.164328413,0.010299999999999976,0.5447,0.2328,6.0,3.0,5204.0,2.927,0.4878,0.0145,12353.0,0.4213,0.5
S13002828,1,2017.0,7.91,0.3922,0.164328413,0.010299999999999976,0.5447,0.2328,6.0,3.0,5204.0,2.927,0.4878,0.0145,12353.0,0.4213,0.5
S13002828,1,2017.0,7.91,0.3922,0.164328413,0.010299999999999976,0.5447,0.2328,7.0,3.0,5256.0,3.0592,0.437,0.0145,12353.0,0.4255,0.4286
S13002828,2,2017.0,70.43,0.3922,0.164328413,0.010299999999999976,0.5447,0.2328,6.0,3.0,5204.0,2.927,0.4878,0.0145,12353.0,0.4213,0.5
S13002828,2,2017.0,70.43,0.3922,0.164328413,0.010299999999999976,0.5447,0.2328,7.0,3.0,5256.0,3.0592,0.437,0.0145,12353.0,0.4255,0.4286
S13002828,3,2017.0,89.93,0.3922,0.164328413,0.010299999999999976,0.5447,0.2328,6.0,3.0,5204.0,2.927,0.4878,0.0145,12353.0,0.4213,0.5
S13002828,3,2017.0,89.93,0.3922,0.164328413,0.010299999999999976,0.5447,0.2328,7.0,3.0,5256.0,3.0592,0.437,0.0145,12353.0,0.4255,0.4286
S13002828,0,2017.0,19.43,0.3922,0.164328413,0.010299999999999976,0.5447,0.2328,7.0,3.0,5256.0,3.0592,0.437,0.0145,12353.0,0.4255,0.4286
S13002828,1,2022.0,5.76,0.3922,0.164328413,0.010299999999999976,0.5447,0.2328,6.0,3.0,5204.0,2.927,0.4878,0.0145,13185.0,0.3947,0.5
S13002828,2,2022.0,70.97,0.3922,0.164328413,0.010299999999999976,0.5447,0.2328,6.0,3.0,5204.0,2.927,0.4878,0.0145,13185.0,0.3947,0.5
S13002828,3,2022.0,89.86,0.3922,0.164328413,0.010299999999999976,0.5447,0.2328,7.0,3.0,5256.0,3.0592,0.437,0.0145,13185.0,0.3986,0.4286
S13002828,3,2022.0,89.86,0.3922,0.164328413,0.010299999999999976,0.5447,0.2328,6.0,3.0,5204.0,2.927,0.4878,0.0145,13185.0,0.3947,0.5
S13002828,2,2022.0,70.97,0.3922,0.164328413,0.010299999999999976,0.5447,0.2328,7.0,3.0,5256.0,3.0592,0.437,0.0145,13185.0,0.3986,0.4286
S13002830,1,2017.0,12.32,0.4087,0.142419506,0.025800000000000045,0.4583,0.1675,8.0,3.0,3826.0,3.2773,0.4097,0.0253,12485.0,0.3064,0.375
S13002830,1,2017.0,12.32,0.4087,0.142419506,0.025800000000000045,0.4583,0.1975,8.0,3.0,3826.0,3.2773,0.4097,0.0253,12485.0,0.3064,0.375
S13002830,1,2017.0,12.32,0.4087,0.142419506,0.025800000000000045,0.398,0.1975,8.0,3.0,3826.0,3.2773,0.4097,0.0253,12485.0,0.3064,0.375
S13002830,1,2017.0,12.32,0.4087,0.140410121,0.018299999999999983,0.4583,0.1975,8.0,3.0,3826.0,3.2773,0.4097,0.0253,12485.0,0.3064,0.375
S13002830,1,2017.0,12.32,0.4087,0.142419506,0.025800000000000045,0.398,0.1675,8.0,3.0,3826.0,3.2773,0.4097,0.0253,12485.0,0.3064,0.375
S13002830,1,2017.0,12.32,0.4087,0.142419506,0.018299999999999983,0.398,0.1675,8.0,3.0,3826.0,3.2773,0.4097,0.0253,12485.0,0.3064,0.375
S13002830,1,2017.0,12.32,0.4087,0.140410121,0.018299999999999983,0.4583,0.1675,8.0,3.0,3826.0,3.2773,0.4097,0.0253,12485.0,0.3064,0.375
S13002830,1,2017.0,12.32,0.4087,0.140410121,0.018299999999999983,0.398,0.1975,8.0,3.0,3826.0,3.2773,0.4097,0.0253,12485.0,0.3064,0.375
S13002830,1,2017.0,12.32,0.4087,0.140410121,0.018299999999999983,0.398,0.1675,8.0,3.0,3826.0,3.2773,0.4097,0.0253,12485.0,0.3064,0.375
S13002830,1,2017.0,12.32,0.4087,0.140410121,0.025800000000000045,0.4583,0.1975,8.0,3.0,3826.0,3.2773,0.4097,0.0253,12485.0,0.3064,0.375
S13002830,1,2017.0,12.32,0.4087,0.140410121,0.025800000000000045,0.4583,0.1675,8.0,3.0,3826.0,3.2773,0.4097,0.0253,12485.0,0.3064,0.375
S13002830,1,2017.0,12.32,0.4087,0.140410121,0.025800000000000045,0.398,0.1975,8.0,3.0,3826.0,3.2773,0.4097,0.0253,12485.0,0.3064,0.375
S13002830,1,2017.0,12.32,0.4087,0.142419506,0.018299999999999983,0.398,0.1975,8.0,3.0,3826.0,3.2773,0.4097,0.0253,12485.0,0.3064,0.375
S13002830,1,2017.0,12.32,0.4087,0.142419506,0.018299999999999983,0.4583,0.1675,8.0,3.0,3826.0,3.2773,0.4097,0.0253,12485.0,0.3064,0.375
S13002830,0,2022.0,20.0,0.4087,0.140410121,0.025800000000000045,0.398,0.1975,8.0,3.0,3826.0,3.2773,0.4097,0.0253,11865.0,0.3225,0.375
S13002830,0,2017.0,25.990000000000002,0.4087,0.140410121,0.025800000000000045,0.398,0.1675,8.0,3.0,3826.0,3.2773,0.4097,0.0253,12485.0,0.3064,0.375
S13002830,0,2017.0,25.990000000000002,0.4087,0.140410121,0.025800000000000045,0.398,0.1975,8.0,3.0,3826.0,3.2773,0.4097,0.0253,12485.0,0.3064,0.375
S13002830,0,2017.0,25.990000000000002,0.4087,0.140410121,0.025800000000000045,0.4583,0.1675,8.0,3.0,3826.0,3.2773,0.4097,0.0253,12485.0,0.3064,0.375
S13002830,0,2017.0,25.990000000000002,0.4087,0.140410121,0.025800000000000045,0.4583,0.1975,8.0,3.0,3826.0,3.2773,0.4097,0.0253,12485.0,0.3064,0.375
S13002830,0,2017.0,25.990000000000002,0.4087,0.140410121,0.018299999999999983,0.398,0.1675,8.0,3.0,3826.0,3.2773,0.4097,0.0253,12485.0,0.3064,0.375
S13002830,0,2017.0,25.990000000000002,0.4087,0.140410121,0.018299999999999983,0.398,0.1975,8.0,3.0,3826.0,3.2773,0.4097,0.0253,12485.0,0.3064,0.375
S13002830,0,2017.0,25.990000000000002,0.4087,0.140410121,0.018299999999999983,0.4583,0.1675,8.0,3.0,3826.0,3.2773,0.4097,0.0253,12485.0,0.3064,0.375
S13002830,0,2017.0,25.990000000000002,0.4087,0.140410121,0.018299999999999983,0.4583,0.1975,8.0,3.0,3826.0,3.2773,0.4097,0.0253,12485.0,0.3064,0.375
S13002830,0,2017.0,25.990000000000002,0.4087,0.142419506,0.025800000000000045,0.398,0.1675,8.0,3.0,3826.0,3.2773,0.4097,0.0253,12485.0,0.3064,0.375
S13002830,0,2017.0,25.990000000000002,0.4087,0.142419506,0.025800000000000045,0.398,0.1975,8.0,3.0,3826.0,3.2773,0.4097,0.0253,12485.0,0.3064,0.375
S13002830,0,2017.0,25.990000000000002,0.4087,0.142419506,0.025800000000000045,0.4583,0.1675,8.0,3.0,3826.0,3.2773,0.4097,0.0253,12485.0,0.3064,0.375
S13002830,0,2017.0,25.990000000000002,0.4087,0.142419506,0.025800000000000045,0.4583,0.1975,8.0,3.0,3826.0,3.2773,0.4097,0.0253,12485.0,0.3064,0.375
S13002830,0,2017.0,25.990000000000002,0.4087,0.142419506,0.018299999999999983,0.398,0.1675,8.0,3.0,3826.0,3.2773,0.4097,0.0253,12485.0,0.3064,0.375
S13002830,1,2017.0,12.32,0.4087,0.140410121,0.025800000000000045,0.398,0.1675,8.0,3.0,3826.0,3.2773,0.4097,0.0253,12485.0,0.3064,0.375
S13002830,1,2017.0,12.32,0.4087,0.142419506,0.018299999999999983,0.4583,0.1975,8.0,3.0,3826.0,3.2773,0.4097,0.0253,12485.0,0.3064,0.375
S13002830,2,2017.0,66.88,0.4087,0.142419506,0.018299999999999983,0.4583,0.1975,8.0,3.0,3826.0,3.2773,0.4097,0.0253,12485.0,0.3064,0.375
S13002830,2,2017.0,66.88,0.4087,0.142419506,0.018299999999999983,0.398,0.1975,8.0,3.0,3826.0,3.2773,0.4097,0.0253,12485.0,0.3064,0.375
S13002830,3,2017.0,90.98,0.4087,0.140410121,0.025800000000000045,0.398,0.1675,8.0,3.0,3826.0,3.2773,0.4097,0.0253,12485.0,0.3064,0.375
S13002830,3,2017.0,90.98,0.4087,0.140410121,0.025800000000000045,0.398,0.1975,8.0,3.0,3826.0,3.2773,0.4097,0.0253,12485.0,0.3064,0.375
S13002830,3,2017.0,90.98,0.4087,0.140410121,0.025800000000000045,0.4583,0.1675,8.0,3.0,3826.0,3.2773,0.4097,0.0253,12485.0,0.3064,0.375
S13002830,3,2017.0,90.98,0.4087,0.140410121,0.025800000000000045,0.4583,0.1975,8.0,3.0,3826.0,3.2773,0.4097,0.0253,12485.0,0.3064,0.375
S13002830,3,2017.0,90.98,0.4087,0.140410121,0.018299999999999983,0.398,0.1675,8.0,3.0,3826.0,3.2773,0.4097,0.0253,12485.0,0.3064,0.375
S13002830,3,2017.0,90.98,0.4087,0.140410121,0.018299999999999983,0.398,0.1975,8.0,3.0,3826.0,3.2773,0.4097,0.0253,12485.0,0.3064,0.375
S13002830,3,2017.0,90.98,0.4087,0.140410121,0.018299999999999983,0.4583,0.1675,8.0,3.0,3826.0,3.2773,0.4097,0.0253,12485.0,0.3064,0.375
S13002830,3,2017.0,90.98,0.4087,0.140410121,0.018299999999999983,0.4583,0.1975,8.0,3.0,3826.0,3.2773,0.4097,0.0253,12485.0,0.3064,0.375
S13002830,3,2017.0,90.98,0.4087,0.142419506,0.025800000000000045,0.398,0.1675,8.0,3.0,3826.0,3.2773,0.4097,0.0253,12485.0,0.3064,0.375
S13002830,3,2017.0,90.98,0.4087,0.142419506,0.025800000000000045,0.398,0.1975,8.0,3.0,3826.0,3.2773,0.4097,0.0253,12485.0,0.3064,0.375
S13002830,3,2017.0,90.98,0.4087,0.142419506,0.025800000000000045,0.4583,0.1675,8.0,3.0,3826.0,3.2773,0.4097,0.0253,12485.0,0.3064,0.375
S13002830,3,2017.0,90.98,0.4087,0.142419506,0.025800000000000045,0.4583,0.1975,8.0,3.0,3826.0,3.2773,0.4097,0.0253,12485.0,0.3064,0.375
S13002830,3,2017.0,90.98,0.4087,0.142419506,0.018299999999999983,0.398,0.1675,8.0,3.0,3826.0,3.2773,0.4097,0.0253,12485.0,0.3064,0.375
S13002830,3,2017.0,90.98,0.4087,0.142419506,0.018299999999999983,0.398,0.1975,8.0,3.0,3826.0,3.2773,0.4097,0.0253,12485.0,0.3064,0.375
S13002830,3,2017.0,90.98,0.4087,0.142419506,0.018299999999999983,0.4583,0.1675,8.0,3.0,3826.0,3.2773,0.4097,0.0253,12485.0,0.3064,0.375
S13002830,3,2017.0,90.98,0.4087,0.142419506,0.018299999999999983,0.4583,0.1975,8.0,3.0,3826.0,3.2773,0.4097,0.0253,12485.0,0.3064,0.375
S13002830,2,2017.0,66.88,0.4087,0.140410121,0.025800000000000045,0.398,0.1675,8.0,3.0,3826.0,3.2773,0.4097,0.0253,12485.0,0.3064,0.375
S13002830,2,2017.0,66.88,0.4087,0.140410121,0.025800000000000045,0.398,0.1975,8.0,3.0,3826.0,3.2773,0.4097,0.0253,12485.0,0.3064,0.375
S13002830,2,2017.0,66.88,0.4087,0.140410121,0.025800000000000045,0.4583,0.1675,8.0,3.0,3826.0,3.2773,0.4097,0.0253,12485.0,0.3064,0.375
S13002830,2,2017.0,66.88,0.4087,0.140410121,0.025800000000000045,0.4583,0.1975,8.0,3.0,3826.0,3.2773,0.4097,0.0253,12485.0,0.3064,0.375
S13002830,2,2017.0,66.88,0.4087,0.140410121,0.018299999999999983,0.398,0.1675,8.0,3.0,3826.0,3.2773,0.4097,0.0253,12485.0,0.3064,0.375
S13002830,2,2017.0,66.88,0.4087,0.140410121,0.018299999999999983,0.398,0.1975,8.0,3.0,3826.0,3.2773,0.4097,0.0253,12485.0,0.3064,0.375
S13002830,2,2017.0,66.88,0.4087,0.140410121,0.018299999999999983,0.4583,0.1675,8.0,3.0,3826.0,3.2773,0.4097,0.0253,12485.0,0.3064,0.375
S13002830,2,2017.0,66.88,0.4087,0.140410121,0.018299999999999983,0.4583,0.1975,8.0,3.0,3826.0,3.2773,0.4097,0.0253,12485.0,0.3064,0.375
S13002830,2,2017.0,66.88,0.4087,0.142419506,0.025800000000000045,0.398,0.1675,8.0,3.0,3826.0,3.2773,0.4097,0.0253,12485.0,0.3064,0.375
S13002830,2,2017.0,66.88,0.4087,0.142419506,0.025800000000000045,0.398,0.1975,8.0,3.0,3826.0,3.2773,0.4097,0.0253,12485.0,0.3064,0.375
S13002830,2,2017.0,66.88,0.4087,0.142419506,0.025800000000000045,0.4583,0.1675,8.0,3.0,3826.0,3.2773,0.4097,0.0253,12485.0,0.3064,0.375
S13002830,2,2017.0,66.88,0.4087,0.142419506,0.025800000000000045,0.4583,0.1975,8.0,3.0,3826.0,3.2773,0.4097,0.0253,12485.0,0.3064,0.375
S13002830,2,2017.0,66.88,0.4087,0.142419506,0.018299999999999983,0.398,0.1675,8.0,3.0,3826.0,3.2773,0.4097,0.0253,12485.0,0.3064,0.375
S13002830,2,2017.0,66.88,0.4087,0.142419506,0.018299999999999983,0.4583,0.1675,8.0,3.0,3826.0,3.2773,0.4097,0.0253,12485.0,0.3064,0.375
S13002830,0,2017.0,25.990000000000002,0.4087,0.142419506,0.018299999999999983,0.398,0.1975,8.0,3.0,3826.0,3.2773,0.4097,0.0253,12485.0,0.3064,0.375
S13002830,0,2017.0,25.990000000000002,0.4087,0.142419506,0.018299999999999983,0.4583,0.1975,8.0,3.0,3826.0,3.2773,0.4097,0.0253,12485.0,0.3064,0.375
S13002830,0,2022.0,20.0,0.4087,0.140410121,0.025800000000000045,0.4583,0.1675,8.0,3.0,3826.0,3.2773,0.4097,0.0253,11865.0,0.3225,0.375
S13002830,2,2022.0,63.03,0.4087,0.140410121,0.018299999999999983,0.398,0.1675,8.0,3.0,3826.0,3.2773,0.4097,0.0253,11865.0,0.3225,0.375
S13002830,2,2022.0,63.03,0.4087,0.140410121,0.018299999999999983,0.398,0.1975,8.0,3.0,3826.0,3.2773,0.4097,0.0253,11865.0,0.3225,0.375
S13002830,2,2022.0,63.03,0.4087,0.140410121,0.018299999999999983,0.4583,0.1675,8.0,3.0,3826.0,3.2773,0.4097,0.0253,11865.0,0.3225,0.375
S13002830,2,2022.0,63.03,0.4087,0.140410121,0.018299999999999983,0.4583,0.1975,8.0,3.0,3826.0,3.2773,0.4097,0.0253,11865.0,0.3225,0.375
S13002830,2,2022.0,63.03,0.4087,0.142419506,0.025800000000000045,0.398,0.1675,8.0,3.0,3826.0,3.2773,0.4097,0.0253,11865.0,0.3225,0.375
S13002830,2,2022.0,63.03,0.4087,0.142419506,0.025800000000000045,0.398,0.1975,8.0,3.0,3826.0,3.2773,0.4097,0.0253,11865.0,0.3225,0.375
S13002830,2,2022.0,63.03,0.4087,0.142419506,0.025800000000000045,0.4583,0.1675,8.0,3.0,3826.0,3.2773,0.4097,0.0253,11865.0,0.3225,0.375
S13002830,2,2022.0,63.03,0.4087,0.142419506,0.025800000000000045,0.4583,0.1975,8.0,3.0,3826.0,3.2773,0.4097,0.0253,11865.0,0.3225,0.375
S13002830,2,2022.0,63.03,0.4087,0.142419506,0.018299999999999983,0.398,0.1675,8.0,3.0,3826.0,3.2773,0.4097,0.0253,11865.0,0.3225,0.375
S13002830,2,2022.0,63.03,0.4087,0.142419506,0.018299999999999983,0.398,0.1975,8.0,3.0,3826.0,3.2773,0.4097,0.0253,11865.0,0.3225,0.375
S13002830,2,2022.0,63.03,0.4087,0.142419506,0.018299999999999983,0.4583,0.1675,8.0,3.0,3826.0,3.2773,0.4097,0.0253,11865.0,0.3225,0.375
S13002830,2,2022.0,63.03,0.4087,0.142419506,0.018299999999999983,0.4583,0.1975,8.0,3.0,3826.0,3.2773,0.4097,0.0253,11865.0,0.3225,0.375
S13002830,1,2022.0,7.11,0.4087,0.140410121,0.025800000000000045,0.398,0.1975,8.0,3.0,3826.0,3.2773,0.4097,0.0253,11865.0,0.3225,0.375
S13002830,2,2022.0,63.03,0.4087,0.140410121,0.025800000000000045,0.4583,0.1975,8.0,3.0,3826.0,3.2773,0.4097,0.0253,11865.0,0.3225,0.375
S13002830,1,2022.0,7.11,0.4087,0.140410121,0.025800000000000045,0.4583,0.1675,8.0,3.0,3826.0,3.2773,0.4097,0.0253,11865.0,0.3225,0.375
S13002830,1,2022.0,7.11,0.4087,0.140410121,0.018299999999999983,0.398,0.1675,8.0,3.0,3826.0,3.2773,0.4097,0.0253,11865.0,0.3225,0.375
S13002830,1,2022.0,7.11,0.4087,0.140410121,0.018299999999999983,0.398,0.1975,8.0,3.0,3826.0,3.2773,0.4097,0.0253,11865.0,0.3225,0.375
S13002830,1,2022.0,7.11,0.4087,0.140410121,0.018299999999999983,0.4583,0.1675,8.0,3.0,3826.0,3.2773,0.4097,0.0253,11865.0,0.3225,0.375
S13002830,1,2022.0,7.11,0.4087,0.140410121,0.018299999999999983,0.4583,0.1975,8.0,3.0,3826.0,3.2773,0.4097,0.0253,11865.0,0.3225,0.375
S13002830,1,2022.0,7.11,0.4087,0.142419506,0.025800000000000045,0.398,0.1675,8.0,3.0,3826.0,3.2773,0.4097,0.0253,11865.0,0.3225,0.375
S13002830,1,2022.0,7.11,0.4087,0.142419506,0.025800000000000045,0.398,0.1975,8.0,3.0,3826.0,3.2773,0.4097,0.0253,11865.0,0.3225,0.375
S13002830,1,2022.0,7.11,0.4087,0.142419506,0.025800000000000045,0.4583,0.1675,8.0,3.0,3826.0,3.2773,0.4097,0.0253,11865.0,0.3225,0.375
S13002830,1,2022.0,7.11,0.4087,0.142419506,0.025800000000000045,0.4583,0.1975,8.0,3.0,3826.0,3.2773,0.4097,0.0253,11865.0,0.3225,0.375
S13002830,1,2022.0,7.11,0.4087,0.142419506,0.018299999999999983,0.398,0.1675,8.0,3.0,3826.0,3.2773,0.4097,0.0253,11865.0,0.3225,0.375
S13002830,1,2022.0,7.11,0.4087,0.142419506,0.018299999999999983,0.398,0.1975,8.0,3.0,3826.0,3.2773,0.4097,0.0253,11865.0,0.3225,0.375
S13002830,1,2022.0,7.11,0.4087,0.142419506,0.018299999999999983,0.4583,0.1675,8.0,3.0,3826.0,3.2773,0.4097,0.0253,11865.0,0.3225,0.375
S13002830,1,2022.0,7.11,0.4087,0.142419506,0.018299999999999983,0.4583,0.1975,8.0,3.0,3826.0,3.2773,0.4097,0.0253,11865.0,0.3225,0.375
S13002830,0,2022.0,20.0,0.4087,0.140410121,0.025800000000000045,0.398,0.1675,8.0,3.0,3826.0,3.2773,0.4097,0.0253,11865.0,0.3225,0.375
S13002830,1,2022.0,7.11,0.4087,0.140410121,0.025800000000000045,0.4583,0.1975,8.0,3.0,3826.0,3.2773,0.4097,0.0253,11865.0,0.3225,0.375
S13002830,2,2022.0,63.03,0.4087,0.140410121,0.025800000000000045,0.4583,0.1675,8.0,3.0,3826.0,3.2773,0.4097,0.0253,11865.0,0.3225,0.375
S13002830,2,2022.0,63.03,0.4087,0.140410121,0.025800000000000045,0.398,0.1975,8.0,3.0,3826.0,3.2773,0.4097,0.0253,11865.0,0.3225,0.375
S13002830,2,2022.0,63.03,0.4087,0.140410121,0.025800000000000045,0.398,0.1675,8.0,3.0,3826.0,3.2773,0.4097,0.0253,11865.0,0.3225,0.375
S13002830,0,2022.0,20.0,0.4087,0.142419506,0.018299999999999983,0.4583,0.1975,8.0,3.0,3826.0,3.2773,0.4097,0.0253,11865.0,0.3225,0.375
S13002830,0,2022.0,20.0,0.4087,0.142419506,0.018299999999999983,0.4583,0.1675,8.0,3.0,3826.0,3.2773,0.4097,0.0253,11865.0,0.3225,0.375
S13002830,0,2022.0,20.0,0.4087,0.142419506,0.018299999999999983,0.398,0.1975,8.0,3.0,3826.0,3.2773,0.4097,0.0253,11865.0,0.3225,0.375
S13002830,0,2022.0,20.0,0.4087,0.142419506,0.018299999999999983,0.398,0.1675,8.0,3.0,3826.0,3.2773,0.4097,0.0253,11865.0,0.3225,0.375
S13002830,0,2022.0,20.0,0.4087,0.142419506,0.025800000000000045,0.4583,0.1975,8.0,3.0,3826.0,3.2773,0.4097,0.0253,11865.0,0.3225,0.375
S13002830,0,2022.0,20.0,0.4087,0.142419506,0.025800000000000045,0.4583,0.1675,8.0,3.0,3826.0,3.2773,0.4097,0.0253,11865.0,0.3225,0.375
S13002830,0,2022.0,20.0,0.4087,0.142419506,0.025800000000000045,0.398,0.1975,8.0,3.0,3826.0,3.2773,0.4097,0.0253,11865.0,0.3225,0.375
S13002830,0,2022.0,20.0,0.4087,0.142419506,0.025800000000000045,0.398,0.1675,8.0,3.0,3826.0,3.2773,0.4097,0.0253,11865.0,0.3225,0.375
S13002830,0,2022.0,20.0,0.4087,0.140410121,0.018299999999999983,0.4583,0.1975,8.0,3.0,3826.0,3.2773,0.4097,0.0253,11865.0,0.3225,0.375
S13002830,0,2022.0,20.0,0.4087,0.140410121,0.018299999999999983,0.4583,0.1675,8.0,3.0,3826.0,3.2773,0.4097,0.0253,11865.0,0.3225,0.375
S13002830,0,2022.0,20.0,0.4087,0.140410121,0.018299999999999983,0.398,0.1975,8.0,3.0,3826.0,3.2773,0.4097,0.0253,11865.0,0.3225,0.375
S13002830,0,2022.0,20.0,0.4087,0.140410121,0.018299999999999983,0.398,0.1675,8.0,3.0,3826.0,3.2773,0.4097,0.0253,11865.0,0.3225,0.375
S13002830,0,2022.0,20.0,0.4087,0.140410121,0.025800000000000045,0.4583,0.1975,8.0,3.0,3826.0,3.2773,0.4097,0.0253,11865.0,0.3225,0.375
S13002830,3,2022.0,92.82,0.4087,0.140410121,0.025800000000000045,0.398,0.1675,8.0,3.0,3826.0,3.2773,0.4097,0.0253,11865.0,0.3225,0.375
S13002830,3,2022.0,92.82,0.4087,0.140410121,0.025800000000000045,0.398,0.1975,8.0,3.0,3826.0,3.2773,0.4097,0.0253,11865.0,0.3225,0.375
S13002830,3,2022.0,92.82,0.4087,0.140410121,0.025800000000000045,0.4583,0.1675,8.0,3.0,3826.0,3.2773,0.4097,0.0253,11865.0,0.3225,0.375
S13002830,3,2022.0,92.82,0.4087,0.140410121,0.025800000000000045,0.4583,0.1975,8.0,3.0,3826.0,3.2773,0.4097,0.0253,11865.0,0.3225,0.375
S13002830,3,2022.0,92.82,0.4087,0.140410121,0.018299999999999983,0.398,0.1675,8.0,3.0,3826.0,3.2773,0.4097,0.0253,11865.0,0.3225,0.375
S13002830,3,2022.0,92.82,0.4087,0.140410121,0.018299999999999983,0.398,0.1975,8.0,3.0,3826.0,3.2773,0.4097,0.0253,11865.0,0.3225,0.375
S13002830,3,2022.0,92.82,0.4087,0.140410121,0.018299999999999983,0.4583,0.1675,8.0,3.0,3826.0,3.2773,0.4097,0.0253,11865.0,0.3225,0.375
S13002830,3,2022.0,92.82,0.4087,0.140410121,0.018299999999999983,0.4583,0.1975,8.0,3.0,3826.0,3.2773,0.4097,0.0253,11865.0,0.3225,0.375
S13002830,3,2022.0,92.82,0.4087,0.142419506,0.025800000000000045,0.398,0.1675,8.0,3.0,3826.0,3.2773,0.4097,0.0253,11865.0,0.3225,0.375
S13002830,3,2022.0,92.82,0.4087,0.142419506,0.025800000000000045,0.398,0.1975,8.0,3.0,3826.0,3.2773,0.4097,0.0253,11865.0,0.3225,0.375
S13002830,3,2022.0,92.82,0.4087,0.142419506,0.025800000000000045,0.4583,0.1675,8.0,3.0,3826.0,3.2773,0.4097,0.0253,11865.0,0.3225,0.375
S13002830,3,2022.0,92.82,0.4087,0.142419506,0.025800000000000045,0.4583,0.1975,8.0,3.0,3826.0,3.2773,0.4097,0.0253,11865.0,0.3225,0.375
S13002830,3,2022.0,92.82,0.4087,0.142419506,0.018299999999999983,0.398,0.1675,8.0,3.0,3826.0,3.2773,0.4097,0.0253,11865.0,0.3225,0.375
S13002830,3,2022.0,92.82,0.4087,0.142419506,0.018299999999999983,0.398,0.1975,8.0,3.0,3826.0,3.2773,0.4097,0.0253,11865.0,0.3225,0.375
S13002830,3,2022.0,92.82,0.4087,0.142419506,0.018299999999999983,0.4583,0.1675,8.0,3.0,3826.0,3.2773,0.4097,0.0253,11865.0,0.3225,0.375
S13002830,3,2022.0,92.82,0.4087,0.142419506,0.018299999999999983,0.4583,0.1975,8.0,3.0,3826.0,3.2773,0.4097,0.0253,11865.0,0.3225,0.375
S13002830,0,2017.0,25.990000000000002,0.4087,0.142419506,0.018299999999999983,0.4583,0.1675,8.0,3.0,3826.0,3.2773,0.4097,0.0253,12485.0,0.3064,0.375
S13002830,1,2022.0,7.11,0.4087,0.140410121,0.025800000000000045,0.398,0.1675,8.0,3.0,3826.0,3.2773,0.4097,0.0253,11865.0,0.3225,0.375
S13002835,2,2017.0,66.98,0.2992,0.19948033,0.010099999999999998,0.5244,0.3032,7.0,4.0,6608.0,3.0462,0.4352,0.0192,15795.0,0.4184,0.5714
S13002835,0,2022.0,5.76,0.2992,0.19948033,0.010099999999999998,0.5244,0.3032,8.0,4.0,6598.0,3.3634,0.4204,0.0192,16860.0,0.3913,0.5
S13002835,3,2017.0,93.62,0.2992,0.19948033,0.010099999999999998,0.5244,0.3032,8.0,4.0,6598.0,3.3634,0.4204,0.0192,15795.0,0.4177,0.5
S13002835,3,2017.0,93.62,0.2992,0.19948033,0.010099999999999998,0.5244,0.3032,7.0,4.0,6608.0,3.0462,0.4352,0.0192,15795.0,0.4184,0.5714
S13002835,1,2017.0,8.64,0.2992,0.19948033,0.010099999999999998,0.5244,0.3032,7.0,4.0,6608.0,3.0462,0.4352,0.0192,15795.0,0.4184,0.5714
S13002835,1,2017.0,8.64,0.2992,0.19948033,0.010099999999999998,0.5244,0.3032,8.0,4.0,6598.0,3.3634,0.4204,0.0192,15795.0,0.4177,0.5
S13002835,0,2017.0,19.44,0.2992,0.19948033,0.010099999999999998,0.5244,0.3032,7.0,4.0,6608.0,3.0462,0.4352,0.0192,15795.0,0.4184,0.5714
S13002835,2,2017.0,66.98,0.2992,0.19948033,0.010099999999999998,0.5244,0.3032,8.0,4.0,6598.0,3.3634,0.4204,0.0192,15795.0,0.4177,0.5
S13002835,0,2017.0,19.44,0.2992,0.19948033,0.010099999999999998,0.5244,0.3032,8.0,4.0,6598.0,3.3634,0.4204,0.0192,15795.0,0.4177,0.5
S13002835,3,2022.0,84.75,0.2992,0.19948033,0.010099999999999998,0.5244,0.3032,7.0,4.0,6608.0,3.0462,0.4352,0.0192,16860.0,0.3919,0.5714
S13002835,1,2022.0,2.67,0.2992,0.19948033,0.010099999999999998,0.5244,0.3032,7.0,4.0,6608.0,3.0462,0.4352,0.0192,16860.0,0.3919,0.5714
S13002835,2,2022.0,62.34,0.2992,0.19948033,0.010099999999999998,0.5244,0.3032,8.0,4.0,6598.0,3.3634,0.4204,0.0192,16860.0,0.3913,0.5
S13002835,2,2022.0,62.34,0.2992,0.19948033,0.010099999999999998,0.5244,0.3032,7.0,4.0,6608.0,3.0462,0.4352,0.0192,16860.0,0.3919,0.5714
S13002835,3,2022.0,84.75,0.2992,0.19948033,0.010099999999999998,0.5244,0.3032,8.0,4.0,6598.0,3.3634,0.4204,0.0192,16860.0,0.3913,0.5
S13002835,1,2022.0,2.67,0.2992,0.19948033,0.010099999999999998,0.5244,0.3032,8.0,4.0,6598.0,3.3634,0.4204,0.0192,16860.0,0.3913,0.5
S13002835,0,2022.0,5.76,0.2992,0.19948033,0.010099999999999998,0.5244,0.3032,7.0,4.0,6608.0,3.0462,0.4352,0.0192,16860.0,0.3919,0.5714
S13002836,0,2022.0,14.83,0.2952,0.233384526,0.0121,0.6197,0.3245,8.0,4.0,6793.0,3.2408,0.4051,0.015,15314.0,0.4436,0.5
S13002836,3,2017.0,92.3,0.2952,0.233384526,0.0121,0.6197,0.3245,9.0,4.0,7236.0,3.2125,0.3569,0.015,16111.0,0.4491,0.4444
S13002836,3,2017.0,92.3,0.2952,0.233384526,0.0121,0.6197,0.3245,8.0,4.0,6793.0,3.2408,0.4051,0.015,16111.0,0.4216,0.5
S13002836,2,2017.0,74.42,0.2952,0.233384526,0.0121,0.6197,0.3245,9.0,4.0,7236.0,3.2125,0.3569,0.015,16111.0,0.4491,0.4444
S13002836,2,2017.0,74.42,0.2952,0.233384526,0.0121,0.6197,0.3245,8.0,4.0,6793.0,3.2408,0.4051,0.015,16111.0,0.4216,0.5
S13002836,1,2017.0,9.5,0.2952,0.233384526,0.0121,0.6197,0.3245,9.0,4.0,7236.0,3.2125,0.3569,0.015,16111.0,0.4491,0.4444
S13002836,1,2017.0,9.5,0.2952,0.233384526,0.0121,0.6197,0.3245,8.0,4.0,6793.0,3.2408,0.4051,0.015,16111.0,0.4216,0.5
S13002836,0,2017.0,20.990000000000002,0.2952,0.233384526,0.0121,0.6197,0.3245,8.0,4.0,6793.0,3.2408,0.4051,0.015,16111.0,0.4216,0.5
S13002836,0,2017.0,20.990000000000002,0.2952,0.233384526,0.0121,0.6197,0.3245,9.0,4.0,7236.0,3.2125,0.3569,0.015,16111.0,0.4491,0.4444
S13002836,2,2022.0,63.84,0.2952,0.233384526,0.0121,0.6197,0.3245,8.0,4.0,6793.0,3.2408,0.4051,0.015,15314.0,0.4436,0.5
S13002836,0,2022.0,14.83,0.2952,0.233384526,0.0121,0.6197,0.3245,9.0,4.0,7236.0,3.2125,0.3569,0.015,15314.0,0.4725,0.4444
S13002836,1,2022.0,6.42,0.2952,0.233384526,0.0121,0.6197,0.3245,8.0,4.0,6793.0,3.2408,0.4051,0.015,15314.0,0.4436,0.5
S13002836,1,2022.0,6.42,0.2952,0.233384526,0.0121,0.6197,0.3245,9.0,4.0,7236.0,3.2125,0.3569,0.015,15314.0,0.4725,0.4444
S13002836,2,2022.0,63.84,0.2952,0.233384526,0.0121,0.6197,0.3245,9.0,4.0,7236.0,3.2125,0.3569,0.015,15314.0,0.4725,0.4444
S13002836,3,2022.0,85.53999999999999,0.2952,0.233384526,0.0121,0.6197,0.3245,8.0,4.0,6793.0,3.2408,0.4051,0.015,15314.0,0.4436,0.5
S13002836,3,2022.0,85.53999999999999,0.2952,0.233384526,0.0121,0.6197,0.3245,9.0,4.0,7236.0,3.2125,0.3569,0.015,15314.0,0.4725,0.4444
S13002837,3,2017.0,86.06,0.3103,0.187702265,0.024399999999999977,0.5327,0.3048,7.0,3.0,4752.0,3.0503,0.4358,0.021,12313.0,0.3859,0.4286
S13002837,3,2017.0,86.06,0.3103,0.187702265,0.024399999999999977,0.5327,0.3048,7.0,3.0,5043.0,2.8965,0.4138,0.021,12313.0,0.4096,0.4286
S13002837,1,2017.0,10.61,0.3103,0.187702265,0.024399999999999977,0.5327,0.3048,7.0,3.0,5043.0,2.8965,0.4138,0.021,12313.0,0.4096,0.4286
S13002837,1,2017.0,10.61,0.3103,0.187702265,0.024399999999999977,0.5327,0.3048,7.0,3.0,4752.0,3.0503,0.4358,0.021,12313.0,0.3859,0.4286
S13002837,0,2017.0,23.39,0.3103,0.187702265,0.024399999999999977,0.5327,0.3048,7.0,3.0,5043.0,2.8965,0.4138,0.021,12313.0,0.4096,0.4286
S13002837,0,2017.0,23.39,0.3103,0.187702265,0.024399999999999977,0.5327,0.3048,7.0,3.0,4752.0,3.0503,0.4358,0.021,12313.0,0.3859,0.4286
S13002837,3,2022.0,91.41,0.3103,0.187702265,0.024399999999999977,0.5327,0.3048,7.0,3.0,5043.0,2.8965,0.4138,0.021,11609.0,0.4344,0.4286
S13002837,0,2022.0,21.240000000000002,0.3103,0.187702265,0.024399999999999977,0.5327,0.3048,7.0,3.0,4752.0,3.0503,0.4358,0.021,11609.0,0.4093,0.4286
S13002837,2,2017.0,53.94,0.3103,0.187702265,0.024399999999999977,0.5327,0.3048,7.0,3.0,4752.0,3.0503,0.4358,0.021,12313.0,0.3859,0.4286
S13002837,1,2022.0,12.24,0.3103,0.187702265,0.024399999999999977,0.5327,0.3048,7.0,3.0,4752.0,3.0503,0.4358,0.021,11609.0,0.4093,0.4286
S13002837,1,2022.0,12.24,0.3103,0.187702265,0.024399999999999977,0.5327,0.3048,7.0,3.0,5043.0,2.8965,0.4138,0.021,11609.0,0.4344,0.4286
S13002837,2,2017.0,53.94,0.3103,0.187702265,0.024399999999999977,0.5327,0.3048,7.0,3.0,5043.0,2.8965,0.4138,0.021,12313.0,0.4096,0.4286
S13002837,2,2022.0,64.04,0.3103,0.187702265,0.024399999999999977,0.5327,0.3048,7.0,3.0,4752.0,3.0503,0.4358,0.021,11609.0,0.4093,0.4286
S13002837,2,2022.0,64.04,0.3103,0.187702265,0.024399999999999977,0.5327,0.3048,7.0,3.0,5043.0,2.8965,0.4138,0.021,11609.0,0.4344,0.4286
S13002837,3,2022.0,91.41,0.3103,0.187702265,0.024399999999999977,0.5327,0.3048,7.0,3.0,4752.0,3.0503,0.4358,0.021,11609.0,0.4093,0.4286
S13002837,0,2022.0,21.240000000000002,0.3103,0.187702265,0.024399999999999977,0.5327,0.3048,7.0,3.0,5043.0,2.8965,0.4138,0.021,11609.0,0.4344,0.4286
S13002838,0,2022.0,2.75,0.2536,0.168068834,0.02510000000000001,0.4749,0.1693,8.0,3.0,4382.0,3.2974,0.4122,0.0296,11708.0,0.3743,0.375
S13002838,1,2022.0,2.2,0.2536,0.168068834,0.02510000000000001,0.4749,0.1693,9.0,3.0,3674.0,3.4415,0.3824,0.0296,11708.0,0.3138,0.3333
S13002838,0,2017.0,14.579999999999998,0.2536,0.168068834,0.02510000000000001,0.4749,0.1693,9.0,3.0,3674.0,3.4415,0.3824,0.0296,13425.0,0.2737,0.3333
S13002838,0,2017.0,14.579999999999998,0.2536,0.168068834,0.02510000000000001,0.4749,0.1693,8.0,3.0,4382.0,3.2974,0.4122,0.0296,13425.0,0.3264,0.375
S13002838,1,2017.0,10.709999999999999,0.2536,0.168068834,0.02510000000000001,0.4749,0.1693,9.0,3.0,3674.0,3.4415,0.3824,0.0296,13425.0,0.2737,0.3333
S13002838,1,2017.0,10.709999999999999,0.2536,0.168068834,0.02510000000000001,0.4749,0.1693,8.0,3.0,4382.0,3.2974,0.4122,0.0296,13425.0,0.3264,0.375
S13002838,2,2017.0,48.309999999999995,0.2536,0.168068834,0.02510000000000001,0.4749,0.1693,9.0,3.0,3674.0,3.4415,0.3824,0.0296,13425.0,0.2737,0.3333
S13002838,3,2017.0,66.64,0.2536,0.168068834,0.02510000000000001,0.4749,0.1693,8.0,3.0,4382.0,3.2974,0.4122,0.0296,13425.0,0.3264,0.375
S13002838,3,2017.0,66.64,0.2536,0.168068834,0.02510000000000001,0.4749,0.1693,9.0,3.0,3674.0,3.4415,0.3824,0.0296,13425.0,0.2737,0.3333
S13002838,1,2022.0,2.2,0.2536,0.168068834,0.02510000000000001,0.4749,0.1693,8.0,3.0,4382.0,3.2974,0.4122,0.0296,11708.0,0.3743,0.375
S13002838,2,2022.0,43.17,0.2536,0.168068834,0.02510000000000001,0.4749,0.1693,9.0,3.0,3674.0,3.4415,0.3824,0.0296,11708.0,0.3138,0.3333
S13002838,2,2022.0,43.17,0.2536,0.168068834,0.02510000000000001,0.4749,0.1693,8.0,3.0,4382.0,3.2974,0.4122,0.0296,11708.0,0.3743,0.375
S13002838,3,2022.0,66.11,0.2536,0.168068834,0.02510000000000001,0.4749,0.1693,9.0,3.0,3674.0,3.4415,0.3824,0.0296,11708.0,0.3138,0.3333
S13002838,3,2022.0,66.11,0.2536,0.168068834,0.02510000000000001,0.4749,0.1693,8.0,3.0,4382.0,3.2974,0.4122,0.0296,11708.0,0.3743,0.375
S13002838,2,2017.0,48.309999999999995,0.2536,0.168068834,0.02510000000000001,0.4749,0.1693,8.0,3.0,4382.0,3.2974,0.4122,0.0296,13425.0,0.3264,0.375
S13002838,0,2022.0,2.75,0.2536,0.168068834,0.02510000000000001,0.4749,0.1693,9.0,3.0,3674.0,3.4415,0.3824,0.0296,11708.0,0.3138,0.3333
S13002839,3,2017.0,78.84,0.3057,0.175008726,0.0008000000000000229,0.414,0.3193,8.0,3.0,4537.0,3.2347,0.4043,0.0327,13666.0,0.332,0.375
S13002839,0,2017.0,22.759999999999998,0.3057,0.175008726,0.0008000000000000229,0.414,0.3193,8.0,3.0,4537.0,3.2347,0.4043,0.0327,13666.0,0.332,0.375
S13002839,1,2017.0,6.68,0.3057,0.175008726,0.0008000000000000229,0.414,0.3193,7.0,3.0,4154.0,3.0585,0.4369,0.0327,13666.0,0.304,0.4286
S13002839,1,2017.0,6.68,0.3057,0.175008726,0.0008000000000000229,0.414,0.3193,8.0,3.0,4537.0,3.2347,0.4043,0.0327,13666.0,0.332,0.375
S13002839,2,2017.0,43.33,0.3057,0.175008726,0.0008000000000000229,0.414,0.3193,7.0,3.0,4154.0,3.0585,0.4369,0.0327,13666.0,0.304,0.4286
S13002839,2,2017.0,43.33,0.3057,0.175008726,0.0008000000000000229,0.414,0.3193,8.0,3.0,4537.0,3.2347,0.4043,0.0327,13666.0,0.332,0.375
S13002839,3,2017.0,78.84,0.3057,0.175008726,0.0008000000000000229,0.414,0.3193,7.0,3.0,4154.0,3.0585,0.4369,0.0327,13666.0,0.304,0.4286
S13002839,3,2022.0,86.11,0.3057,0.175008726,0.0008000000000000229,0.414,0.3193,8.0,3.0,4537.0,3.2347,0.4043,0.0327,11030.0,0.4113,0.375
S13002839,3,2022.0,86.11,0.3057,0.175008726,0.0008000000000000229,0.414,0.3193,7.0,3.0,4154.0,3.0585,0.4369,0.0327,11030.0,0.3766,0.4286
S13002839,2,2022.0,56.690000000000005,0.3057,0.175008726,0.0008000000000000229,0.414,0.3193,8.0,3.0,4537.0,3.2347,0.4043,0.0327,11030.0,0.4113,0.375
S13002839,1,2022.0,6.86,0.3057,0.175008726,0.0008000000000000229,0.414,0.3193,8.0,3.0,4537.0,3.2347,0.4043,0.0327,11030.0,0.4113,0.375
S13002839,1,2022.0,6.86,0.3057,0.175008726,0.0008000000000000229,0.414,0.3193,7.0,3.0,4154.0,3.0585,0.4369,0.0327,11030.0,0.3766,0.4286
S13002839,0,2022.0,23.95,0.3057,0.175008726,0.0008000000000000229,0.414,0.3193,8.0,3.0,4537.0,3.2347,0.4043,0.0327,11030.0,0.4113,0.375
S13002839,0,2022.0,23.95,0.3057,0.175008726,0.0008000000000000229,0.414,0.3193,7.0,3.0,4154.0,3.0585,0.4369,0.0327,11030.0,0.3766,0.4286
S13002839,0,2017.0,22.759999999999998,0.3057,0.175008726,0.0008000000000000229,0.414,0.3193,7.0,3.0,4154.0,3.0585,0.4369,0.0327,13666.0,0.304,0.4286
S13002839,2,2022.0,56.690000000000005,0.3057,0.175008726,0.0008000000000000229,0.414,0.3193,7.0,3.0,4154.0,3.0585,0.4369,0.0327,11030.0,0.3766,0.4286
S13002840,0,2022.0,24.48,0.3296,0.114929811,0.014000000000000012,0.2794,0.3148,9.0,3.0,3217.0,3.3593,0.3733,0.0317,8757.0,0.3674,0.3333
S13002840,1,2022.0,12.18,0.3296,0.114929811,0.014000000000000012,0.2794,0.3148,10.0,3.0,2616.0,3.5547,0.3555,0.0317,8757.0,0.2987,0.3
S13002840,0,2022.0,24.48,0.3296,0.114929811,0.014000000000000012,0.2794,0.3148,10.0,3.0,2616.0,3.5547,0.3555,0.0317,8757.0,0.2987,0.3
S13002840,3,2017.0,87.44,0.3296,0.114929811,0.014000000000000012,0.2794,0.3148,9.0,3.0,3217.0,3.3593,0.3733,0.0317,13060.0,0.2463,0.3333
S13002840,3,2017.0,87.44,0.3296,0.114929811,0.014000000000000012,0.2794,0.3148,10.0,3.0,2616.0,3.5547,0.3555,0.0317,13060.0,0.2003,0.3
S13002840,2,2017.0,52.6,0.3296,0.114929811,0.014000000000000012,0.2794,0.3148,9.0,3.0,3217.0,3.3593,0.3733,0.0317,13060.0,0.2463,0.3333
S13002840,2,2017.0,52.6,0.3296,0.114929811,0.014000000000000012,0.2794,0.3148,10.0,3.0,2616.0,3.5547,0.3555,0.0317,13060.0,0.2003,0.3
S13002840,1,2017.0,11.24,0.3296,0.114929811,0.014000000000000012,0.2794,0.3148,9.0,3.0,3217.0,3.3593,0.3733,0.0317,13060.0,0.2463,0.3333
S13002840,1,2017.0,11.24,0.3296,0.114929811,0.014000000000000012,0.2794,0.3148,10.0,3.0,2616.0,3.5547,0.3555,0.0317,13060.0,0.2003,0.3
S13002840,0,2017.0,23.86,0.3296,0.114929811,0.014000000000000012,0.2794,0.3148,10.0,3.0,2616.0,3.5547,0.3555,0.0317,13060.0,0.2003,0.3
S13002840,0,2017.0,23.86,0.3296,0.114929811,0.014000000000000012,0.2794,0.3148,9.0,3.0,3217.0,3.3593,0.3733,0.0317,13060.0,0.2463,0.3333
S13002840,2,2022.0,57.07,0.3296,0.114929811,0.014000000000000012,0.2794,0.3148,9.0,3.0,3217.0,3.3593,0.3733,0.0317,8757.0,0.3674,0.3333
S13002840,1,2022.0,12.18,0.3296,0.114929811,0.014000000000000012,0.2794,0.3148,9.0,3.0,3217.0,3.3593,0.3733,0.0317,8757.0,0.3674,0.3333
S13002840,2,2022.0,57.07,0.3296,0.114929811,0.014000000000000012,0.2794,0.3148,10.0,3.0,2616.0,3.5547,0.3555,0.0317,8757.0,0.2987,0.3
S13002840,3,2022.0,84.64,0.3296,0.114929811,0.014000000000000012,0.2794,0.3148,10.0,3.0,2616.0,3.5547,0.3555,0.0317,8757.0,0.2987,0.3
S13002840,3,2022.0,84.64,0.3296,0.114929811,0.014000000000000012,0.2794,0.3148,9.0,3.0,3217.0,3.3593,0.3733,0.0317,8757.0,0.3674,0.3333
S13002841,2,2017.0,52.85,0.305,0.147257751,0.005900000000000016,0.3775,0.5334,8.0,3.0,4755.0,3.3323,0.4165,0.0275,12968.0,0.3667,0.375
S13002841,2,2017.0,52.85,0.305,0.147257751,0.005900000000000016,0.3775,0.5334,6.0,3.0,4689.0,3.0949,0.5158,0.0275,12968.0,0.3616,0.5
S13002841,1,2017.0,4.33,0.305,0.147257751,0.005900000000000016,0.3775,0.5334,8.0,3.0,4755.0,3.3323,0.4165,0.0275,12968.0,0.3667,0.375
S13002841,1,2017.0,4.33,0.305,0.147257751,0.005900000000000016,0.3775,0.5334,6.0,3.0,4689.0,3.0949,0.5158,0.0275,12968.0,0.3616,0.5
S13002841,0,2017.0,10.29,0.305,0.147257751,0.005900000000000016,0.3775,0.5334,8.0,3.0,4755.0,3.3323,0.4165,0.0275,12968.0,0.3667,0.375
S13002841,0,2017.0,10.29,0.305,0.147257751,0.005900000000000016,0.3775,0.5334,6.0,3.0,4689.0,3.0949,0.5158,0.0275,12968.0,0.3616,0.5
S13002841,1,2022.0,1.6700000000000002,0.305,0.147257751,0.005900000000000016,0.3775,0.5334,8.0,3.0,4755.0,3.3323,0.4165,0.0275,11140.0,0.4268,0.375
S13002841,0,2022.0,4.11,0.305,0.147257751,0.005900000000000016,0.3775,0.5334,6.0,3.0,4689.0,3.0949,0.5158,0.0275,11140.0,0.4209,0.5
S13002841,0,2022.0,4.11,0.305,0.147257751,0.005900000000000016,0.3775,0.5334,8.0,3.0,4755.0,3.3323,0.4165,0.0275,11140.0,0.4268,0.375
S13002841,3,2017.0,80.78,0.305,0.147257751,0.005900000000000016,0.3775,0.5334,8.0,3.0,4755.0,3.3323,0.4165,0.0275,12968.0,0.3667,0.375
S13002841,1,2022.0,1.6700000000000002,0.305,0.147257751,0.005900000000000016,0.3775,0.5334,6.0,3.0,4689.0,3.0949,0.5158,0.0275,11140.0,0.4209,0.5
S13002841,2,2022.0,51.49,0.305,0.147257751,0.005900000000000016,0.3775,0.5334,6.0,3.0,4689.0,3.0949,0.5158,0.0275,11140.0,0.4209,0.5
S13002841,2,2022.0,51.49,0.305,0.147257751,0.005900000000000016,0.3775,0.5334,8.0,3.0,4755.0,3.3323,0.4165,0.0275,11140.0,0.4268,0.375
S13002841,3,2022.0,83.54,0.305,0.147257751,0.005900000000000016,0.3775,0.5334,6.0,3.0,4689.0,3.0949,0.5158,0.0275,11140.0,0.4209,0.5
S13002841,3,2022.0,83.54,0.305,0.147257751,0.005900000000000016,0.3775,0.5334,8.0,3.0,4755.0,3.3323,0.4165,0.0275,11140.0,0.4268,0.375
S13002841,3,2017.0,80.78,0.305,0.147257751,0.005900000000000016,0.3775,0.5334,6.0,3.0,4689.0,3.0949,0.5158,0.0275,12968.0,0.3616,0.5
S13002842,0,2022.0,14.52,0.2928,0.062420562,-0.0009000000000000119,0.1861,0.4095,9.0,4.0,3622.0,3.8603,0.4289,0.029,12418.0,0.2917,0.4444
S13002842,0,2017.0,16.85,0.2928,0.062420562,-0.0009000000000000119,0.1861,0.4095,7.0,4.0,3427.0,3.466,0.4951,0.029,19224.0,0.1783,0.5714
S13002842,0,2017.0,16.85,0.2928,0.062420562,-0.0009000000000000119,0.1861,0.4095,9.0,4.0,3622.0,3.8603,0.4289,0.029,19224.0,0.1884,0.4444
S13002842,3,2022.0,88.27,0.2928,0.062420562,-0.0009000000000000119,0.1861,0.4095,9.0,4.0,3622.0,3.8603,0.4289,0.029,12418.0,0.2917,0.4444
S13002842,3,2022.0,88.27,0.2928,0.062420562,-0.0009000000000000119,0.1861,0.4095,7.0,4.0,3427.0,3.466,0.4951,0.029,12418.0,0.276,0.5714
S13002842,2,2022.0,61.980000000000004,0.2928,0.062420562,-0.0009000000000000119,0.1861,0.4095,9.0,4.0,3622.0,3.8603,0.4289,0.029,12418.0,0.2917,0.4444
S13002842,2,2022.0,61.980000000000004,0.2928,0.062420562,-0.0009000000000000119,0.1861,0.4095,7.0,4.0,3427.0,3.466,0.4951,0.029,12418.0,0.276,0.5714
S13002842,1,2022.0,6.44,0.2928,0.062420562,-0.0009000000000000119,0.1861,0.4095,9.0,4.0,3622.0,3.8603,0.4289,0.029,12418.0,0.2917,0.4444
S13002842,1,2022.0,6.44,0.2928,0.062420562,-0.0009000000000000119,0.1861,0.4095,7.0,4.0,3427.0,3.466,0.4951,0.029,12418.0,0.276,0.5714
S13002842,3,2017.0,85.64,0.2928,0.062420562,-0.0009000000000000119,0.1861,0.4095,9.0,4.0,3622.0,3.8603,0.4289,0.029,19224.0,0.1884,0.4444
S13002842,0,2022.0,14.52,0.2928,0.062420562,-0.0009000000000000119,0.1861,0.4095,7.0,4.0,3427.0,3.466,0.4951,0.029,12418.0,0.276,0.5714
S13002842,1,2017.0,6.16,0.2928,0.062420562,-0.0009000000000000119,0.1861,0.4095,7.0,4.0,3427.0,3.466,0.4951,0.029,19224.0,0.1783,0.5714
S13002842,1,2017.0,6.16,0.2928,0.062420562,-0.0009000000000000119,0.1861,0.4095,9.0,4.0,3622.0,3.8603,0.4289,0.029,19224.0,0.1884,0.4444
S13002842,2,2017.0,53.28999999999999,0.2928,0.062420562,-0.0009000000000000119,0.1861,0.4095,7.0,4.0,3427.0,3.466,0.4951,0.029,19224.0,0.1783,0.5714
S13002842,2,2017.0,53.28999999999999,0.2928,0.062420562,-0.0009000000000000119,0.1861,0.4095,9.0,4.0,3622.0,3.8603,0.4289,0.029,19224.0,0.1884,0.4444
S13002842,3,2017.0,85.64,0.2928,0.062420562,-0.0009000000000000119,0.1861,0.4095,7.0,4.0,3427.0,3.466,0.4951,0.029,19224.0,0.1783,0.5714
S13002843,1,2022.0,2.44,0.3516,0.231638767,0.01539999999999997,0.666,0.5458,7.0,3.0,6886.0,3.213,0.459,0.0168,12666.0,0.5437,0.4286
S13002843,0,2017.0,20.97,0.3516,0.231638767,0.01539999999999997,0.666,0.5458,7.0,3.0,6886.0,3.213,0.459,0.0168,13121.0,0.5248,0.4286
S13002843,0,2017.0,20.97,0.3516,0.231638767,0.01539999999999997,0.666,0.5458,8.0,3.0,6811.0,3.132,0.3915,0.0168,13121.0,0.5191,0.375
S13002843,3,2017.0,80.5,0.3516,0.231638767,0.01539999999999997,0.666,0.5458,7.0,3.0,6886.0,3.213,0.459,0.0168,13121.0,0.5248,0.4286
S13002843,1,2017.0,9.88,0.3516,0.231638767,0.01539999999999997,0.666,0.5458,8.0,3.0,6811.0,3.132,0.3915,0.0168,13121.0,0.5191,0.375
S13002843,2,2017.0,56.28,0.3516,0.231638767,0.01539999999999997,0.666,0.5458,7.0,3.0,6886.0,3.213,0.459,0.0168,13121.0,0.5248,0.4286
S13002843,2,2017.0,56.28,0.3516,0.231638767,0.01539999999999997,0.666,0.5458,8.0,3.0,6811.0,3.132,0.3915,0.0168,13121.0,0.5191,0.375
S13002843,1,2022.0,2.44,0.3516,0.231638767,0.01539999999999997,0.666,0.5458,8.0,3.0,6811.0,3.132,0.3915,0.0168,12666.0,0.5377,0.375
S13002843,3,2017.0,80.5,0.3516,0.231638767,0.01539999999999997,0.666,0.5458,8.0,3.0,6811.0,3.132,0.3915,0.0168,13121.0,0.5191,0.375
S13002843,2,2022.0,23.82,0.3516,0.231638767,0.01539999999999997,0.666,0.5458,7.0,3.0,6886.0,3.213,0.459,0.0168,12666.0,0.5437,0.4286
S13002843,3,2022.0,59.37,0.3516,0.231638767,0.01539999999999997,0.666,0.5458,7.0,3.0,6886.0,3.213,0.459,0.0168,12666.0,0.5437,0.4286
S13002843,3,2022.0,59.37,0.3516,0.231638767,0.01539999999999997,0.666,0.5458,8.0,3.0,6811.0,3.132,0.3915,0.0168,12666.0,0.5377,0.375
S13002843,0,2022.0,2.44,0.3516,0.231638767,0.01539999999999997,0.666,0.5458,7.0,3.0,6886.0,3.213,0.459,0.0168,12666.0,0.5437,0.4286
S13002843,0,2022.0,2.44,0.3516,0.231638767,0.01539999999999997,0.666,0.5458,8.0,3.0,6811.0,3.132,0.3915,0.0168,12666.0,0.5377,0.375
S13002843,1,2017.0,9.88,0.3516,0.231638767,0.01539999999999997,0.666,0.5458,7.0,3.0,6886.0,3.213,0.459,0.0168,13121.0,0.5248,0.4286
S13002843,2,2022.0,23.82,0.3516,0.231638767,0.01539999999999997,0.666,0.5458,8.0,3.0,6811.0,3.132,0.3915,0.0168,12666.0,0.5377,0.375
S13002844,2,2017.0,61.84,0.3507,0.197565165,0.012900000000000023,0.5565,0.5626,6.0,4.0,7508.0,3.1834,0.5306,0.0176,17366.0,0.4323,0.6667
S13002844,0,2017.0,19.08,0.3507,0.197565165,0.012900000000000023,0.5565,0.5626,6.0,4.0,7508.0,3.1834,0.5306,0.0176,17366.0,0.4323,0.6667
S13002844,1,2017.0,4.51,0.3507,0.197565165,0.012900000000000023,0.5565,0.5626,7.0,4.0,7736.0,3.3047,0.4721,0.0176,17366.0,0.4455,0.5714
S13002844,1,2017.0,4.51,0.3507,0.197565165,0.012900000000000023,0.5565,0.5626,6.0,4.0,7508.0,3.1834,0.5306,0.0176,17366.0,0.4323,0.6667
S13002844,2,2017.0,61.84,0.3507,0.197565165,0.012900000000000023,0.5565,0.5626,7.0,4.0,7736.0,3.3047,0.4721,0.0176,17366.0,0.4455,0.5714
S13002844,3,2017.0,91.75999999999999,0.3507,0.197565165,0.012900000000000023,0.5565,0.5626,7.0,4.0,7736.0,3.3047,0.4721,0.0176,17366.0,0.4455,0.5714
S13002844,3,2017.0,91.75999999999999,0.3507,0.197565165,0.012900000000000023,0.5565,0.5626,6.0,4.0,7508.0,3.1834,0.5306,0.0176,17366.0,0.4323,0.6667
S13002844,3,2022.0,89.75,0.3507,0.197565165,0.012900000000000023,0.5565,0.5626,6.0,4.0,7508.0,3.1834,0.5306,0.0176,15563.0,0.4824,0.6667
S13002844,3,2022.0,89.75,0.3507,0.197565165,0.012900000000000023,0.5565,0.5626,7.0,4.0,7736.0,3.3047,0.4721,0.0176,15563.0,0.4971,0.5714
S13002844,2,2022.0,64.77000000000001,0.3507,0.197565165,0.012900000000000023,0.5565,0.5626,6.0,4.0,7508.0,3.1834,0.5306,0.0176,15563.0,0.4824,0.6667
S13002844,2,2022.0,64.77000000000001,0.3507,0.197565165,0.012900000000000023,0.5565,0.5626,7.0,4.0,7736.0,3.3047,0.4721,0.0176,15563.0,0.4971,0.5714
S13002844,1,2022.0,9.129999999999999,0.3507,0.197565165,0.012900000000000023,0.5565,0.5626,6.0,4.0,7508.0,3.1834,0.5306,0.0176,15563.0,0.4824,0.6667
S13002844,1,2022.0,9.129999999999999,0.3507,0.197565165,0.012900000000000023,0.5565,0.5626,7.0,4.0,7736.0,3.3047,0.4721,0.0176,15563.0,0.4971,0.5714
S13002844,0,2022.0,11.03,0.3507,0.197565165,0.012900000000000023,0.5565,0.5626,6.0,4.0,7508.0,3.1834,0.5306,0.0176,15563.0,0.4824,0.6667
S13002844,0,2017.0,19.08,0.3507,0.197565165,0.012900000000000023,0.5565,0.5626,7.0,4.0,7736.0,3.3047,0.4721,0.0176,17366.0,0.4455,0.5714
S13002844,0,2022.0,11.03,0.3507,0.197565165,0.012900000000000023,0.5565,0.5626,7.0,4.0,7736.0,3.3047,0.4721,0.0176,15563.0,0.4971,0.5714
S13002845,2,2022.0,64.05,0.3458,0.211677895,0.022499999999999964,0.5038,0.4573,5.0,3.0,5872.0,2.7285,0.5457,0.0207,11924.0,0.4925,0.6
S13002845,0,2022.0,7.029999999999999,0.3458,0.211677895,0.022499999999999964,0.5038,0.4573,4.0,3.0,6116.0,2.4424,0.6106,0.0207,11924.0,0.5129,0.75
S13002845,0,2017.0,6.2,0.3458,0.211677895,0.022499999999999964,0.5038,0.4573,5.0,3.0,5872.0,2.7285,0.5457,0.0207,14430.0,0.4069,0.6
S13002845,0,2017.0,6.2,0.3458,0.211677895,0.022499999999999964,0.5038,0.4573,4.0,3.0,6116.0,2.4424,0.6106,0.0207,14430.0,0.4238,0.75
S13002845,1,2017.0,6.2,0.3458,0.211677895,0.022499999999999964,0.5038,0.4573,5.0,3.0,5872.0,2.7285,0.5457,0.0207,14430.0,0.4069,0.6
S13002845,1,2017.0,6.2,0.3458,0.211677895,0.022499999999999964,0.5038,0.4573,4.0,3.0,6116.0,2.4424,0.6106,0.0207,14430.0,0.4238,0.75
S13002845,2,2017.0,65.26,0.3458,0.211677895,0.022499999999999964,0.5038,0.4573,5.0,3.0,5872.0,2.7285,0.5457,0.0207,14430.0,0.4069,0.6
S13002845,2,2017.0,65.26,0.3458,0.211677895,0.022499999999999964,0.5038,0.4573,4.0,3.0,6116.0,2.4424,0.6106,0.0207,14430.0,0.4238,0.75
S13002845,0,2022.0,7.029999999999999,0.3458,0.211677895,0.022499999999999964,0.5038,0.4573,5.0,3.0,5872.0,2.7285,0.5457,0.0207,11924.0,0.4925,0.6
S13002845,3,2017.0,88.28,0.3458,0.211677895,0.022499999999999964,0.5038,0.4573,4.0,3.0,6116.0,2.4424,0.6106,0.0207,14430.0,0.4238,0.75
S13002845,3,2017.0,88.28,0.3458,0.211677895,0.022499999999999964,0.5038,0.4573,5.0,3.0,5872.0,2.7285,0.5457,0.0207,14430.0,0.4069,0.6
S13002845,3,2022.0,90.67,0.3458,0.211677895,0.022499999999999964,0.5038,0.4573,4.0,3.0,6116.0,2.4424,0.6106,0.0207,11924.0,0.5129,0.75
S13002845,3,2022.0,90.67,0.3458,0.211677895,0.022499999999999964,0.5038,0.4573,5.0,3.0,5872.0,2.7285,0.5457,0.0207,11924.0,0.4925,0.6
S13002845,2,2022.0,64.05,0.3458,0.211677895,0.022499999999999964,0.5038,0.4573,4.0,3.0,6116.0,2.4424,0.6106,0.0207,11924.0,0.5129,0.75
S13002845,1,2022.0,3.7399999999999998,0.3458,0.211677895,0.022499999999999964,0.5038,0.4573,4.0,3.0,6116.0,2.4424,0.6106,0.0207,11924.0,0.5129,0.75
S13002845,1,2022.0,3.7399999999999998,0.3458,0.211677895,0.022499999999999964,0.5038,0.4573,5.0,3.0,5872.0,2.7285,0.5457,0.0207,11924.0,0.4925,0.6
S13002846,1,2022.0,4.02,0.2905,0.12983249,0.0016000000000000458,0.3377,0.3875,10.0,4.0,4997.0,3.5087,0.3509,0.0306,15216.0,0.3284,0.4
S13002846,0,2022.0,14.47,0.2905,0.12983249,0.0016000000000000458,0.3377,0.3875,10.0,4.0,5598.0,3.4257,0.3426,0.0306,15216.0,0.3679,0.4
S13002846,0,2022.0,14.47,0.2905,0.12983249,0.0016000000000000458,0.3377,0.3875,10.0,4.0,4997.0,3.5087,0.3509,0.0306,15216.0,0.3284,0.4
S13002846,3,2022.0,92.35,0.2905,0.12983249,0.0016000000000000458,0.3377,0.3875,7.0,1.0,3743.0,2.4125,0.3446,0.0306,15216.0,0.246,0.1429
S13002846,2,2022.0,69.63999999999999,0.2905,0.12983249,0.0016000000000000458,0.3377,0.3875,10.0,4.0,4997.0,3.5087,0.3509,0.0306,15216.0,0.3284,0.4
S13002846,2,2022.0,69.63999999999999,0.2905,0.12983249,0.0016000000000000458,0.3377,0.3875,10.0,4.0,5598.0,3.4257,0.3426,0.0306,15216.0,0.3679,0.4
S13002846,2,2022.0,69.63999999999999,0.2905,0.12983249,0.0016000000000000458,0.3377,0.3875,7.0,1.0,3743.0,2.4125,0.3446,0.0306,15216.0,0.246,0.1429
S13002846,3,2022.0,92.35,0.2905,0.12983249,0.0016000000000000458,0.3377,0.3875,10.0,4.0,4997.0,3.5087,0.3509,0.0306,15216.0,0.3284,0.4
S13002846,3,2022.0,92.35,0.2905,0.12983249,0.0016000000000000458,0.3377,0.3875,10.0,4.0,5598.0,3.4257,0.3426,0.0306,15216.0,0.3679,0.4
S13002846,0,2022.0,14.47,0.2905,0.12983249,0.0016000000000000458,0.3377,0.3875,7.0,1.0,3743.0,2.4125,0.3446,0.0306,15216.0,0.246,0.1429
S13002846,1,2022.0,4.02,0.2905,0.12983249,0.0016000000000000458,0.3377,0.3875,10.0,4.0,5598.0,3.4257,0.3426,0.0306,15216.0,0.3679,0.4
S13002846,1,2022.0,4.02,0.2905,0.12983249,0.0016000000000000458,0.3377,0.3875,7.0,1.0,3743.0,2.4125,0.3446,0.0306,15216.0,0.246,0.1429
S13002846,2,2017.0,38.94,0.2905,0.12983249,0.0016000000000000458,0.3377,0.3875,7.0,1.0,3743.0,2.4125,0.3446,0.0306,19167.0,0.1953,0.1429
S13002846,0,2017.0,18.849999999999998,0.2905,0.12983249,0.0016000000000000458,0.3377,0.3875,10.0,4.0,4997.0,3.5087,0.3509,0.0306,19167.0,0.2607,0.4
S13002846,0,2017.0,18.849999999999998,0.2905,0.12983249,0.0016000000000000458,0.3377,0.3875,10.0,4.0,5598.0,3.4257,0.3426,0.0306,19167.0,0.2921,0.4
S13002846,0,2017.0,18.849999999999998,0.2905,0.12983249,0.0016000000000000458,0.3377,0.3875,7.0,1.0,3743.0,2.4125,0.3446,0.0306,19167.0,0.1953,0.1429
S13002846,1,2017.0,8.149999999999999,0.2905,0.12983249,0.0016000000000000458,0.3377,0.3875,10.0,4.0,4997.0,3.5087,0.3509,0.0306,19167.0,0.2607,0.4
S13002846,1,2017.0,8.149999999999999,0.2905,0.12983249,0.0016000000000000458,0.3377,0.3875,10.0,4.0,5598.0,3.4257,0.3426,0.0306,19167.0,0.2921,0.4
S13002846,1,2017.0,8.149999999999999,0.2905,0.12983249,0.0016000000000000458,0.3377,0.3875,7.0,1.0,3743.0,2.4125,0.3446,0.0306,19167.0,0.1953,0.1429
S13002846,2,2017.0,38.94,0.2905,0.12983249,0.0016000000000000458,0.3377,0.3875,10.0,4.0,4997.0,3.5087,0.3509,0.0306,19167.0,0.2607,0.4
S13002846,2,2017.0,38.94,0.2905,0.12983249,0.0016000000000000458,0.3377,0.3875,10.0,4.0,5598.0,3.4257,0.3426,0.0306,19167.0,0.2921,0.4
S13002846,3,2017.0,67.2,0.2905,0.12983249,0.0016000000000000458,0.3377,0.3875,10.0,4.0,4997.0,3.5087,0.3509,0.0306,19167.0,0.2607,0.4
S13002846,3,2017.0,67.2,0.2905,0.12983249,0.0016000000000000458,0.3377,0.3875,10.0,4.0,5598.0,3.4257,0.3426,0.0306,19167.0,0.2921,0.4
S13002846,3,2017.0,67.2,0.2905,0.12983249,0.0016000000000000458,0.3377,0.3875,7.0,1.0,3743.0,2.4125,0.3446,0.0306,19167.0,0.1953,0.1429
S13002847,3,2022.0,84.97,0.2669,0.172773569,0.016000000000000014,0.5333,0.2736,8.0,4.0,4797.0,3.2637,0.408,0.02,13097.0,0.3663,0.5
S13002847,2,2022.0,66.92,0.2669,0.172773569,0.016000000000000014,0.5333,0.2736,8.0,4.0,5176.0,3.3348,0.4169,0.02,13097.0,0.3952,0.5
S13002847,2,2022.0,66.92,0.2669,0.172773569,0.016000000000000014,0.5333,0.2736,8.0,4.0,4797.0,3.2637,0.408,0.02,13097.0,0.3663,0.5
S13002847,3,2017.0,79.17,0.2669,0.172773569,0.016000000000000014,0.5333,0.2736,8.0,4.0,5176.0,3.3348,0.4169,0.02,13659.0,0.3789,0.5
S13002847,0,2022.0,2.25,0.2669,0.172773569,0.016000000000000014,0.5333,0.2736,8.0,4.0,5176.0,3.3348,0.4169,0.02,13097.0,0.3952,0.5
S13002847,3,2022.0,84.97,0.2669,0.172773569,0.016000000000000014,0.5333,0.2736,8.0,4.0,5176.0,3.3348,0.4169,0.02,13097.0,0.3952,0.5
S13002847,0,2022.0,2.25,0.2669,0.172773569,0.016000000000000014,0.5333,0.2736,8.0,4.0,4797.0,3.2637,0.408,0.02,13097.0,0.3663,0.5
S13002847,1,2022.0,2.25,0.2669,0.172773569,0.016000000000000014,0.5333,0.2736,8.0,4.0,4797.0,3.2637,0.408,0.02,13097.0,0.3663,0.5
S13002847,1,2022.0,2.25,0.2669,0.172773569,0.016000000000000014,0.5333,0.2736,8.0,4.0,5176.0,3.3348,0.4169,0.02,13097.0,0.3952,0.5
S13002847,0,2017.0,16.8,0.2669,0.172773569,0.016000000000000014,0.5333,0.2736,8.0,4.0,4797.0,3.2637,0.408,0.02,13659.0,0.3512,0.5
S13002847,0,2017.0,16.8,0.2669,0.172773569,0.016000000000000014,0.5333,0.2736,8.0,4.0,5176.0,3.3348,0.4169,0.02,13659.0,0.3789,0.5
S13002847,1,2017.0,5.07,0.2669,0.172773569,0.016000000000000014,0.5333,0.2736,8.0,4.0,4797.0,3.2637,0.408,0.02,13659.0,0.3512,0.5
S13002847,1,2017.0,5.07,0.2669,0.172773569,0.016000000000000014,0.5333,0.2736,8.0,4.0,5176.0,3.3348,0.4169,0.02,13659.0,0.3789,0.5
S13002847,2,2017.0,62.129999999999995,0.2669,0.172773569,0.016000000000000014,0.5333,0.2736,8.0,4.0,4797.0,3.2637,0.408,0.02,13659.0,0.3512,0.5
S13002847,2,2017.0,62.129999999999995,0.2669,0.172773569,0.016000000000000014,0.5333,0.2736,8.0,4.0,5176.0,3.3348,0.4169,0.02,13659.0,0.3789,0.5
S13002847,3,2017.0,79.17,0.2669,0.172773569,0.016000000000000014,0.5333,0.2736,8.0,4.0,4797.0,3.2637,0.408,0.02,13659.0,0.3512,0.5
S13002848,0,2017.0,0.0,0.3539,0.260085388,0.012800000000000034,0.5956,0.2399,4.0,3.0,4171.0,2.3817,0.5954,0.0174,9245.0,0.4512,0.75
S13002848,3,2017.0,0.0,0.3539,0.260085388,0.012800000000000034,0.5956,0.2399,4.0,3.0,4171.0,2.3817,0.5954,0.0174,9245.0,0.4512,0.75
S13002848,3,2017.0,0.0,0.3539,0.260085388,0.012800000000000034,0.5956,0.2399,3.0,1.0,2658.0,1.9409,0.647,0.0174,9245.0,0.2875,0.3333
S13002848,2,2017.0,0.0,0.3539,0.260085388,0.012800000000000034,0.5956,0.2399,3.0,1.0,2658.0,1.9409,0.647,0.0174,9245.0,0.2875,0.3333
S13002848,2,2017.0,0.0,0.3539,0.260085388,0.012800000000000034,0.5956,0.2399,4.0,3.0,4171.0,2.3817,0.5954,0.0174,9245.0,0.4512,0.75
S13002848,1,2017.0,0.0,0.3539,0.260085388,0.012800000000000034,0.5956,0.2399,3.0,1.0,2658.0,1.9409,0.647,0.0174,9245.0,0.2875,0.3333
S13002848,1,2017.0,0.0,0.3539,0.260085388,0.012800000000000034,0.5956,0.2399,4.0,3.0,4171.0,2.3817,0.5954,0.0174,9245.0,0.4512,0.75
S13002848,0,2017.0,0.0,0.3539,0.260085388,0.012800000000000034,0.5956,0.2399,3.0,1.0,2658.0,1.9409,0.647,0.0174,9245.0,0.2875,0.3333
S13002849,3,2022.0,94.59,0.3606,0.227613494,-0.0024000000000000132,0.5906,0.1975,5.0,3.0,3070.0,2.686,0.5372,0.0185,7657.0,0.4009,0.6
S13002849,0,2022.0,20.83,0.3606,0.227613494,-0.0024000000000000132,0.5906,0.1975,6.0,3.0,3427.0,2.7117,0.452,0.0185,7657.0,0.4476,0.5
S13002849,0,2022.0,20.83,0.3606,0.227613494,-0.0024000000000000132,0.5906,0.1975,5.0,3.0,3070.0,2.686,0.5372,0.0185,7657.0,0.4009,0.6
S13002849,2,2022.0,79.77,0.3606,0.227613494,-0.0024000000000000132,0.5906,0.1975,5.0,3.0,3070.0,2.686,0.5372,0.0185,7657.0,0.4009,0.6
S13002849,2,2022.0,79.77,0.3606,0.227613494,-0.0024000000000000132,0.5906,0.1975,6.0,3.0,3427.0,2.7117,0.452,0.0185,7657.0,0.4476,0.5
S13002849,3,2022.0,94.59,0.3606,0.227613494,-0.0024000000000000132,0.5906,0.1975,6.0,3.0,3427.0,2.7117,0.452,0.0185,7657.0,0.4476,0.5
S13002849,1,2022.0,2.45,0.3606,0.227613494,-0.0024000000000000132,0.5906,0.1975,5.0,3.0,3070.0,2.686,0.5372,0.0185,7657.0,0.4009,0.6
S13002849,3,2017.0,79.46000000000001,0.3606,0.227613494,-0.0024000000000000132,0.5906,0.1975,6.0,3.0,3427.0,2.7117,0.452,0.0185,7443.0,0.4604,0.5
S13002849,3,2017.0,79.46000000000001,0.3606,0.227613494,-0.0024000000000000132,0.5906,0.1975,5.0,3.0,3070.0,2.686,0.5372,0.0185,7443.0,0.4125,0.6
S13002849,2,2017.0,59.76,0.3606,0.227613494,-0.0024000000000000132,0.5906,0.1975,6.0,3.0,3427.0,2.7117,0.452,0.0185,7443.0,0.4604,0.5
S13002849,2,2017.0,59.76,0.3606,0.227613494,-0.0024000000000000132,0.5906,0.1975,5.0,3.0,3070.0,2.686,0.5372,0.0185,7443.0,0.4125,0.6
S13002849,1,2017.0,13.58,0.3606,0.227613494,-0.0024000000000000132,0.5906,0.1975,6.0,3.0,3427.0,2.7117,0.452,0.0185,7443.0,0.4604,0.5
S13002849,1,2017.0,13.58,0.3606,0.227613494,-0.0024000000000000132,0.5906,0.1975,5.0,3.0,3070.0,2.686,0.5372,0.0185,7443.0,0.4125,0.6
S13002849,0,2017.0,16.0,0.3606,0.227613494,-0.0024000000000000132,0.5906,0.1975,6.0,3.0,3427.0,2.7117,0.452,0.0185,7443.0,0.4604,0.5
S13002849,0,2017.0,16.0,0.3606,0.227613494,-0.0024000000000000132,0.5906,0.1975,5.0,3.0,3070.0,2.686,0.5372,0.0185,7443.0,0.4125,0.6
S13002849,1,2022.0,2.45,0.3606,0.227613494,-0.0024000000000000132,0.5906,0.1975,6.0,3.0,3427.0,2.7117,0.452,0.0185,7657.0,0.4476,0.5
S13002850,2,2022.0,89.39,0.3799,0.210616875,0.014399999999999968,0.5421,0.1824,7.0,4.0,4703.0,2.98,0.4257,0.0178,11730.0,0.4009,0.5714
S13002850,3,2022.0,98.15,0.3799,0.210616875,0.014399999999999968,0.5421,0.1824,7.0,4.0,4703.0,2.98,0.4257,0.0178,11730.0,0.4009,0.5714
S13002850,2,2022.0,89.39,0.3799,0.210616875,0.014399999999999968,0.5421,0.1824,10.0,4.0,5100.0,3.5157,0.3516,0.0178,11730.0,0.4348,0.4
S13002850,0,2017.0,21.4,0.3799,0.210616875,0.014399999999999968,0.5421,0.1824,7.0,4.0,4703.0,2.98,0.4257,0.0178,13225.0,0.3556,0.5714
S13002850,0,2022.0,21.18,0.3799,0.210616875,0.014399999999999968,0.5421,0.1824,10.0,4.0,5100.0,3.5157,0.3516,0.0178,11730.0,0.4348,0.4
S13002850,3,2022.0,98.15,0.3799,0.210616875,0.014399999999999968,0.5421,0.1824,10.0,4.0,5100.0,3.5157,0.3516,0.0178,11730.0,0.4348,0.4
S13002850,0,2022.0,21.18,0.3799,0.210616875,0.014399999999999968,0.5421,0.1824,7.0,4.0,4703.0,2.98,0.4257,0.0178,11730.0,0.4009,0.5714
S13002850,1,2017.0,11.36,0.3799,0.210616875,0.014399999999999968,0.5421,0.1824,7.0,4.0,4703.0,2.98,0.4257,0.0178,13225.0,0.3556,0.5714
S13002850,1,2017.0,11.36,0.3799,0.210616875,0.014399999999999968,0.5421,0.1824,10.0,4.0,5100.0,3.5157,0.3516,0.0178,13225.0,0.3856,0.4
S13002850,2,2017.0,63.49,0.3799,0.210616875,0.014399999999999968,0.5421,0.1824,7.0,4.0,4703.0,2.98,0.4257,0.0178,13225.0,0.3556,0.5714
S13002850,0,2017.0,21.4,0.3799,0.210616875,0.014399999999999968,0.5421,0.1824,10.0,4.0,5100.0,3.5157,0.3516,0.0178,13225.0,0.3856,0.4
S13002850,3,2017.0,92.05,0.3799,0.210616875,0.014399999999999968,0.5421,0.1824,7.0,4.0,4703.0,2.98,0.4257,0.0178,13225.0,0.3556,0.5714
S13002850,3,2017.0,92.05,0.3799,0.210616875,0.014399999999999968,0.5421,0.1824,10.0,4.0,5100.0,3.5157,0.3516,0.0178,13225.0,0.3856,0.4
S13002850,1,2022.0,14.37,0.3799,0.210616875,0.014399999999999968,0.5421,0.1824,10.0,4.0,5100.0,3.5157,0.3516,0.0178,11730.0,0.4348,0.4
S13002850,1,2022.0,14.37,0.3799,0.210616875,0.014399999999999968,0.5421,0.1824,7.0,4.0,4703.0,2.98,0.4257,0.0178,11730.0,0.4009,0.5714
S13002850,2,2017.0,63.49,0.3799,0.210616875,0.014399999999999968,0.5421,0.1824,10.0,4.0,5100.0,3.5157,0.3516,0.0178,13225.0,0.3856,0.4
S13002851,3,2022.0,93.92,0.3185,0.214850031,0.007000000000000006,0.6182,0.2411,5.0,4.0,4850.0,2.788,0.5576,0.0126,11282.0,0.4299,0.8
S13002851,3,2022.0,93.92,0.3185,0.214850031,0.007000000000000006,0.6182,0.2411,10.0,4.0,4657.0,3.4801,0.348,0.0126,11282.0,0.4128,0.4
S13002851,2,2022.0,62.849999999999994,0.3185,0.214850031,0.007000000000000006,0.6182,0.2411,5.0,4.0,4850.0,2.788,0.5576,0.0126,11282.0,0.4299,0.8
S13002851,2,2022.0,62.849999999999994,0.3185,0.214850031,0.007000000000000006,0.6182,0.2411,10.0,4.0,4657.0,3.4801,0.348,0.0126,11282.0,0.4128,0.4
S13002851,1,2022.0,5.32,0.3185,0.214850031,0.007000000000000006,0.6182,0.2411,5.0,4.0,4850.0,2.788,0.5576,0.0126,11282.0,0.4299,0.8
S13002851,1,2022.0,5.32,0.3185,0.214850031,0.007000000000000006,0.6182,0.2411,10.0,4.0,4657.0,3.4801,0.348,0.0126,11282.0,0.4128,0.4
S13002851,0,2022.0,21.72,0.3185,0.214850031,0.007000000000000006,0.6182,0.2411,10.0,4.0,4657.0,3.4801,0.348,0.0126,11282.0,0.4128,0.4
S13002851,0,2022.0,21.72,0.3185,0.214850031,0.007000000000000006,0.6182,0.2411,5.0,4.0,4850.0,2.788,0.5576,0.0126,11282.0,0.4299,0.8
S13002851,0,2017.0,15.849999999999998,0.3185,0.214850031,0.007000000000000006,0.6182,0.2411,10.0,4.0,4657.0,3.4801,0.348,0.0126,12199.0,0.3818,0.4
S13002851,0,2017.0,15.849999999999998,0.3185,0.214850031,0.007000000000000006,0.6182,0.2411,5.0,4.0,4850.0,2.788,0.5576,0.0126,12199.0,0.3976,0.8
S13002851,1,2017.0,7.319999999999999,0.3185,0.214850031,0.007000000000000006,0.6182,0.2411,10.0,4.0,4657.0,3.4801,0.348,0.0126,12199.0,0.3818,0.4
S13002851,1,2017.0,7.319999999999999,0.3185,0.214850031,0.007000000000000006,0.6182,0.2411,5.0,4.0,4850.0,2.788,0.5576,0.0126,12199.0,0.3976,0.8
S13002851,2,2017.0,79.56,0.3185,0.214850031,0.007000000000000006,0.6182,0.2411,10.0,4.0,4657.0,3.4801,0.348,0.0126,12199.0,0.3818,0.4
S13002851,2,2017.0,79.56,0.3185,0.214850031,0.007000000000000006,0.6182,0.2411,5.0,4.0,4850.0,2.788,0.5576,0.0126,12199.0,0.3976,0.8
S13002851,3,2017.0,96.88,0.3185,0.214850031,0.007000000000000006,0.6182,0.2411,10.0,4.0,4657.0,3.4801,0.348,0.0126,12199.0,0.3818,0.4
S13002851,3,2017.0,96.88,0.3185,0.214850031,0.007000000000000006,0.6182,0.2411,5.0,4.0,4850.0,2.788,0.5576,0.0126,12199.0,0.3976,0.8
S13002852,3,2022.0,76.57,0.3378,0.197416524,0.009199999999999986,0.5387,0.1885,6.0,4.0,4595.0,2.8353,0.4725,0.0234,11920.0,0.3855,0.6667
S13002852,3,2022.0,76.57,0.3378,0.197416524,0.009199999999999986,0.5387,0.1885,8.0,4.0,4200.0,3.1148,0.3893,0.0234,11920.0,0.3523,0.5
S13002852,3,2017.0,96.60000000000001,0.3378,0.197416524,0.009199999999999986,0.5387,0.1885,8.0,4.0,4200.0,3.1148,0.3893,0.0234,12145.0,0.3458,0.5
S13002852,2,2017.0,76.12,0.3378,0.197416524,0.009199999999999986,0.5387,0.1885,6.0,4.0,4595.0,2.8353,0.4725,0.0234,12145.0,0.3783,0.6667
S13002852,2,2017.0,76.12,0.3378,0.197416524,0.009199999999999986,0.5387,0.1885,8.0,4.0,4200.0,3.1148,0.3893,0.0234,12145.0,0.3458,0.5
S13002852,0,2017.0,18.79,0.3378,0.197416524,0.009199999999999986,0.5387,0.1885,8.0,4.0,4200.0,3.1148,0.3893,0.0234,12145.0,0.3458,0.5
S13002852,1,2017.0,9.01,0.3378,0.197416524,0.009199999999999986,0.5387,0.1885,8.0,4.0,4200.0,3.1148,0.3893,0.0234,12145.0,0.3458,0.5
S13002852,0,2017.0,18.79,0.3378,0.197416524,0.009199999999999986,0.5387,0.1885,6.0,4.0,4595.0,2.8353,0.4725,0.0234,12145.0,0.3783,0.6667
S13002852,2,2022.0,52.29,0.3378,0.197416524,0.009199999999999986,0.5387,0.1885,6.0,4.0,4595.0,2.8353,0.4725,0.0234,11920.0,0.3855,0.6667
S13002852,1,2017.0,9.01,0.3378,0.197416524,0.009199999999999986,0.5387,0.1885,6.0,4.0,4595.0,2.8353,0.4725,0.0234,12145.0,0.3783,0.6667
S13002852,2,2022.0,52.29,0.3378,0.197416524,0.009199999999999986,0.5387,0.1885,8.0,4.0,4200.0,3.1148,0.3893,0.0234,11920.0,0.3523,0.5
S13002852,3,2017.0,96.60000000000001,0.3378,0.197416524,0.009199999999999986,0.5387,0.1885,6.0,4.0,4595.0,2.8353,0.4725,0.0234,12145.0,0.3783,0.6667
S13002852,1,2022.0,10.5,0.3378,0.197416524,0.009199999999999986,0.5387,0.1885,8.0,4.0,4200.0,3.1148,0.3893,0.0234,11920.0,0.3523,0.5
S13002852,0,2022.0,12.29,0.3378,0.197416524,0.009199999999999986,0.5387,0.1885,6.0,4.0,4595.0,2.8353,0.4725,0.0234,11920.0,0.3855,0.6667
S13002852,1,2022.0,10.5,0.3378,0.197416524,0.009199999999999986,0.5387,0.1885,6.0,4.0,4595.0,2.8353,0.4725,0.0234,11920.0,0.3855,0.6667
S13002852,0,2022.0,12.29,0.3378,0.197416524,0.009199999999999986,0.5387,0.1885,8.0,4.0,4200.0,3.1148,0.3893,0.0234,11920.0,0.3523,0.5
S13002853,2,2022.0,79.03,0.3362,0.20513673,0.0023999999999999577,0.5628,0.2054,6.0,3.0,3687.0,2.9336,0.4889,0.0158,9188.0,0.4013,0.5
S13002853,2,2022.0,79.03,0.3362,0.20513673,0.0023999999999999577,0.5628,0.2054,4.0,3.0,3395.0,2.3599,0.59,0.0158,9188.0,0.3695,0.75
S13002853,1,2022.0,9.0,0.3362,0.20513673,0.0023999999999999577,0.5628,0.2054,6.0,3.0,3687.0,2.9336,0.4889,0.0158,9188.0,0.4013,0.5
S13002853,1,2022.0,9.0,0.3362,0.20513673,0.0023999999999999577,0.5628,0.2054,4.0,3.0,3395.0,2.3599,0.59,0.0158,9188.0,0.3695,0.75
S13002853,0,2022.0,17.28,0.3362,0.20513673,0.0023999999999999577,0.5628,0.2054,6.0,3.0,3687.0,2.9336,0.4889,0.0158,9188.0,0.4013,0.5
S13002853,3,2017.0,58.99,0.3362,0.20513673,0.0023999999999999577,0.5628,0.2054,4.0,3.0,3395.0,2.3599,0.59,0.0158,10695.0,0.3174,0.75
S13002853,3,2017.0,58.99,0.3362,0.20513673,0.0023999999999999577,0.5628,0.2054,6.0,3.0,3687.0,2.9336,0.4889,0.0158,10695.0,0.3447,0.5
S13002853,0,2017.0,12.17,0.3362,0.20513673,0.0023999999999999577,0.5628,0.2054,4.0,3.0,3395.0,2.3599,0.59,0.0158,10695.0,0.3174,0.75
S13002853,0,2017.0,12.17,0.3362,0.20513673,0.0023999999999999577,0.5628,0.2054,6.0,3.0,3687.0,2.9336,0.4889,0.0158,10695.0,0.3447,0.5
S13002853,1,2017.0,10.39,0.3362,0.20513673,0.0023999999999999577,0.5628,0.2054,4.0,3.0,3395.0,2.3599,0.59,0.0158,10695.0,0.3174,0.75
S13002853,1,2017.0,10.39,0.3362,0.20513673,0.0023999999999999577,0.5628,0.2054,6.0,3.0,3687.0,2.9336,0.4889,0.0158,10695.0,0.3447,0.5
S13002853,2,2017.0,36.99,0.3362,0.20513673,0.0023999999999999577,0.5628,0.2054,4.0,3.0,3395.0,2.3599,0.59,0.0158,10695.0,0.3174,0.75
S13002853,0,2022.0,17.28,0.3362,0.20513673,0.0023999999999999577,0.5628,0.2054,4.0,3.0,3395.0,2.3599,0.59,0.0158,9188.0,0.3695,0.75
S13002853,3,2022.0,94.2,0.3362,0.20513673,0.0023999999999999577,0.5628,0.2054,6.0,3.0,3687.0,2.9336,0.4889,0.0158,9188.0,0.4013,0.5
S13002853,2,2017.0,36.99,0.3362,0.20513673,0.0023999999999999577,0.5628,0.2054,6.0,3.0,3687.0,2.9336,0.4889,0.0158,10695.0,0.3447,0.5
S13002853,3,2022.0,94.2,0.3362,0.20513673,0.0023999999999999577,0.5628,0.2054,4.0,3.0,3395.0,2.3599,0.59,0.0158,9188.0,0.3695,0.75
S13002854,1,2022.0,2.67,0.3431,0.213840258,-0.0005000000000000004,0.6168,0.2666,6.0,4.0,4515.0,3.0334,0.5056,0.0178,10571.0,0.4271,0.6667
S13002854,1,2022.0,2.67,0.3431,0.213840258,-0.0005000000000000004,0.6168,0.2666,5.0,4.0,4963.0,2.8146,0.5629,0.0178,10571.0,0.4695,0.8
S13002854,2,2022.0,47.26,0.3431,0.213840258,-0.0005000000000000004,0.6168,0.2666,6.0,4.0,4515.0,3.0334,0.5056,0.0178,10571.0,0.4271,0.6667
S13002854,2,2022.0,47.26,0.3431,0.213840258,-0.0005000000000000004,0.6168,0.2666,5.0,4.0,4963.0,2.8146,0.5629,0.0178,10571.0,0.4695,0.8
S13002854,3,2022.0,80.73,0.3431,0.213840258,-0.0005000000000000004,0.6168,0.2666,6.0,4.0,4515.0,3.0334,0.5056,0.0178,10571.0,0.4271,0.6667
S13002854,3,2022.0,80.73,0.3431,0.213840258,-0.0005000000000000004,0.6168,0.2666,5.0,4.0,4963.0,2.8146,0.5629,0.0178,10571.0,0.4695,0.8
S13002854,2,2017.0,82.51,0.3431,0.213840258,-0.0005000000000000004,0.6168,0.2666,6.0,4.0,4515.0,3.0334,0.5056,0.0178,11013.0,0.41,0.6667
S13002854,0,2022.0,3.95,0.3431,0.213840258,-0.0005000000000000004,0.6168,0.2666,6.0,4.0,4515.0,3.0334,0.5056,0.0178,10571.0,0.4271,0.6667
S13002854,0,2017.0,14.540000000000001,0.3431,0.213840258,-0.0005000000000000004,0.6168,0.2666,6.0,4.0,4515.0,3.0334,0.5056,0.0178,11013.0,0.41,0.6667
S13002854,0,2017.0,14.540000000000001,0.3431,0.213840258,-0.0005000000000000004,0.6168,0.2666,5.0,4.0,4963.0,2.8146,0.5629,0.0178,11013.0,0.4506,0.8
S13002854,1,2017.0,10.21,0.3431,0.213840258,-0.0005000000000000004,0.6168,0.2666,6.0,4.0,4515.0,3.0334,0.5056,0.0178,11013.0,0.41,0.6667
S13002854,1,2017.0,10.21,0.3431,0.213840258,-0.0005000000000000004,0.6168,0.2666,5.0,4.0,4963.0,2.8146,0.5629,0.0178,11013.0,0.4506,0.8
S13002854,0,2022.0,3.95,0.3431,0.213840258,-0.0005000000000000004,0.6168,0.2666,5.0,4.0,4963.0,2.8146,0.5629,0.0178,10571.0,0.4695,0.8
S13002854,2,2017.0,82.51,0.3431,0.213840258,-0.0005000000000000004,0.6168,0.2666,5.0,4.0,4963.0,2.8146,0.5629,0.0178,11013.0,0.4506,0.8
S13002854,3,2017.0,96.78,0.3431,0.213840258,-0.0005000000000000004,0.6168,0.2666,5.0,4.0,4963.0,2.8146,0.5629,0.0178,11013.0,0.4506,0.8
S13002854,3,2017.0,96.78,0.3431,0.213840258,-0.0005000000000000004,0.6168,0.2666,6.0,4.0,4515.0,3.0334,0.5056,0.0178,11013.0,0.41,0.6667
S13002855,0,2022.0,6.550000000000001,0.3217,0.188847939,0.0030000000000000027,0.6421,0.3619,6.0,4.0,5046.0,3.1371,0.5229,0.0156,11708.0,0.431,0.6667
S13002855,0,2022.0,6.550000000000001,0.3217,0.188847939,0.0030000000000000027,0.6421,0.3619,7.0,4.0,5192.0,3.3486,0.4784,0.0156,11708.0,0.4435,0.5714
S13002855,1,2022.0,5.530000000000001,0.3217,0.188847939,0.0030000000000000027,0.6421,0.3619,6.0,4.0,5046.0,3.1371,0.5229,0.0156,11708.0,0.431,0.6667
S13002855,1,2022.0,5.530000000000001,0.3217,0.188847939,0.0030000000000000027,0.6421,0.3619,7.0,4.0,5192.0,3.3486,0.4784,0.0156,11708.0,0.4435,0.5714
S13002855,3,2017.0,96.21,0.3217,0.188847939,0.0030000000000000027,0.6421,0.3619,6.0,4.0,5046.0,3.1371,0.5229,0.0156,12764.0,0.3953,0.6667
S13002855,2,2022.0,37.39,0.3217,0.188847939,0.0030000000000000027,0.6421,0.3619,7.0,4.0,5192.0,3.3486,0.4784,0.0156,11708.0,0.4435,0.5714
S13002855,3,2022.0,76.85,0.3217,0.188847939,0.0030000000000000027,0.6421,0.3619,6.0,4.0,5046.0,3.1371,0.5229,0.0156,11708.0,0.431,0.6667
S13002855,3,2022.0,76.85,0.3217,0.188847939,0.0030000000000000027,0.6421,0.3619,7.0,4.0,5192.0,3.3486,0.4784,0.0156,11708.0,0.4435,0.5714
S13002855,0,2017.0,16.34,0.3217,0.188847939,0.0030000000000000027,0.6421,0.3619,6.0,4.0,5046.0,3.1371,0.5229,0.0156,12764.0,0.3953,0.6667
S13002855,0,2017.0,16.34,0.3217,0.188847939,0.0030000000000000027,0.6421,0.3619,7.0,4.0,5192.0,3.3486,0.4784,0.0156,12764.0,0.4068,0.5714
S13002855,1,2017.0,9.969999999999999,0.3217,0.188847939,0.0030000000000000027,0.6421,0.3619,6.0,4.0,5046.0,3.1371,0.5229,0.0156,12764.0,0.3953,0.6667
S13002855,1,2017.0,9.969999999999999,0.3217,0.188847939,0.0030000000000000027,0.6421,0.3619,7.0,4.0,5192.0,3.3486,0.4784,0.0156,12764.0,0.4068,0.5714
S13002855,2,2017.0,75.21,0.3217,0.188847939,0.0030000000000000027,0.6421,0.3619,6.0,4.0,5046.0,3.1371,0.5229,0.0156,12764.0,0.3953,0.6667
S13002855,2,2017.0,75.21,0.3217,0.188847939,0.0030000000000000027,0.6421,0.3619,7.0,4.0,5192.0,3.3486,0.4784,0.0156,12764.0,0.4068,0.5714
S13002855,3,2017.0,96.21,0.3217,0.188847939,0.0030000000000000027,0.6421,0.3619,7.0,4.0,5192.0,3.3486,0.4784,0.0156,12764.0,0.4068,0.5714
S13002855,2,2022.0,37.39,0.3217,0.188847939,0.0030000000000000027,0.6421,0.3619,6.0,4.0,5046.0,3.1371,0.5229,0.0156,11708.0,0.431,0.6667
S13002856,3,2022.0,96.47,0.3388,0.215903001,0.006299999999999972,0.6389,0.3439,5.0,4.0,5515.0,2.9048,0.581,0.015,11927.0,0.4624,0.8
S13002856,0,2022.0,18.07,0.3388,0.215903001,0.006299999999999972,0.6389,0.3439,5.0,4.0,5515.0,2.9048,0.581,0.015,11927.0,0.4624,0.8
S13002856,0,2017.0,18.89,0.3388,0.215903001,0.006299999999999972,0.6389,0.3439,5.0,4.0,5515.0,2.9048,0.581,0.015,11267.0,0.4895,0.8
S13002856,1,2017.0,9.67,0.3388,0.215903001,0.006299999999999972,0.6389,0.3439,5.0,1.0,3972.0,2.4668,0.4934,0.015,11267.0,0.3525,0.2
S13002856,1,2017.0,9.67,0.3388,0.215903001,0.006299999999999972,0.6389,0.3439,5.0,4.0,5515.0,2.9048,0.581,0.015,11267.0,0.4895,0.8
S13002856,2,2017.0,78.55,0.3388,0.215903001,0.006299999999999972,0.6389,0.3439,5.0,1.0,3972.0,2.4668,0.4934,0.015,11267.0,0.3525,0.2
S13002856,2,2017.0,78.55,0.3388,0.215903001,0.006299999999999972,0.6389,0.3439,5.0,4.0,5515.0,2.9048,0.581,0.015,11267.0,0.4895,0.8
S13002856,3,2017.0,97.77,0.3388,0.215903001,0.006299999999999972,0.6389,0.3439,5.0,1.0,3972.0,2.4668,0.4934,0.015,11267.0,0.3525,0.2
S13002856,3,2017.0,97.77,0.3388,0.215903001,0.006299999999999972,0.6389,0.3439,5.0,4.0,5515.0,2.9048,0.581,0.015,11267.0,0.4895,0.8
S13002856,0,2022.0,18.07,0.3388,0.215903001,0.006299999999999972,0.6389,0.3439,5.0,1.0,3972.0,2.4668,0.4934,0.015,11927.0,0.333,0.2
S13002856,0,2017.0,18.89,0.3388,0.215903001,0.006299999999999972,0.6389,0.3439,5.0,1.0,3972.0,2.4668,0.4934,0.015,11267.0,0.3525,0.2
S13002856,3,2022.0,96.47,0.3388,0.215903001,0.006299999999999972,0.6389,0.3439,5.0,1.0,3972.0,2.4668,0.4934,0.015,11927.0,0.333,0.2
S13002856,2,2022.0,61.84,0.3388,0.215903001,0.006299999999999972,0.6389,0.3439,5.0,4.0,5515.0,2.9048,0.581,0.015,11927.0,0.4624,0.8
S13002856,2,2022.0,61.84,0.3388,0.215903001,0.006299999999999972,0.6389,0.3439,5.0,1.0,3972.0,2.4668,0.4934,0.015,11927.0,0.333,0.2
S13002856,1,2022.0,5.340000000000001,0.3388,0.215903001,0.006299999999999972,0.6389,0.3439,5.0,4.0,5515.0,2.9048,0.581,0.015,11927.0,0.4624,0.8
S13002856,1,2022.0,5.340000000000001,0.3388,0.215903001,0.006299999999999972,0.6389,0.3439,5.0,1.0,3972.0,2.4668,0.4934,0.015,11927.0,0.333,0.2
S13002857,1,2022.0,9.149999999999999,0.3343,0.210186699,0.010600000000000054,0.6361,0.3463,6.0,3.0,4257.0,3.007,0.5012,0.014,9252.0,0.4601,0.5
S13002857,3,2022.0,81.26,0.3343,0.210186699,0.010600000000000054,0.6361,0.3463,8.0,3.0,4237.0,3.2537,0.4067,0.014,9252.0,0.458,0.375
S13002857,3,2022.0,81.26,0.3343,0.210186699,0.010600000000000054,0.6361,0.3463,6.0,3.0,4257.0,3.007,0.5012,0.014,9252.0,0.4601,0.5
S13002857,1,2022.0,9.149999999999999,0.3343,0.210186699,0.010600000000000054,0.6361,0.3463,8.0,3.0,4237.0,3.2537,0.4067,0.014,9252.0,0.458,0.375
S13002857,0,2022.0,18.849999999999998,0.3343,0.210186699,0.010600000000000054,0.6361,0.3463,6.0,3.0,4257.0,3.007,0.5012,0.014,9252.0,0.4601,0.5
S13002857,2,2022.0,56.57,0.3343,0.210186699,0.010600000000000054,0.6361,0.3463,8.0,3.0,4237.0,3.2537,0.4067,0.014,9252.0,0.458,0.375
S13002857,2,2022.0,56.57,0.3343,0.210186699,0.010600000000000054,0.6361,0.3463,6.0,3.0,4257.0,3.007,0.5012,0.014,9252.0,0.4601,0.5
S13002857,0,2022.0,18.849999999999998,0.3343,0.210186699,0.010600000000000054,0.6361,0.3463,8.0,3.0,4237.0,3.2537,0.4067,0.014,9252.0,0.458,0.375
S13002857,1,2017.0,13.41,0.3343,0.210186699,0.010600000000000054,0.6361,0.3463,6.0,3.0,4257.0,3.007,0.5012,0.014,8986.0,0.4737,0.5
S13002857,0,2017.0,15.04,0.3343,0.210186699,0.010600000000000054,0.6361,0.3463,8.0,3.0,4237.0,3.2537,0.4067,0.014,8986.0,0.4715,0.375
S13002857,0,2017.0,15.04,0.3343,0.210186699,0.010600000000000054,0.6361,0.3463,6.0,3.0,4257.0,3.007,0.5012,0.014,8986.0,0.4737,0.5
S13002857,1,2017.0,13.41,0.3343,0.210186699,0.010600000000000054,0.6361,0.3463,8.0,3.0,4237.0,3.2537,0.4067,0.014,8986.0,0.4715,0.375
S13002857,2,2017.0,58.13,0.3343,0.210186699,0.010600000000000054,0.6361,0.3463,8.0,3.0,4237.0,3.2537,0.4067,0.014,8986.0,0.4715,0.375
S13002857,2,2017.0,58.13,0.3343,0.210186699,0.010600000000000054,0.6361,0.3463,6.0,3.0,4257.0,3.007,0.5012,0.014,8986.0,0.4737,0.5
S13002857,3,2017.0,81.23,0.3343,0.210186699,0.010600000000000054,0.6361,0.3463,8.0,3.0,4237.0,3.2537,0.4067,0.014,8986.0,0.4715,0.375
S13002857,3,2017.0,81.23,0.3343,0.210186699,0.010600000000000054,0.6361,0.3463,6.0,3.0,4257.0,3.007,0.5012,0.014,8986.0,0.4737,0.5
S13002858,2,2017.0,78.85,0.3313,0.20382085,0.017199999999999993,0.5674,0.3058,5.0,1.0,3445.0,2.3475,0.4695,0.0161,12503.0,0.2755,0.2
S13002858,3,2022.0,94.71,0.3313,0.20382085,0.017199999999999993,0.5674,0.3058,6.0,4.0,4818.0,2.9494,0.4916,0.0161,12381.0,0.3891,0.6667
S13002858,0,2017.0,6.76,0.3313,0.20382085,0.017199999999999993,0.5674,0.3058,5.0,1.0,3445.0,2.3475,0.4695,0.0161,12503.0,0.2755,0.2
S13002858,0,2017.0,6.76,0.3313,0.20382085,0.017199999999999993,0.5674,0.3058,6.0,4.0,4818.0,2.9494,0.4916,0.0161,12503.0,0.3853,0.6667
S13002858,1,2017.0,6.76,0.3313,0.20382085,0.017199999999999993,0.5674,0.3058,5.0,1.0,3445.0,2.3475,0.4695,0.0161,12503.0,0.2755,0.2
S13002858,1,2017.0,6.76,0.3313,0.20382085,0.017199999999999993,0.5674,0.3058,6.0,4.0,4818.0,2.9494,0.4916,0.0161,12503.0,0.3853,0.6667
S13002858,2,2017.0,78.85,0.3313,0.20382085,0.017199999999999993,0.5674,0.3058,6.0,4.0,4818.0,2.9494,0.4916,0.0161,12503.0,0.3853,0.6667
S13002858,0,2022.0,2.2,0.3313,0.20382085,0.017199999999999993,0.5674,0.3058,5.0,1.0,3445.0,2.3475,0.4695,0.0161,12381.0,0.2782,0.2
S13002858,3,2017.0,96.26,0.3313,0.20382085,0.017199999999999993,0.5674,0.3058,5.0,1.0,3445.0,2.3475,0.4695,0.0161,12503.0,0.2755,0.2
S13002858,0,2022.0,2.2,0.3313,0.20382085,0.017199999999999993,0.5674,0.3058,6.0,4.0,4818.0,2.9494,0.4916,0.0161,12381.0,0.3891,0.6667
S13002858,1,2022.0,2.2,0.3313,0.20382085,0.017199999999999993,0.5674,0.3058,5.0,1.0,3445.0,2.3475,0.4695,0.0161,12381.0,0.2782,0.2
S13002858,1,2022.0,2.2,0.3313,0.20382085,0.017199999999999993,0.5674,0.3058,6.0,4.0,4818.0,2.9494,0.4916,0.0161,12381.0,0.3891,0.6667
S13002858,2,2022.0,72.37,0.3313,0.20382085,0.017199999999999993,0.5674,0.3058,5.0,1.0,3445.0,2.3475,0.4695,0.0161,12381.0,0.2782,0.2
S13002858,2,2022.0,72.37,0.3313,0.20382085,0.017199999999999993,0.5674,0.3058,6.0,4.0,4818.0,2.9494,0.4916,0.0161,12381.0,0.3891,0.6667
S13002858,3,2022.0,94.71,0.3313,0.20382085,0.017199999999999993,0.5674,0.3058,5.0,1.0,3445.0,2.3475,0.4695,0.0161,12381.0,0.2782,0.2
S13002858,3,2017.0,96.26,0.3313,0.20382085,0.017199999999999993,0.5674,0.3058,6.0,4.0,4818.0,2.9494,0.4916,0.0161,12503.0,0.3853,0.6667
S13002859,1,2022.0,10.65,0.3117,0.163058958,0.0042999999999999705,0.635,0.3655,6.0,4.0,4559.0,3.1812,0.5302,0.0144,10578.0,0.431,0.6667
S13002859,1,2022.0,10.65,0.3117,0.163058958,0.0042999999999999705,0.635,0.3655,5.0,1.0,2725.0,2.5002,0.5,0.0144,10578.0,0.2576,0.2
S13002859,3,2017.0,89.93,0.3117,0.163058958,0.0042999999999999705,0.635,0.3655,5.0,1.0,2725.0,2.5002,0.5,0.0144,9995.0,0.2726,0.2
S13002859,2,2022.0,68.4,0.3117,0.163058958,0.0042999999999999705,0.635,0.3655,5.0,1.0,2725.0,2.5002,0.5,0.0144,10578.0,0.2576,0.2
S13002859,0,2022.0,14.59,0.3117,0.163058958,0.0042999999999999705,0.635,0.3655,6.0,4.0,4559.0,3.1812,0.5302,0.0144,10578.0,0.431,0.6667
S13002859,2,2022.0,68.4,0.3117,0.163058958,0.0042999999999999705,0.635,0.3655,6.0,4.0,4559.0,3.1812,0.5302,0.0144,10578.0,0.431,0.6667
S13002859,0,2022.0,14.59,0.3117,0.163058958,0.0042999999999999705,0.635,0.3655,5.0,1.0,2725.0,2.5002,0.5,0.0144,10578.0,0.2576,0.2
S13002859,3,2022.0,87.95,0.3117,0.163058958,0.0042999999999999705,0.635,0.3655,6.0,4.0,4559.0,3.1812,0.5302,0.0144,10578.0,0.431,0.6667
S13002859,3,2017.0,89.93,0.3117,0.163058958,0.0042999999999999705,0.635,0.3655,6.0,4.0,4559.0,3.1812,0.5302,0.0144,9995.0,0.4561,0.6667
S13002859,0,2017.0,10.14,0.3117,0.163058958,0.0042999999999999705,0.635,0.3655,5.0,1.0,2725.0,2.5002,0.5,0.0144,9995.0,0.2726,0.2
S13002859,0,2017.0,10.14,0.3117,0.163058958,0.0042999999999999705,0.635,0.3655,6.0,4.0,4559.0,3.1812,0.5302,0.0144,9995.0,0.4561,0.6667
S13002859,1,2017.0,9.030000000000001,0.3117,0.163058958,0.0042999999999999705,0.635,0.3655,5.0,1.0,2725.0,2.5002,0.5,0.0144,9995.0,0.2726,0.2
S13002859,1,2017.0,9.030000000000001,0.3117,0.163058958,0.0042999999999999705,0.635,0.3655,6.0,4.0,4559.0,3.1812,0.5302,0.0144,9995.0,0.4561,0.6667
S13002859,2,2017.0,68.45,0.3117,0.163058958,0.0042999999999999705,0.635,0.3655,5.0,1.0,2725.0,2.5002,0.5,0.0144,9995.0,0.2726,0.2
S13002859,2,2017.0,68.45,0.3117,0.163058958,0.0042999999999999705,0.635,0.3655,6.0,4.0,4559.0,3.1812,0.5302,0.0144,9995.0,0.4561,0.6667
S13002859,3,2022.0,87.95,0.3117,0.163058958,0.0042999999999999705,0.635,0.3655,5.0,1.0,2725.0,2.5002,0.5,0.0144,10578.0,0.2576,0.2
S13002860,1,2022.0,3.96,0.3448,0.195579238,0.008900000000000019,0.662,0.4286,7.0,4.0,5996.0,3.1513,0.4502,0.0145,12157.0,0.4932,0.5714
S13002860,1,2022.0,3.96,0.3448,0.195579238,0.008900000000000019,0.662,0.4286,7.0,4.0,5706.0,3.089,0.4413,0.0145,12157.0,0.4694,0.5714
S13002860,2,2022.0,80.32,0.3448,0.195579238,0.008900000000000019,0.662,0.4286,7.0,4.0,5706.0,3.089,0.4413,0.0145,12157.0,0.4694,0.5714
S13002860,3,2022.0,97.67,0.3448,0.195579238,0.008900000000000019,0.662,0.4286,7.0,4.0,5996.0,3.1513,0.4502,0.0145,12157.0,0.4932,0.5714
S13002860,2,2022.0,80.32,0.3448,0.195579238,0.008900000000000019,0.662,0.4286,7.0,4.0,5996.0,3.1513,0.4502,0.0145,12157.0,0.4932,0.5714
S13002860,0,2022.0,3.96,0.3448,0.195579238,0.008900000000000019,0.662,0.4286,7.0,4.0,5996.0,3.1513,0.4502,0.0145,12157.0,0.4932,0.5714
S13002860,0,2022.0,3.96,0.3448,0.195579238,0.008900000000000019,0.662,0.4286,7.0,4.0,5706.0,3.089,0.4413,0.0145,12157.0,0.4694,0.5714
S13002860,3,2017.0,86.34,0.3448,0.195579238,0.008900000000000019,0.662,0.4286,7.0,4.0,5706.0,3.089,0.4413,0.0145,12897.0,0.4424,0.5714
S13002860,3,2017.0,86.34,0.3448,0.195579238,0.008900000000000019,0.662,0.4286,7.0,4.0,5996.0,3.1513,0.4502,0.0145,12897.0,0.4649,0.5714
S13002860,3,2022.0,97.67,0.3448,0.195579238,0.008900000000000019,0.662,0.4286,7.0,4.0,5706.0,3.089,0.4413,0.0145,12157.0,0.4694,0.5714
S13002860,0,2017.0,13.219999999999999,0.3448,0.195579238,0.008900000000000019,0.662,0.4286,7.0,4.0,5996.0,3.1513,0.4502,0.0145,12897.0,0.4649,0.5714
S13002860,1,2017.0,12.01,0.3448,0.195579238,0.008900000000000019,0.662,0.4286,7.0,4.0,5706.0,3.089,0.4413,0.0145,12897.0,0.4424,0.5714
S13002860,1,2017.0,12.01,0.3448,0.195579238,0.008900000000000019,0.662,0.4286,7.0,4.0,5996.0,3.1513,0.4502,0.0145,12897.0,0.4649,0.5714
S13002860,2,2017.0,70.33,0.3448,0.195579238,0.008900000000000019,0.662,0.4286,7.0,4.0,5706.0,3.089,0.4413,0.0145,12897.0,0.4424,0.5714
S13002860,2,2017.0,70.33,0.3448,0.195579238,0.008900000000000019,0.662,0.4286,7.0,4.0,5996.0,3.1513,0.4502,0.0145,12897.0,0.4649,0.5714
S13002860,0,2017.0,13.219999999999999,0.3448,0.195579238,0.008900000000000019,0.662,0.4286,7.0,4.0,5706.0,3.089,0.4413,0.0145,12897.0,0.4424,0.5714
S13002861,3,2022.0,95.99000000000001,0.3385,0.237319773,0.0041999999999999815,0.6066,0.3059,7.0,4.0,5635.0,3.0266,0.4324,0.0169,12200.0,0.4619,0.5714
S13002861,2,2022.0,74.89,0.3385,0.237319773,0.0041999999999999815,0.6066,0.3059,6.0,4.0,5673.0,2.9836,0.4973,0.0169,12200.0,0.465,0.6667
S13002861,2,2022.0,74.89,0.3385,0.237319773,0.0041999999999999815,0.6066,0.3059,7.0,4.0,5635.0,3.0266,0.4324,0.0169,12200.0,0.4619,0.5714
S13002861,1,2022.0,5.739999999999999,0.3385,0.237319773,0.0041999999999999815,0.6066,0.3059,6.0,4.0,5673.0,2.9836,0.4973,0.0169,12200.0,0.465,0.6667
S13002861,1,2022.0,5.739999999999999,0.3385,0.237319773,0.0041999999999999815,0.6066,0.3059,7.0,4.0,5635.0,3.0266,0.4324,0.0169,12200.0,0.4619,0.5714
S13002861,0,2022.0,17.279999999999998,0.3385,0.237319773,0.0041999999999999815,0.6066,0.3059,6.0,4.0,5673.0,2.9836,0.4973,0.0169,12200.0,0.465,0.6667
S13002861,3,2022.0,95.99000000000001,0.3385,0.237319773,0.0041999999999999815,0.6066,0.3059,6.0,4.0,5673.0,2.9836,0.4973,0.0169,12200.0,0.465,0.6667
S13002861,0,2022.0,17.279999999999998,0.3385,0.237319773,0.0041999999999999815,0.6066,0.3059,7.0,4.0,5635.0,3.0266,0.4324,0.0169,12200.0,0.4619,0.5714
S13002861,0,2017.0,11.09,0.3385,0.237319773,0.0041999999999999815,0.6066,0.3059,7.0,4.0,5635.0,3.0266,0.4324,0.0169,13857.0,0.4067,0.5714
S13002861,0,2017.0,11.09,0.3385,0.237319773,0.0041999999999999815,0.6066,0.3059,6.0,4.0,5673.0,2.9836,0.4973,0.0169,13857.0,0.4094,0.6667
S13002861,1,2017.0,10.09,0.3385,0.237319773,0.0041999999999999815,0.6066,0.3059,7.0,4.0,5635.0,3.0266,0.4324,0.0169,13857.0,0.4067,0.5714
S13002861,1,2017.0,10.09,0.3385,0.237319773,0.0041999999999999815,0.6066,0.3059,6.0,4.0,5673.0,2.9836,0.4973,0.0169,13857.0,0.4094,0.6667
S13002861,2,2017.0,68.66,0.3385,0.237319773,0.0041999999999999815,0.6066,0.3059,7.0,4.0,5635.0,3.0266,0.4324,0.0169,13857.0,0.4067,0.5714
S13002861,2,2017.0,68.66,0.3385,0.237319773,0.0041999999999999815,0.6066,0.3059,6.0,4.0,5673.0,2.9836,0.4973,0.0169,13857.0,0.4094,0.6667
S13002861,3,2017.0,86.15,0.3385,0.237319773,0.0041999999999999815,0.6066,0.3059,7.0,4.0,5635.0,3.0266,0.4324,0.0169,13857.0,0.4067,0.5714
S13002861,3,2017.0,86.15,0.3385,0.237319773,0.0041999999999999815,0.6066,0.3059,6.0,4.0,5673.0,2.9836,0.4973,0.0169,13857.0,0.4094,0.6667
S13002862,0,2022.0,19.830000000000002,0.3597,0.275217821,0.0009000000000000119,0.6387,0.3925,6.0,3.0,4841.0,3.0421,0.507,0.015,9079.0,0.5332,0.5
S13002862,1,2022.0,4.3500000000000005,0.3597,0.275217821,0.0009000000000000119,0.6387,0.3925,5.0,3.0,4759.0,2.6054,0.5211,0.015,9079.0,0.5242,0.6
S13002862,2,2022.0,43.94,0.3597,0.275217821,0.0009000000000000119,0.6387,0.3925,6.0,3.0,4841.0,3.0421,0.507,0.015,9079.0,0.5332,0.5
S13002862,2,2022.0,43.94,0.3597,0.275217821,0.0009000000000000119,0.6387,0.3925,5.0,3.0,4759.0,2.6054,0.5211,0.015,9079.0,0.5242,0.6
S13002862,3,2022.0,84.24,0.3597,0.275217821,0.0009000000000000119,0.6387,0.3925,6.0,3.0,4841.0,3.0421,0.507,0.015,9079.0,0.5332,0.5
S13002862,3,2022.0,84.24,0.3597,0.275217821,0.0009000000000000119,0.6387,0.3925,5.0,3.0,4759.0,2.6054,0.5211,0.015,9079.0,0.5242,0.6
S13002862,3,2017.0,91.43,0.3597,0.275217821,0.0009000000000000119,0.6387,0.3925,5.0,3.0,4759.0,2.6054,0.5211,0.015,8692.0,0.5475,0.6
S13002862,2,2017.0,72.64,0.3597,0.275217821,0.0009000000000000119,0.6387,0.3925,5.0,3.0,4759.0,2.6054,0.5211,0.015,8692.0,0.5475,0.6
S13002862,1,2022.0,4.3500000000000005,0.3597,0.275217821,0.0009000000000000119,0.6387,0.3925,6.0,3.0,4841.0,3.0421,0.507,0.015,9079.0,0.5332,0.5
S13002862,2,2017.0,72.64,0.3597,0.275217821,0.0009000000000000119,0.6387,0.3925,6.0,3.0,4841.0,3.0421,0.507,0.015,8692.0,0.5569,0.5
S13002862,1,2017.0,6.73,0.3597,0.275217821,0.0009000000000000119,0.6387,0.3925,5.0,3.0,4759.0,2.6054,0.5211,0.015,8692.0,0.5475,0.6
S13002862,1,2017.0,6.73,0.3597,0.275217821,0.0009000000000000119,0.6387,0.3925,6.0,3.0,4841.0,3.0421,0.507,0.015,8692.0,0.5569,0.5
S13002862,0,2017.0,6.73,0.3597,0.275217821,0.0009000000000000119,0.6387,0.3925,5.0,3.0,4759.0,2.6054,0.5211,0.015,8692.0,0.5475,0.6
S13002862,0,2017.0,6.73,0.3597,0.275217821,0.0009000000000000119,0.6387,0.3925,6.0,3.0,4841.0,3.0421,0.507,0.015,8692.0,0.5569,0.5
S13002862,3,2017.0,91.43,0.3597,0.275217821,0.0009000000000000119,0.6387,0.3925,6.0,3.0,4841.0,3.0421,0.507,0.015,8692.0,0.5569,0.5
S13002862,0,2022.0,19.830000000000002,0.3597,0.275217821,0.0009000000000000119,0.6387,0.3925,5.0,3.0,4759.0,2.6054,0.5211,0.015,9079.0,0.5242,0.6
S13002863,2,2022.0,25.06,0.3703,0.25077757,0.01959999999999995,0.6806,0.4655,4.0,3.0,4780.0,2.4138,0.6035,0.0142,9210.0,0.519,0.75
S13002863,2,2022.0,25.06,0.3703,0.25077757,0.01959999999999995,0.6806,0.4655,6.0,3.0,4832.0,3.0271,0.5045,0.0142,9210.0,0.5246,0.5
S13002863,1,2022.0,1.96,0.3703,0.25077757,0.01959999999999995,0.6806,0.4655,4.0,3.0,4780.0,2.4138,0.6035,0.0142,9210.0,0.519,0.75
S13002863,1,2022.0,1.96,0.3703,0.25077757,0.01959999999999995,0.6806,0.4655,6.0,3.0,4832.0,3.0271,0.5045,0.0142,9210.0,0.5246,0.5
S13002863,0,2022.0,1.96,0.3703,0.25077757,0.01959999999999995,0.6806,0.4655,4.0,3.0,4780.0,2.4138,0.6035,0.0142,9210.0,0.519,0.75
S13002863,0,2022.0,1.96,0.3703,0.25077757,0.01959999999999995,0.6806,0.4655,6.0,3.0,4832.0,3.0271,0.5045,0.0142,9210.0,0.5246,0.5
S13002863,3,2017.0,91.95,0.3703,0.25077757,0.01959999999999995,0.6806,0.4655,6.0,3.0,4832.0,3.0271,0.5045,0.0142,9599.0,0.5034,0.5
S13002863,3,2017.0,91.95,0.3703,0.25077757,0.01959999999999995,0.6806,0.4655,4.0,3.0,4780.0,2.4138,0.6035,0.0142,9599.0,0.498,0.75
S13002863,3,2022.0,59.33,0.3703,0.25077757,0.01959999999999995,0.6806,0.4655,6.0,3.0,4832.0,3.0271,0.5045,0.0142,9210.0,0.5246,0.5
S13002863,2,2017.0,73.07,0.3703,0.25077757,0.01959999999999995,0.6806,0.4655,4.0,3.0,4780.0,2.4138,0.6035,0.0142,9599.0,0.498,0.75
S13002863,2,2017.0,73.07,0.3703,0.25077757,0.01959999999999995,0.6806,0.4655,6.0,3.0,4832.0,3.0271,0.5045,0.0142,9599.0,0.5034,0.5
S13002863,1,2017.0,9.49,0.3703,0.25077757,0.01959999999999995,0.6806,0.4655,4.0,3.0,4780.0,2.4138,0.6035,0.0142,9599.0,0.498,0.75
S13002863,1,2017.0,9.49,0.3703,0.25077757,0.01959999999999995,0.6806,0.4655,6.0,3.0,4832.0,3.0271,0.5045,0.0142,9599.0,0.5034,0.5
S13002863,0,2017.0,20.3,0.3703,0.25077757,0.01959999999999995,0.6806,0.4655,4.0,3.0,4780.0,2.4138,0.6035,0.0142,9599.0,0.498,0.75
S13002863,0,2017.0,20.3,0.3703,0.25077757,0.01959999999999995,0.6806,0.4655,6.0,3.0,4832.0,3.0271,0.5045,0.0142,9599.0,0.5034,0.5
S13002863,3,2022.0,59.33,0.3703,0.25077757,0.01959999999999995,0.6806,0.4655,4.0,3.0,4780.0,2.4138,0.6035,0.0142,9210.0,0.519,0.75
S13002864,1,2022.0,5.67,0.3024,0.155972779,0.006000000000000005,0.6323,0.3667,9.0,4.0,5477.0,3.562,0.3958,0.0168,12732.0,0.4302,0.4444
S13002864,0,2022.0,17.810000000000002,0.3024,0.155972779,0.006000000000000005,0.6323,0.3667,7.0,4.0,5531.0,3.1495,0.4499,0.0168,12732.0,0.4344,0.5714
S13002864,2,2022.0,52.709999999999994,0.3024,0.155972779,0.006000000000000005,0.6323,0.3667,9.0,4.0,5477.0,3.562,0.3958,0.0168,12732.0,0.4302,0.4444
S13002864,2,2022.0,52.709999999999994,0.3024,0.155972779,0.006000000000000005,0.6323,0.3667,7.0,4.0,5531.0,3.1495,0.4499,0.0168,12732.0,0.4344,0.5714
S13002864,3,2022.0,93.45,0.3024,0.155972779,0.006000000000000005,0.6323,0.3667,9.0,4.0,5477.0,3.562,0.3958,0.0168,12732.0,0.4302,0.4444
S13002864,3,2022.0,93.45,0.3024,0.155972779,0.006000000000000005,0.6323,0.3667,7.0,4.0,5531.0,3.1495,0.4499,0.0168,12732.0,0.4344,0.5714
S13002864,1,2022.0,5.67,0.3024,0.155972779,0.006000000000000005,0.6323,0.3667,7.0,4.0,5531.0,3.1495,0.4499,0.0168,12732.0,0.4344,0.5714
S13002864,2,2017.0,73.12,0.3024,0.155972779,0.006000000000000005,0.6323,0.3667,9.0,4.0,5477.0,3.562,0.3958,0.0168,12608.0,0.4344,0.4444
S13002864,3,2017.0,95.57,0.3024,0.155972779,0.006000000000000005,0.6323,0.3667,7.0,4.0,5531.0,3.1495,0.4499,0.0168,12608.0,0.4387,0.5714
S13002864,3,2017.0,95.57,0.3024,0.155972779,0.006000000000000005,0.6323,0.3667,9.0,4.0,5477.0,3.562,0.3958,0.0168,12608.0,0.4344,0.4444
S13002864,2,2017.0,73.12,0.3024,0.155972779,0.006000000000000005,0.6323,0.3667,7.0,4.0,5531.0,3.1495,0.4499,0.0168,12608.0,0.4387,0.5714
S13002864,1,2017.0,5.94,0.3024,0.155972779,0.006000000000000005,0.6323,0.3667,7.0,4.0,5531.0,3.1495,0.4499,0.0168,12608.0,0.4387,0.5714
S13002864,1,2017.0,5.94,0.3024,0.155972779,0.006000000000000005,0.6323,0.3667,9.0,4.0,5477.0,3.562,0.3958,0.0168,12608.0,0.4344,0.4444
S13002864,0,2017.0,5.94,0.3024,0.155972779,0.006000000000000005,0.6323,0.3667,7.0,4.0,5531.0,3.1495,0.4499,0.0168,12608.0,0.4387,0.5714
S13002864,0,2017.0,5.94,0.3024,0.155972779,0.006000000000000005,0.6323,0.3667,9.0,4.0,5477.0,3.562,0.3958,0.0168,12608.0,0.4344,0.4444
S13002864,0,2022.0,17.810000000000002,0.3024,0.155972779,0.006000000000000005,0.6323,0.3667,9.0,4.0,5477.0,3.562,0.3958,0.0168,12732.0,0.4302,0.4444
S13002865,0,2022.0,21.67,0.336,0.224539115,0.017000000000000015,0.6135,0.3889,7.0,4.0,5523.0,3.2408,0.463,0.0155,11471.0,0.4815,0.5714
S13002865,3,2022.0,95.6,0.336,0.224539115,0.017000000000000015,0.6135,0.3889,8.0,4.0,5559.0,3.5902,0.4488,0.0155,11471.0,0.4846,0.5
S13002865,0,2022.0,21.67,0.336,0.224539115,0.017000000000000015,0.6135,0.3889,8.0,4.0,5559.0,3.5902,0.4488,0.0155,11471.0,0.4846,0.5
S13002865,1,2022.0,10.09,0.336,0.224539115,0.017000000000000015,0.6135,0.3889,8.0,4.0,5559.0,3.5902,0.4488,0.0155,11471.0,0.4846,0.5
S13002865,3,2022.0,95.6,0.336,0.224539115,0.017000000000000015,0.6135,0.3889,7.0,4.0,5523.0,3.2408,0.463,0.0155,11471.0,0.4815,0.5714
S13002865,2,2022.0,71.79,0.336,0.224539115,0.017000000000000015,0.6135,0.3889,8.0,4.0,5559.0,3.5902,0.4488,0.0155,11471.0,0.4846,0.5
S13002865,2,2022.0,71.79,0.336,0.224539115,0.017000000000000015,0.6135,0.3889,7.0,4.0,5523.0,3.2408,0.463,0.0155,11471.0,0.4815,0.5714
S13002865,0,2017.0,4.16,0.336,0.224539115,0.017000000000000015,0.6135,0.3889,8.0,4.0,5559.0,3.5902,0.4488,0.0155,11974.0,0.4643,0.5
S13002865,0,2017.0,4.16,0.336,0.224539115,0.017000000000000015,0.6135,0.3889,7.0,4.0,5523.0,3.2408,0.463,0.0155,11974.0,0.4612,0.5714
S13002865,1,2017.0,2.7800000000000002,0.336,0.224539115,0.017000000000000015,0.6135,0.3889,8.0,4.0,5559.0,3.5902,0.4488,0.0155,11974.0,0.4643,0.5
S13002865,1,2017.0,2.7800000000000002,0.336,0.224539115,0.017000000000000015,0.6135,0.3889,7.0,4.0,5523.0,3.2408,0.463,0.0155,11974.0,0.4612,0.5714
S13002865,2,2017.0,69.22,0.336,0.224539115,0.017000000000000015,0.6135,0.3889,8.0,4.0,5559.0,3.5902,0.4488,0.0155,11974.0,0.4643,0.5
S13002865,1,2022.0,10.09,0.336,0.224539115,0.017000000000000015,0.6135,0.3889,7.0,4.0,5523.0,3.2408,0.463,0.0155,11471.0,0.4815,0.5714
S13002865,3,2017.0,88.39999999999999,0.336,0.224539115,0.017000000000000015,0.6135,0.3889,8.0,4.0,5559.0,3.5902,0.4488,0.0155,11974.0,0.4643,0.5
S13002865,3,2017.0,88.39999999999999,0.336,0.224539115,0.017000000000000015,0.6135,0.3889,7.0,4.0,5523.0,3.2408,0.463,0.0155,11974.0,0.4612,0.5714
S13002865,2,2017.0,69.22,0.336,0.224539115,0.017000000000000015,0.6135,0.3889,7.0,4.0,5523.0,3.2408,0.463,0.0155,11974.0,0.4612,0.5714
S13002866,2,2022.0,71.53,0.3299,0.194483196,0.007000000000000006,0.6322,0.3293,8.0,4.0,5620.0,3.4765,0.4346,0.0151,12403.0,0.4531,0.5
S13002866,2,2022.0,71.53,0.3299,0.194483196,0.007000000000000006,0.6322,0.3293,11.0,4.0,5782.0,3.579,0.3254,0.0151,12403.0,0.4662,0.3636
S13002866,1,2022.0,12.85,0.3299,0.194483196,0.007000000000000006,0.6322,0.3293,8.0,4.0,5620.0,3.4765,0.4346,0.0151,12403.0,0.4531,0.5
S13002866,1,2022.0,12.85,0.3299,0.194483196,0.007000000000000006,0.6322,0.3293,11.0,4.0,5782.0,3.579,0.3254,0.0151,12403.0,0.4662,0.3636
S13002866,0,2017.0,8.709999999999999,0.3299,0.194483196,0.007000000000000006,0.6322,0.3293,11.0,4.0,5782.0,3.579,0.3254,0.0151,11805.0,0.4898,0.3636
S13002866,1,2017.0,7.27,0.3299,0.194483196,0.007000000000000006,0.6322,0.3293,8.0,4.0,5620.0,3.4765,0.4346,0.0151,11805.0,0.4761,0.5
S13002866,1,2017.0,7.27,0.3299,0.194483196,0.007000000000000006,0.6322,0.3293,11.0,4.0,5782.0,3.579,0.3254,0.0151,11805.0,0.4898,0.3636
S13002866,3,2022.0,92.22000000000001,0.3299,0.194483196,0.007000000000000006,0.6322,0.3293,11.0,4.0,5782.0,3.579,0.3254,0.0151,12403.0,0.4662,0.3636
S13002866,2,2017.0,44.39,0.3299,0.194483196,0.007000000000000006,0.6322,0.3293,11.0,4.0,5782.0,3.579,0.3254,0.0151,11805.0,0.4898,0.3636
S13002866,2,2017.0,44.39,0.3299,0.194483196,0.007000000000000006,0.6322,0.3293,8.0,4.0,5620.0,3.4765,0.4346,0.0151,11805.0,0.4761,0.5
S13002866,3,2017.0,65.18,0.3299,0.194483196,0.007000000000000006,0.6322,0.3293,11.0,4.0,5782.0,3.579,0.3254,0.0151,11805.0,0.4898,0.3636
S13002866,3,2017.0,65.18,0.3299,0.194483196,0.007000000000000006,0.6322,0.3293,8.0,4.0,5620.0,3.4765,0.4346,0.0151,11805.0,0.4761,0.5
S13002866,0,2022.0,23.23,0.3299,0.194483196,0.007000000000000006,0.6322,0.3293,8.0,4.0,5620.0,3.4765,0.4346,0.0151,12403.0,0.4531,0.5
S13002866,0,2022.0,23.23,0.3299,0.194483196,0.007000000000000006,0.6322,0.3293,11.0,4.0,5782.0,3.579,0.3254,0.0151,12403.0,0.4662,0.3636
S13002866,0,2017.0,8.709999999999999,0.3299,0.194483196,0.007000000000000006,0.6322,0.3293,8.0,4.0,5620.0,3.4765,0.4346,0.0151,11805.0,0.4761,0.5
S13002866,3,2022.0,92.22000000000001,0.3299,0.194483196,0.007000000000000006,0.6322,0.3293,8.0,4.0,5620.0,3.4765,0.4346,0.0151,12403.0,0.4531,0.5
S13002867,2,2022.0,63.28,0.3894,0.263377214,0.016000000000000014,0.5968,0.3242,7.0,3.0,4515.0,3.1245,0.4464,0.0147,8823.0,0.5117,0.4286
S13002867,0,2022.0,25.85,0.3894,0.263377214,0.016000000000000014,0.5968,0.3242,6.0,3.0,4577.0,2.8894,0.4816,0.0147,8823.0,0.5188,0.5
S13002867,1,2022.0,8.97,0.3894,0.263377214,0.016000000000000014,0.5968,0.3242,7.0,3.0,4515.0,3.1245,0.4464,0.0147,8823.0,0.5117,0.4286
S13002867,1,2022.0,8.97,0.3894,0.263377214,0.016000000000000014,0.5968,0.3242,6.0,3.0,4577.0,2.8894,0.4816,0.0147,8823.0,0.5188,0.5
S13002867,2,2022.0,63.28,0.3894,0.263377214,0.016000000000000014,0.5968,0.3242,6.0,3.0,4577.0,2.8894,0.4816,0.0147,8823.0,0.5188,0.5
S13002867,3,2022.0,90.57,0.3894,0.263377214,0.016000000000000014,0.5968,0.3242,7.0,3.0,4515.0,3.1245,0.4464,0.0147,8823.0,0.5117,0.4286
S13002867,3,2022.0,90.57,0.3894,0.263377214,0.016000000000000014,0.5968,0.3242,6.0,3.0,4577.0,2.8894,0.4816,0.0147,8823.0,0.5188,0.5
S13002867,0,2017.0,0.48,0.3894,0.263377214,0.016000000000000014,0.5968,0.3242,7.0,3.0,4515.0,3.1245,0.4464,0.0147,9011.0,0.5011,0.4286
S13002867,0,2017.0,0.48,0.3894,0.263377214,0.016000000000000014,0.5968,0.3242,6.0,3.0,4577.0,2.8894,0.4816,0.0147,9011.0,0.5079,0.5
S13002867,1,2017.0,0.48,0.3894,0.263377214,0.016000000000000014,0.5968,0.3242,6.0,3.0,4577.0,2.8894,0.4816,0.0147,9011.0,0.5079,0.5
S13002867,2,2017.0,57.61,0.3894,0.263377214,0.016000000000000014,0.5968,0.3242,7.0,3.0,4515.0,3.1245,0.4464,0.0147,9011.0,0.5011,0.4286
S13002867,2,2017.0,57.61,0.3894,0.263377214,0.016000000000000014,0.5968,0.3242,6.0,3.0,4577.0,2.8894,0.4816,0.0147,9011.0,0.5079,0.5
S13002867,3,2017.0,94.21,0.3894,0.263377214,0.016000000000000014,0.5968,0.3242,7.0,3.0,4515.0,3.1245,0.4464,0.0147,9011.0,0.5011,0.4286
S13002867,3,2017.0,94.21,0.3894,0.263377214,0.016000000000000014,0.5968,0.3242,6.0,3.0,4577.0,2.8894,0.4816,0.0147,9011.0,0.5079,0.5
S13002867,0,2022.0,25.85,0.3894,0.263377214,0.016000000000000014,0.5968,0.3242,7.0,3.0,4515.0,3.1245,0.4464,0.0147,8823.0,0.5117,0.4286
S13002867,1,2017.0,0.48,0.3894,0.263377214,0.016000000000000014,0.5968,0.3242,7.0,3.0,4515.0,3.1245,0.4464,0.0147,9011.0,0.5011,0.4286
S13002868,3,2022.0,87.9,0.3787,0.243968801,0.00990000000000002,0.5583,0.2643,5.0,3.0,3933.0,2.7963,0.5593,0.0241,8793.0,0.4473,0.6
S13002868,2,2022.0,66.41,0.3787,0.243968801,0.00990000000000002,0.5583,0.2643,7.0,3.0,4211.0,3.1069,0.4438,0.0241,8793.0,0.4789,0.4286
S13002868,0,2017.0,13.330000000000002,0.3787,0.243968801,0.00990000000000002,0.5583,0.2643,5.0,3.0,3933.0,2.7963,0.5593,0.0241,9479.0,0.4149,0.6
S13002868,0,2017.0,13.330000000000002,0.3787,0.243968801,0.00990000000000002,0.5583,0.2643,7.0,3.0,4211.0,3.1069,0.4438,0.0241,9479.0,0.4442,0.4286
S13002868,1,2017.0,5.000000000000001,0.3787,0.243968801,0.00990000000000002,0.5583,0.2643,5.0,3.0,3933.0,2.7963,0.5593,0.0241,9479.0,0.4149,0.6
S13002868,1,2017.0,5.000000000000001,0.3787,0.243968801,0.00990000000000002,0.5583,0.2643,7.0,3.0,4211.0,3.1069,0.4438,0.0241,9479.0,0.4442,0.4286
S13002868,2,2017.0,48.52,0.3787,0.243968801,0.00990000000000002,0.5583,0.2643,5.0,3.0,3933.0,2.7963,0.5593,0.0241,9479.0,0.4149,0.6
S13002868,2,2017.0,48.52,0.3787,0.243968801,0.00990000000000002,0.5583,0.2643,7.0,3.0,4211.0,3.1069,0.4438,0.0241,9479.0,0.4442,0.4286
S13002868,3,2017.0,79.12,0.3787,0.243968801,0.00990000000000002,0.5583,0.2643,5.0,3.0,3933.0,2.7963,0.5593,0.0241,9479.0,0.4149,0.6
S13002868,3,2022.0,87.9,0.3787,0.243968801,0.00990000000000002,0.5583,0.2643,7.0,3.0,4211.0,3.1069,0.4438,0.0241,8793.0,0.4789,0.4286
S13002868,0,2022.0,4.87,0.3787,0.243968801,0.00990000000000002,0.5583,0.2643,5.0,3.0,3933.0,2.7963,0.5593,0.0241,8793.0,0.4473,0.6
S13002868,0,2022.0,4.87,0.3787,0.243968801,0.00990000000000002,0.5583,0.2643,7.0,3.0,4211.0,3.1069,0.4438,0.0241,8793.0,0.4789,0.4286
S13002868,1,2022.0,4.87,0.3787,0.243968801,0.00990000000000002,0.5583,0.2643,5.0,3.0,3933.0,2.7963,0.5593,0.0241,8793.0,0.4473,0.6
S13002868,1,2022.0,4.87,0.3787,0.243968801,0.00990000000000002,0.5583,0.2643,7.0,3.0,4211.0,3.1069,0.4438,0.0241,8793.0,0.4789,0.4286
S13002868,2,2022.0,66.41,0.3787,0.243968801,0.00990000000000002,0.5583,0.2643,5.0,3.0,3933.0,2.7963,0.5593,0.0241,8793.0,0.4473,0.6
S13002868,3,2017.0,79.12,0.3787,0.243968801,0.00990000000000002,0.5583,0.2643,7.0,3.0,4211.0,3.1069,0.4438,0.0241,9479.0,0.4442,0.4286
S13002869,0,2022.0,8.44,0.3819,0.259376987,0.021100000000000008,0.5406,0.2382,8.0,4.0,5421.0,3.4962,0.437,0.0173,12358.0,0.4387,0.5
S13002869,0,2017.0,8.069999999999999,0.3819,0.259376987,0.021100000000000008,0.5406,0.2382,8.0,4.0,5421.0,3.4962,0.437,0.0173,13294.0,0.4078,0.5
S13002869,0,2017.0,8.069999999999999,0.3819,0.259376987,0.021100000000000008,0.5406,0.2382,8.0,4.0,5523.0,3.4154,0.4269,0.0173,13294.0,0.4155,0.5
S13002869,3,2017.0,82.36999999999999,0.3819,0.259376987,0.021100000000000008,0.5406,0.2382,8.0,4.0,5421.0,3.4962,0.437,0.0173,13294.0,0.4078,0.5
S13002869,2,2017.0,58.43,0.3819,0.259376987,0.021100000000000008,0.5406,0.2382,8.0,4.0,5421.0,3.4962,0.437,0.0173,13294.0,0.4078,0.5
S13002869,2,2017.0,58.43,0.3819,0.259376987,0.021100000000000008,0.5406,0.2382,8.0,4.0,5523.0,3.4154,0.4269,0.0173,13294.0,0.4155,0.5
S13002869,3,2017.0,82.36999999999999,0.3819,0.259376987,0.021100000000000008,0.5406,0.2382,8.0,4.0,5523.0,3.4154,0.4269,0.0173,13294.0,0.4155,0.5
S13002869,3,2022.0,82.66,0.3819,0.259376987,0.021100000000000008,0.5406,0.2382,8.0,4.0,5523.0,3.4154,0.4269,0.0173,12358.0,0.4469,0.5
S13002869,3,2022.0,82.66,0.3819,0.259376987,0.021100000000000008,0.5406,0.2382,8.0,4.0,5421.0,3.4962,0.437,0.0173,12358.0,0.4387,0.5
S13002869,2,2022.0,59.73,0.3819,0.259376987,0.021100000000000008,0.5406,0.2382,8.0,4.0,5523.0,3.4154,0.4269,0.0173,12358.0,0.4469,0.5
S13002869,2,2022.0,59.73,0.3819,0.259376987,0.021100000000000008,0.5406,0.2382,8.0,4.0,5421.0,3.4962,0.437,0.0173,12358.0,0.4387,0.5
S13002869,1,2022.0,4.62,0.3819,0.259376987,0.021100000000000008,0.5406,0.2382,8.0,4.0,5523.0,3.4154,0.4269,0.0173,12358.0,0.4469,0.5
S13002869,1,2022.0,4.62,0.3819,0.259376987,0.021100000000000008,0.5406,0.2382,8.0,4.0,5421.0,3.4962,0.437,0.0173,12358.0,0.4387,0.5
S13002869,0,2022.0,8.44,0.3819,0.259376987,0.021100000000000008,0.5406,0.2382,8.0,4.0,5523.0,3.4154,0.4269,0.0173,12358.0,0.4469,0.5
S13002869,1,2017.0,8.069999999999999,0.3819,0.259376987,0.021100000000000008,0.5406,0.2382,8.0,4.0,5523.0,3.4154,0.4269,0.0173,13294.0,0.4155,0.5
S13002869,1,2017.0,8.069999999999999,0.3819,0.259376987,0.021100000000000008,0.5406,0.2382,8.0,4.0,5421.0,3.4962,0.437,0.0173,13294.0,0.4078,0.5
S13002870,2,2017.0,90.38,0.3954,0.262181377,0.023399999999999976,0.643,0.3941,5.0,4.0,6685.0,2.6338,0.5268,0.0105,13317.0,0.502,0.8
S13002870,3,2017.0,97.16000000000001,0.3954,0.262181377,0.023399999999999976,0.643,0.3941,8.0,4.0,7194.0,3.3304,0.4163,0.0105,13317.0,0.5402,0.5
S13002870,0,2022.0,15.1,0.3954,0.262181377,0.023399999999999976,0.643,0.3941,8.0,4.0,7194.0,3.3304,0.4163,0.0105,14226.0,0.5057,0.5
S13002870,0,2022.0,15.1,0.3954,0.262181377,0.023399999999999976,0.643,0.3941,5.0,4.0,6685.0,2.6338,0.5268,0.0105,14226.0,0.4699,0.8
S13002870,1,2022.0,7.35,0.3954,0.262181377,0.023399999999999976,0.643,0.3941,8.0,4.0,7194.0,3.3304,0.4163,0.0105,14226.0,0.5057,0.5
S13002870,0,2017.0,21.189999999999998,0.3954,0.262181377,0.023399999999999976,0.643,0.3941,8.0,4.0,7194.0,3.3304,0.4163,0.0105,13317.0,0.5402,0.5
S13002870,1,2022.0,7.35,0.3954,0.262181377,0.023399999999999976,0.643,0.3941,5.0,4.0,6685.0,2.6338,0.5268,0.0105,14226.0,0.4699,0.8
S13002870,2,2022.0,62.92,0.3954,0.262181377,0.023399999999999976,0.643,0.3941,8.0,4.0,7194.0,3.3304,0.4163,0.0105,14226.0,0.5057,0.5
S13002870,2,2022.0,62.92,0.3954,0.262181377,0.023399999999999976,0.643,0.3941,5.0,4.0,6685.0,2.6338,0.5268,0.0105,14226.0,0.4699,0.8
S13002870,3,2022.0,86.05,0.3954,0.262181377,0.023399999999999976,0.643,0.3941,8.0,4.0,7194.0,3.3304,0.4163,0.0105,14226.0,0.5057,0.5
S13002870,3,2022.0,86.05,0.3954,0.262181377,0.023399999999999976,0.643,0.3941,5.0,4.0,6685.0,2.6338,0.5268,0.0105,14226.0,0.4699,0.8
S13002870,3,2017.0,97.16000000000001,0.3954,0.262181377,0.023399999999999976,0.643,0.3941,5.0,4.0,6685.0,2.6338,0.5268,0.0105,13317.0,0.502,0.8
S13002870,0,2017.0,21.189999999999998,0.3954,0.262181377,0.023399999999999976,0.643,0.3941,5.0,4.0,6685.0,2.6338,0.5268,0.0105,13317.0,0.502,0.8
S13002870,1,2017.0,10.479999999999999,0.3954,0.262181377,0.023399999999999976,0.643,0.3941,8.0,4.0,7194.0,3.3304,0.4163,0.0105,13317.0,0.5402,0.5
S13002870,1,2017.0,10.479999999999999,0.3954,0.262181377,0.023399999999999976,0.643,0.3941,5.0,4.0,6685.0,2.6338,0.5268,0.0105,13317.0,0.502,0.8
S13002870,2,2017.0,90.38,0.3954,0.262181377,0.023399999999999976,0.643,0.3941,8.0,4.0,7194.0,3.3304,0.4163,0.0105,13317.0,0.5402,0.5
S13002871,3,2022.0,53.19,0.3738,0.27435446,0.025399999999999978,0.6141,0.3194,7.0,3.0,5075.0,3.201,0.4573,0.0149,11113.0,0.4567,0.4286
S13002871,2,2022.0,35.9,0.3738,0.27435446,0.025399999999999978,0.6141,0.3194,7.0,3.0,5401.0,3.0891,0.4413,0.0149,11113.0,0.486,0.4286
S13002871,2,2022.0,35.9,0.3738,0.27435446,0.025399999999999978,0.6141,0.3194,7.0,3.0,5075.0,3.201,0.4573,0.0149,11113.0,0.4567,0.4286
S13002871,3,2022.0,53.19,0.3738,0.27435446,0.025399999999999978,0.6141,0.3194,7.0,3.0,5401.0,3.0891,0.4413,0.0149,11113.0,0.486,0.4286
S13002871,1,2017.0,5.379999999999999,0.3738,0.27435446,0.025399999999999978,0.6141,0.3194,7.0,3.0,5401.0,3.0891,0.4413,0.0149,11706.0,0.4614,0.4286
S13002871,1,2022.0,9.4,0.3738,0.27435446,0.025399999999999978,0.6141,0.3194,7.0,3.0,5401.0,3.0891,0.4413,0.0149,11113.0,0.486,0.4286
S13002871,1,2022.0,9.4,0.3738,0.27435446,0.025399999999999978,0.6141,0.3194,7.0,3.0,5075.0,3.201,0.4573,0.0149,11113.0,0.4567,0.4286
S13002871,0,2022.0,16.97,0.3738,0.27435446,0.025399999999999978,0.6141,0.3194,7.0,3.0,5401.0,3.0891,0.4413,0.0149,11113.0,0.486,0.4286
S13002871,0,2017.0,17.619999999999997,0.3738,0.27435446,0.025399999999999978,0.6141,0.3194,7.0,3.0,5401.0,3.0891,0.4413,0.0149,11706.0,0.4614,0.4286
S13002871,0,2022.0,16.97,0.3738,0.27435446,0.025399999999999978,0.6141,0.3194,7.0,3.0,5075.0,3.201,0.4573,0.0149,11113.0,0.4567,0.4286
S13002871,1,2017.0,5.379999999999999,0.3738,0.27435446,0.025399999999999978,0.6141,0.3194,7.0,3.0,5075.0,3.201,0.4573,0.0149,11706.0,0.4335,0.4286
S13002871,2,2017.0,44.870000000000005,0.3738,0.27435446,0.025399999999999978,0.6141,0.3194,7.0,3.0,5401.0,3.0891,0.4413,0.0149,11706.0,0.4614,0.4286
S13002871,2,2017.0,44.870000000000005,0.3738,0.27435446,0.025399999999999978,0.6141,0.3194,7.0,3.0,5075.0,3.201,0.4573,0.0149,11706.0,0.4335,0.4286
S13002871,3,2017.0,79.02000000000001,0.3738,0.27435446,0.025399999999999978,0.6141,0.3194,7.0,3.0,5401.0,3.0891,0.4413,0.0149,11706.0,0.4614,0.4286
S13002871,3,2017.0,79.02000000000001,0.3738,0.27435446,0.025399999999999978,0.6141,0.3194,7.0,3.0,5075.0,3.201,0.4573,0.0149,11706.0,0.4335,0.4286
S13002871,0,2017.0,17.619999999999997,0.3738,0.27435446,0.025399999999999978,0.6141,0.3194,7.0,3.0,5075.0,3.201,0.4573,0.0149,11706.0,0.4335,0.4286
S13002872,2,2022.0,61.76,0.3464,0.251623562,0.01529999999999998,0.5812,0.2684,10.0,4.0,6503.0,3.519,0.3519,0.0174,13989.0,0.4649,0.4
S13002872,2,2022.0,61.76,0.3464,0.251623562,0.01529999999999998,0.5812,0.2684,5.0,4.0,6108.0,2.6541,0.5308,0.0174,13989.0,0.4366,0.8
S13002872,3,2022.0,83.11999999999999,0.3464,0.251623562,0.01529999999999998,0.5812,0.2684,10.0,4.0,6503.0,3.519,0.3519,0.0174,13989.0,0.4649,0.4
S13002872,3,2022.0,83.11999999999999,0.3464,0.251623562,0.01529999999999998,0.5812,0.2684,5.0,4.0,6108.0,2.6541,0.5308,0.0174,13989.0,0.4366,0.8
S13002872,0,2022.0,19.689999999999998,0.3464,0.251623562,0.01529999999999998,0.5812,0.2684,5.0,4.0,6108.0,2.6541,0.5308,0.0174,13989.0,0.4366,0.8
S13002872,0,2022.0,19.689999999999998,0.3464,0.251623562,0.01529999999999998,0.5812,0.2684,10.0,4.0,6503.0,3.519,0.3519,0.0174,13989.0,0.4649,0.4
S13002872,3,2017.0,97.78999999999999,0.3464,0.251623562,0.01529999999999998,0.5812,0.2684,5.0,4.0,6108.0,2.6541,0.5308,0.0174,16226.0,0.3764,0.8
S13002872,3,2017.0,97.78999999999999,0.3464,0.251623562,0.01529999999999998,0.5812,0.2684,10.0,4.0,6503.0,3.519,0.3519,0.0174,16226.0,0.4008,0.4
S13002872,2,2017.0,86.05,0.3464,0.251623562,0.01529999999999998,0.5812,0.2684,5.0,4.0,6108.0,2.6541,0.5308,0.0174,16226.0,0.3764,0.8
S13002872,2,2017.0,86.05,0.3464,0.251623562,0.01529999999999998,0.5812,0.2684,10.0,4.0,6503.0,3.519,0.3519,0.0174,16226.0,0.4008,0.4
S13002872,1,2017.0,12.31,0.3464,0.251623562,0.01529999999999998,0.5812,0.2684,5.0,4.0,6108.0,2.6541,0.5308,0.0174,16226.0,0.3764,0.8
S13002872,1,2017.0,12.31,0.3464,0.251623562,0.01529999999999998,0.5812,0.2684,10.0,4.0,6503.0,3.519,0.3519,0.0174,16226.0,0.4008,0.4
S13002872,0,2017.0,18.33,0.3464,0.251623562,0.01529999999999998,0.5812,0.2684,5.0,4.0,6108.0,2.6541,0.5308,0.0174,16226.0,0.3764,0.8
S13002872,0,2017.0,18.33,0.3464,0.251623562,0.01529999999999998,0.5812,0.2684,10.0,4.0,6503.0,3.519,0.3519,0.0174,16226.0,0.4008,0.4
S13002872,1,2022.0,10.52,0.3464,0.251623562,0.01529999999999998,0.5812,0.2684,5.0,4.0,6108.0,2.6541,0.5308,0.0174,13989.0,0.4366,0.8
S13002872,1,2022.0,10.52,0.3464,0.251623562,0.01529999999999998,0.5812,0.2684,10.0,4.0,6503.0,3.519,0.3519,0.0174,13989.0,0.4649,0.4
S13002873,3,2017.0,71.91,0.2948,0.212635514,0.012900000000000023,0.4745,0.2006,8.0,3.0,3486.0,3.183,0.3979,0.0308,10597.0,0.329,0.375
S13002873,3,2017.0,71.91,0.2948,0.212635514,0.012900000000000023,0.4745,0.2006,6.0,3.0,3798.0,3.1077,0.5179,0.0308,10597.0,0.3584,0.5
S13002873,2,2017.0,46.33,0.2948,0.212635514,0.012900000000000023,0.4745,0.2006,8.0,3.0,3486.0,3.183,0.3979,0.0308,10597.0,0.329,0.375
S13002873,2,2017.0,46.33,0.2948,0.212635514,0.012900000000000023,0.4745,0.2006,6.0,3.0,3798.0,3.1077,0.5179,0.0308,10597.0,0.3584,0.5
S13002873,1,2017.0,10.33,0.2948,0.212635514,0.012900000000000023,0.4745,0.2006,8.0,3.0,3486.0,3.183,0.3979,0.0308,10597.0,0.329,0.375
S13002873,1,2017.0,10.33,0.2948,0.212635514,0.012900000000000023,0.4745,0.2006,6.0,3.0,3798.0,3.1077,0.5179,0.0308,10597.0,0.3584,0.5
S13002873,2,2022.0,59.56,0.2948,0.212635514,0.012900000000000023,0.4745,0.2006,6.0,3.0,3798.0,3.1077,0.5179,0.0308,10301.0,0.3687,0.5
S13002873,0,2022.0,22.23,0.2948,0.212635514,0.012900000000000023,0.4745,0.2006,8.0,3.0,3486.0,3.183,0.3979,0.0308,10301.0,0.3384,0.375
S13002873,1,2022.0,7.92,0.2948,0.212635514,0.012900000000000023,0.4745,0.2006,6.0,3.0,3798.0,3.1077,0.5179,0.0308,10301.0,0.3687,0.5
S13002873,1,2022.0,7.92,0.2948,0.212635514,0.012900000000000023,0.4745,0.2006,8.0,3.0,3486.0,3.183,0.3979,0.0308,10301.0,0.3384,0.375
S13002873,2,2022.0,59.56,0.2948,0.212635514,0.012900000000000023,0.4745,0.2006,8.0,3.0,3486.0,3.183,0.3979,0.0308,10301.0,0.3384,0.375
S13002873,0,2017.0,10.33,0.2948,0.212635514,0.012900000000000023,0.4745,0.2006,8.0,3.0,3486.0,3.183,0.3979,0.0308,10597.0,0.329,0.375
S13002873,3,2022.0,88.44,0.2948,0.212635514,0.012900000000000023,0.4745,0.2006,8.0,3.0,3486.0,3.183,0.3979,0.0308,10301.0,0.3384,0.375
S13002873,0,2017.0,10.33,0.2948,0.212635514,0.012900000000000023,0.4745,0.2006,6.0,3.0,3798.0,3.1077,0.5179,0.0308,10597.0,0.3584,0.5
S13002873,0,2022.0,22.23,0.2948,0.212635514,0.012900000000000023,0.4745,0.2006,6.0,3.0,3798.0,3.1077,0.5179,0.0308,10301.0,0.3687,0.5
S13002873,3,2022.0,88.44,0.2948,0.212635514,0.012900000000000023,0.4745,0.2006,6.0,3.0,3798.0,3.1077,0.5179,0.0308,10301.0,0.3687,0.5
S13002874,3,2017.0,83.28,0.3257,0.236252143,0.009000000000000008,0.5257,0.2469,7.0,4.0,4928.0,3.178,0.454,0.0271,13362.0,0.3688,0.5714
S13002874,0,2022.0,12.71,0.3257,0.236252143,0.009000000000000008,0.5257,0.2469,9.0,4.0,5049.0,3.5102,0.39,0.0271,11944.0,0.4227,0.4444
S13002874,2,2017.0,51.08,0.3257,0.236252143,0.009000000000000008,0.5257,0.2469,7.0,4.0,4928.0,3.178,0.454,0.0271,13362.0,0.3688,0.5714
S13002874,2,2017.0,51.08,0.3257,0.236252143,0.009000000000000008,0.5257,0.2469,9.0,4.0,5049.0,3.5102,0.39,0.0271,13362.0,0.3779,0.4444
S13002874,1,2017.0,7.17,0.3257,0.236252143,0.009000000000000008,0.5257,0.2469,7.0,4.0,4928.0,3.178,0.454,0.0271,13362.0,0.3688,0.5714
S13002874,1,2017.0,7.17,0.3257,0.236252143,0.009000000000000008,0.5257,0.2469,9.0,4.0,5049.0,3.5102,0.39,0.0271,13362.0,0.3779,0.4444
S13002874,3,2017.0,83.28,0.3257,0.236252143,0.009000000000000008,0.5257,0.2469,9.0,4.0,5049.0,3.5102,0.39,0.0271,13362.0,0.3779,0.4444
S13002874,0,2017.0,15.62,0.3257,0.236252143,0.009000000000000008,0.5257,0.2469,9.0,4.0,5049.0,3.5102,0.39,0.0271,13362.0,0.3779,0.4444
S13002874,0,2017.0,15.62,0.3257,0.236252143,0.009000000000000008,0.5257,0.2469,7.0,4.0,4928.0,3.178,0.454,0.0271,13362.0,0.3688,0.5714
S13002874,0,2022.0,12.71,0.3257,0.236252143,0.009000000000000008,0.5257,0.2469,7.0,4.0,4928.0,3.178,0.454,0.0271,11944.0,0.4126,0.5714
S13002874,3,2022.0,82.32,0.3257,0.236252143,0.009000000000000008,0.5257,0.2469,7.0,4.0,4928.0,3.178,0.454,0.0271,11944.0,0.4126,0.5714
S13002874,1,2022.0,7.66,0.3257,0.236252143,0.009000000000000008,0.5257,0.2469,9.0,4.0,5049.0,3.5102,0.39,0.0271,11944.0,0.4227,0.4444
S13002874,1,2022.0,7.66,0.3257,0.236252143,0.009000000000000008,0.5257,0.2469,7.0,4.0,4928.0,3.178,0.454,0.0271,11944.0,0.4126,0.5714
S13002874,2,2022.0,61.56,0.3257,0.236252143,0.009000000000000008,0.5257,0.2469,9.0,4.0,5049.0,3.5102,0.39,0.0271,11944.0,0.4227,0.4444
S13002874,2,2022.0,61.56,0.3257,0.236252143,0.009000000000000008,0.5257,0.2469,7.0,4.0,4928.0,3.178,0.454,0.0271,11944.0,0.4126,0.5714
S13002874,3,2022.0,82.32,0.3257,0.236252143,0.009000000000000008,0.5257,0.2469,9.0,4.0,5049.0,3.5102,0.39,0.0271,11944.0,0.4227,0.4444
S13002875,0,2022.0,0.21,0.3475,0.174900946,-0.003699999999999981,0.5232,0.2414,8.0,4.0,3774.0,3.3609,0.4201,0.0162,9009.0,0.4189,0.5
S13002875,3,2017.0,94.00999999999999,0.3475,0.174900946,-0.003699999999999981,0.5232,0.2414,7.0,4.0,3643.0,3.1982,0.4569,0.0162,10059.0,0.3622,0.5714
S13002875,3,2017.0,94.00999999999999,0.3475,0.174900946,-0.003699999999999981,0.5232,0.2414,8.0,4.0,3774.0,3.3609,0.4201,0.0162,10059.0,0.3752,0.5
S13002875,2,2017.0,60.01,0.3475,0.174900946,-0.003699999999999981,0.5232,0.2414,8.0,4.0,3774.0,3.3609,0.4201,0.0162,10059.0,0.3752,0.5
S13002875,1,2017.0,4.14,0.3475,0.174900946,-0.003699999999999981,0.5232,0.2414,7.0,4.0,3643.0,3.1982,0.4569,0.0162,10059.0,0.3622,0.5714
S13002875,1,2017.0,4.14,0.3475,0.174900946,-0.003699999999999981,0.5232,0.2414,8.0,4.0,3774.0,3.3609,0.4201,0.0162,10059.0,0.3752,0.5
S13002875,0,2017.0,4.14,0.3475,0.174900946,-0.003699999999999981,0.5232,0.2414,7.0,4.0,3643.0,3.1982,0.4569,0.0162,10059.0,0.3622,0.5714
S13002875,0,2017.0,4.14,0.3475,0.174900946,-0.003699999999999981,0.5232,0.2414,8.0,4.0,3774.0,3.3609,0.4201,0.0162,10059.0,0.3752,0.5
S13002875,2,2017.0,60.01,0.3475,0.174900946,-0.003699999999999981,0.5232,0.2414,7.0,4.0,3643.0,3.1982,0.4569,0.0162,10059.0,0.3622,0.5714
S13002875,2,2022.0,68.41,0.3475,0.174900946,-0.003699999999999981,0.5232,0.2414,7.0,4.0,3643.0,3.1982,0.4569,0.0162,9009.0,0.4044,0.5714
S13002875,2,2022.0,68.41,0.3475,0.174900946,-0.003699999999999981,0.5232,0.2414,8.0,4.0,3774.0,3.3609,0.4201,0.0162,9009.0,0.4189,0.5
S13002875,1,2022.0,0.21,0.3475,0.174900946,-0.003699999999999981,0.5232,0.2414,7.0,4.0,3643.0,3.1982,0.4569,0.0162,9009.0,0.4044,0.5714
S13002875,1,2022.0,0.21,0.3475,0.174900946,-0.003699999999999981,0.5232,0.2414,8.0,4.0,3774.0,3.3609,0.4201,0.0162,9009.0,0.4189,0.5
S13002875,3,2022.0,97.31,0.3475,0.174900946,-0.003699999999999981,0.5232,0.2414,8.0,4.0,3774.0,3.3609,0.4201,0.0162,9009.0,0.4189,0.5
S13002875,3,2022.0,97.31,0.3475,0.174900946,-0.003699999999999981,0.5232,0.2414,7.0,4.0,3643.0,3.1982,0.4569,0.0162,9009.0,0.4044,0.5714
S13002875,0,2022.0,0.21,0.3475,0.174900946,-0.003699999999999981,0.5232,0.2414,7.0,4.0,3643.0,3.1982,0.4569,0.0162,9009.0,0.4044,0.5714
S13002876,0,2022.0,2.17,0.3613,0.25410216,0.011399999999999966,0.535,0.2722,8.0,4.0,4032.0,3.3509,0.4189,0.0211,8601.0,0.4688,0.5
S13002876,0,2017.0,10.27,0.3613,0.25410216,0.011399999999999966,0.535,0.2722,8.0,4.0,4032.0,3.3509,0.4189,0.0211,9070.0,0.4445,0.5
S13002876,0,2017.0,10.27,0.3613,0.25410216,0.011399999999999966,0.535,0.2722,8.0,4.0,4028.0,3.2738,0.4092,0.0211,9070.0,0.4441,0.5
S13002876,1,2022.0,1.6099999999999999,0.3613,0.25410216,0.011399999999999966,0.535,0.2722,8.0,4.0,4032.0,3.3509,0.4189,0.0211,8601.0,0.4688,0.5
S13002876,1,2017.0,7.079999999999999,0.3613,0.25410216,0.011399999999999966,0.535,0.2722,8.0,4.0,4028.0,3.2738,0.4092,0.0211,9070.0,0.4441,0.5
S13002876,2,2017.0,57.07,0.3613,0.25410216,0.011399999999999966,0.535,0.2722,8.0,4.0,4032.0,3.3509,0.4189,0.0211,9070.0,0.4445,0.5
S13002876,3,2022.0,82.97,0.3613,0.25410216,0.011399999999999966,0.535,0.2722,8.0,4.0,4028.0,3.2738,0.4092,0.0211,8601.0,0.4683,0.5
S13002876,3,2017.0,81.33,0.3613,0.25410216,0.011399999999999966,0.535,0.2722,8.0,4.0,4032.0,3.3509,0.4189,0.0211,9070.0,0.4445,0.5
S13002876,1,2022.0,1.6099999999999999,0.3613,0.25410216,0.011399999999999966,0.535,0.2722,8.0,4.0,4028.0,3.2738,0.4092,0.0211,8601.0,0.4683,0.5
S13002876,2,2022.0,63.33,0.3613,0.25410216,0.011399999999999966,0.535,0.2722,8.0,4.0,4032.0,3.3509,0.4189,0.0211,8601.0,0.4688,0.5
S13002876,3,2017.0,81.33,0.3613,0.25410216,0.011399999999999966,0.535,0.2722,8.0,4.0,4028.0,3.2738,0.4092,0.0211,9070.0,0.4441,0.5
S13002876,0,2022.0,2.17,0.3613,0.25410216,0.011399999999999966,0.535,0.2722,8.0,4.0,4028.0,3.2738,0.4092,0.0211,8601.0,0.4683,0.5
S13002876,1,2017.0,7.079999999999999,0.3613,0.25410216,0.011399999999999966,0.535,0.2722,8.0,4.0,4032.0,3.3509,0.4189,0.0211,9070.0,0.4445,0.5
S13002876,2,2017.0,57.07,0.3613,0.25410216,0.011399999999999966,0.535,0.2722,8.0,4.0,4028.0,3.2738,0.4092,0.0211,9070.0,0.4441,0.5
S13002876,2,2022.0,63.33,0.3613,0.25410216,0.011399999999999966,0.535,0.2722,8.0,4.0,4028.0,3.2738,0.4092,0.0211,8601.0,0.4683,0.5
S13002876,3,2022.0,82.97,0.3613,0.25410216,0.011399999999999966,0.535,0.2722,8.0,4.0,4032.0,3.3509,0.4189,0.0211,8601.0,0.4688,0.5
S13002877,0,2017.0,23.27,0.3275,0.206047992,0.017900000000000027,0.5078,0.1835,6.0,3.0,2577.0,2.9154,0.4859,0.0222,6596.0,0.3907,0.5
S13002877,0,2017.0,23.27,0.3275,0.206047992,0.017900000000000027,0.5078,0.1835,7.0,3.0,2402.0,3.2277,0.4611,0.0222,6596.0,0.3642,0.4286
S13002877,0,2017.0,23.27,0.3275,0.206047992,0.017900000000000027,0.5078,0.1835,6.0,1.0,2117.0,2.2541,0.3757,0.0222,6596.0,0.321,0.1667
S13002877,1,2017.0,11.57,0.3275,0.206047992,0.017900000000000027,0.5078,0.1835,6.0,3.0,2577.0,2.9154,0.4859,0.0222,6596.0,0.3907,0.5
S13002877,1,2017.0,11.57,0.3275,0.206047992,0.017900000000000027,0.5078,0.1835,7.0,3.0,2402.0,3.2277,0.4611,0.0222,6596.0,0.3642,0.4286
S13002877,1,2017.0,11.57,0.3275,0.206047992,0.017900000000000027,0.5078,0.1835,6.0,1.0,2117.0,2.2541,0.3757,0.0222,6596.0,0.321,0.1667
S13002877,2,2017.0,60.54,0.3275,0.206047992,0.017900000000000027,0.5078,0.1835,6.0,3.0,2577.0,2.9154,0.4859,0.0222,6596.0,0.3907,0.5
S13002877,2,2017.0,60.54,0.3275,0.206047992,0.017900000000000027,0.5078,0.1835,7.0,3.0,2402.0,3.2277,0.4611,0.0222,6596.0,0.3642,0.4286
S13002877,2,2017.0,60.54,0.3275,0.206047992,0.017900000000000027,0.5078,0.1835,6.0,1.0,2117.0,2.2541,0.3757,0.0222,6596.0,0.321,0.1667
S13002877,3,2017.0,88.13,0.3275,0.206047992,0.017900000000000027,0.5078,0.1835,6.0,3.0,2577.0,2.9154,0.4859,0.0222,6596.0,0.3907,0.5
S13002877,3,2017.0,88.13,0.3275,0.206047992,0.017900000000000027,0.5078,0.1835,7.0,3.0,2402.0,3.2277,0.4611,0.0222,6596.0,0.3642,0.4286
S13002877,3,2017.0,88.13,0.3275,0.206047992,0.017900000000000027,0.5078,0.1835,6.0,1.0,2117.0,2.2541,0.3757,0.0222,6596.0,0.321,0.1667
S13002877,0,2022.0,25.63,0.3275,0.206047992,0.017900000000000027,0.5078,0.1835,6.0,3.0,2577.0,2.9154,0.4859,0.0222,6307.0,0.4086,0.5
S13002877,1,2022.0,8.52,0.3275,0.206047992,0.017900000000000027,0.5078,0.1835,7.0,3.0,2402.0,3.2277,0.4611,0.0222,6307.0,0.3808,0.4286
S13002877,3,2022.0,89.10000000000001,0.3275,0.206047992,0.017900000000000027,0.5078,0.1835,6.0,1.0,2117.0,2.2541,0.3757,0.0222,6307.0,0.3357,0.1667
S13002877,3,2022.0,89.10000000000001,0.3275,0.206047992,0.017900000000000027,0.5078,0.1835,7.0,3.0,2402.0,3.2277,0.4611,0.0222,6307.0,0.3808,0.4286
S13002877,3,2022.0,89.10000000000001,0.3275,0.206047992,0.017900000000000027,0.5078,0.1835,6.0,3.0,2577.0,2.9154,0.4859,0.0222,6307.0,0.4086,0.5
S13002877,2,2022.0,55.45,0.3275,0.206047992,0.017900000000000027,0.5078,0.1835,6.0,1.0,2117.0,2.2541,0.3757,0.0222,6307.0,0.3357,0.1667
S13002877,2,2022.0,55.45,0.3275,0.206047992,0.017900000000000027,0.5078,0.1835,7.0,3.0,2402.0,3.2277,0.4611,0.0222,6307.0,0.3808,0.4286
S13002877,2,2022.0,55.45,0.3275,0.206047992,0.017900000000000027,0.5078,0.1835,6.0,3.0,2577.0,2.9154,0.4859,0.0222,6307.0,0.4086,0.5
S13002877,1,2022.0,8.52,0.3275,0.206047992,0.017900000000000027,0.5078,0.1835,6.0,1.0,2117.0,2.2541,0.3757,0.0222,6307.0,0.3357,0.1667
S13002877,1,2022.0,8.52,0.3275,0.206047992,0.017900000000000027,0.5078,0.1835,6.0,3.0,2577.0,2.9154,0.4859,0.0222,6307.0,0.4086,0.5
S13002877,0,2022.0,25.63,0.3275,0.206047992,0.017900000000000027,0.5078,0.1835,7.0,3.0,2402.0,3.2277,0.4611,0.0222,6307.0,0.3808,0.4286
S13002877,0,2022.0,25.63,0.3275,0.206047992,0.017900000000000027,0.5078,0.1835,6.0,1.0,2117.0,2.2541,0.3757,0.0222,6307.0,0.3357,0.1667
S13002878,0,2022.0,18.94,0.3036,0.190149104,0.010099999999999998,0.4749,0.2335,7.0,4.0,3803.0,3.0978,0.4425,0.0237,9384.0,0.4053,0.5714
S13002878,0,2017.0,12.899999999999999,0.3036,0.190149104,0.010099999999999998,0.4749,0.2335,7.0,4.0,3694.0,3.1551,0.4507,0.0237,9744.0,0.3791,0.5714
S13002878,0,2017.0,12.899999999999999,0.3036,0.190149104,0.010099999999999998,0.4749,0.2335,7.0,4.0,3803.0,3.0978,0.4425,0.0237,9744.0,0.3903,0.5714
S13002878,3,2017.0,93.21000000000001,0.3036,0.190149104,0.010099999999999998,0.4749,0.2335,7.0,4.0,3803.0,3.0978,0.4425,0.0237,9744.0,0.3903,0.5714
S13002878,3,2017.0,93.21000000000001,0.3036,0.190149104,0.010099999999999998,0.4749,0.2335,7.0,4.0,3694.0,3.1551,0.4507,0.0237,9744.0,0.3791,0.5714
S13002878,2,2017.0,59.459999999999994,0.3036,0.190149104,0.010099999999999998,0.4749,0.2335,7.0,4.0,3803.0,3.0978,0.4425,0.0237,9744.0,0.3903,0.5714
S13002878,2,2017.0,59.459999999999994,0.3036,0.190149104,0.010099999999999998,0.4749,0.2335,7.0,4.0,3694.0,3.1551,0.4507,0.0237,9744.0,0.3791,0.5714
S13002878,0,2022.0,18.94,0.3036,0.190149104,0.010099999999999998,0.4749,0.2335,7.0,4.0,3694.0,3.1551,0.4507,0.0237,9384.0,0.3936,0.5714
S13002878,1,2022.0,2.23,0.3036,0.190149104,0.010099999999999998,0.4749,0.2335,7.0,4.0,3694.0,3.1551,0.4507,0.0237,9384.0,0.3936,0.5714
S13002878,1,2017.0,3.21,0.3036,0.190149104,0.010099999999999998,0.4749,0.2335,7.0,4.0,3694.0,3.1551,0.4507,0.0237,9744.0,0.3791,0.5714
S13002878,2,2022.0,63.61,0.3036,0.190149104,0.010099999999999998,0.4749,0.2335,7.0,4.0,3694.0,3.1551,0.4507,0.0237,9384.0,0.3936,0.5714
S13002878,2,2022.0,63.61,0.3036,0.190149104,0.010099999999999998,0.4749,0.2335,7.0,4.0,3803.0,3.0978,0.4425,0.0237,9384.0,0.4053,0.5714
S13002878,3,2022.0,91.12,0.3036,0.190149104,0.010099999999999998,0.4749,0.2335,7.0,4.0,3694.0,3.1551,0.4507,0.0237,9384.0,0.3936,0.5714
S13002878,3,2022.0,91.12,0.3036,0.190149104,0.010099999999999998,0.4749,0.2335,7.0,4.0,3803.0,3.0978,0.4425,0.0237,9384.0,0.4053,0.5714
S13002878,1,2022.0,2.23,0.3036,0.190149104,0.010099999999999998,0.4749,0.2335,7.0,4.0,3803.0,3.0978,0.4425,0.0237,9384.0,0.4053,0.5714
S13002878,1,2017.0,3.21,0.3036,0.190149104,0.010099999999999998,0.4749,0.2335,7.0,4.0,3803.0,3.0978,0.4425,0.0237,9744.0,0.3903,0.5714
S13002879,2,2017.0,41.53,0.367,0.22423104,0.017800000000000038,0.6162,0.3805,7.0,3.0,3315.0,3.1526,0.4504,0.0167,6961.0,0.4762,0.4286
S13002879,2,2017.0,41.53,0.367,0.22423104,0.017800000000000038,0.6162,0.3805,6.0,3.0,3496.0,2.7428,0.4571,0.0167,6961.0,0.5022,0.5
S13002879,1,2017.0,6.9799999999999995,0.367,0.22423104,0.017800000000000038,0.6162,0.3805,7.0,3.0,3315.0,3.1526,0.4504,0.0167,6961.0,0.4762,0.4286
S13002879,1,2017.0,6.9799999999999995,0.367,0.22423104,0.017800000000000038,0.6162,0.3805,6.0,3.0,3496.0,2.7428,0.4571,0.0167,6961.0,0.5022,0.5
S13002879,0,2017.0,6.9799999999999995,0.367,0.22423104,0.017800000000000038,0.6162,0.3805,7.0,3.0,3315.0,3.1526,0.4504,0.0167,6961.0,0.4762,0.4286
S13002879,0,2017.0,6.9799999999999995,0.367,0.22423104,0.017800000000000038,0.6162,0.3805,6.0,3.0,3496.0,2.7428,0.4571,0.0167,6961.0,0.5022,0.5
S13002879,3,2022.0,84.86,0.367,0.22423104,0.017800000000000038,0.6162,0.3805,6.0,3.0,3496.0,2.7428,0.4571,0.0167,7017.0,0.4982,0.5
S13002879,3,2017.0,60.5,0.367,0.22423104,0.017800000000000038,0.6162,0.3805,6.0,3.0,3496.0,2.7428,0.4571,0.0167,6961.0,0.5022,0.5
S13002879,2,2022.0,61.21,0.367,0.22423104,0.017800000000000038,0.6162,0.3805,7.0,3.0,3315.0,3.1526,0.4504,0.0167,7017.0,0.4724,0.4286
S13002879,2,2022.0,61.21,0.367,0.22423104,0.017800000000000038,0.6162,0.3805,6.0,3.0,3496.0,2.7428,0.4571,0.0167,7017.0,0.4982,0.5
S13002879,1,2022.0,8.18,0.367,0.22423104,0.017800000000000038,0.6162,0.3805,7.0,3.0,3315.0,3.1526,0.4504,0.0167,7017.0,0.4724,0.4286
S13002879,1,2022.0,8.18,0.367,0.22423104,0.017800000000000038,0.6162,0.3805,6.0,3.0,3496.0,2.7428,0.4571,0.0167,7017.0,0.4982,0.5
S13002879,0,2022.0,8.18,0.367,0.22423104,0.017800000000000038,0.6162,0.3805,7.0,3.0,3315.0,3.1526,0.4504,0.0167,7017.0,0.4724,0.4286
S13002879,0,2022.0,8.18,0.367,0.22423104,0.017800000000000038,0.6162,0.3805,6.0,3.0,3496.0,2.7428,0.4571,0.0167,7017.0,0.4982,0.5
S13002879,3,2022.0,84.86,0.367,0.22423104,0.017800000000000038,0.6162,0.3805,7.0,3.0,3315.0,3.1526,0.4504,0.0167,7017.0,0.4724,0.4286
S13002879,3,2017.0,60.5,0.367,0.22423104,0.017800000000000038,0.6162,0.3805,7.0,3.0,3315.0,3.1526,0.4504,0.0167,6961.0,0.4762,0.4286
S13002880,3,2017.0,97.25,0.4462,0.269258051,0.014100000000000001,0.561,0.1919,8.0,4.0,5270.0,2.9537,0.3692,0.0195,12502.0,0.4215,0.5
S13002880,2,2017.0,89.28,0.4462,0.269258051,0.014100000000000001,0.561,0.1919,8.0,4.0,5270.0,2.9537,0.3692,0.0195,12502.0,0.4215,0.5
S13002880,0,2017.0,23.44,0.4462,0.269258051,0.014100000000000001,0.561,0.1919,8.0,4.0,5270.0,2.9537,0.3692,0.0195,12502.0,0.4215,0.5
S13002880,1,2017.0,0.0,0.4462,0.269258051,0.014100000000000001,0.561,0.1919,8.0,4.0,5270.0,2.9537,0.3692,0.0195,12502.0,0.4215,0.5
S13002881,3,2022.0,93.09,0.4404,0.313366865,0.008900000000000019,0.5942,0.259,5.0,4.0,4962.0,2.6092,0.5218,0.0131,10897.0,0.4554,0.8
S13002881,2,2022.0,80.57,0.4404,0.313366865,0.008900000000000019,0.5942,0.259,5.0,4.0,4962.0,2.6092,0.5218,0.0131,10897.0,0.4554,0.8
S13002881,3,2017.0,80.08,0.4404,0.313366865,0.008900000000000019,0.5942,0.259,5.0,4.0,4962.0,2.6092,0.5218,0.0131,11486.0,0.432,0.8
S13002881,1,2017.0,11.5,0.4404,0.313366865,0.008900000000000019,0.5942,0.259,5.0,4.0,4962.0,2.6092,0.5218,0.0131,11486.0,0.432,0.8
S13002881,2,2017.0,57.63,0.4404,0.313366865,0.008900000000000019,0.5942,0.259,5.0,4.0,4962.0,2.6092,0.5218,0.0131,11486.0,0.432,0.8
S13002881,1,2022.0,3.54,0.4404,0.313366865,0.008900000000000019,0.5942,0.259,5.0,4.0,4962.0,2.6092,0.5218,0.0131,10897.0,0.4554,0.8
S13002881,0,2022.0,14.969999999999999,0.4404,0.313366865,0.008900000000000019,0.5942,0.259,5.0,4.0,4962.0,2.6092,0.5218,0.0131,10897.0,0.4554,0.8
S13002881,0,2017.0,13.65,0.4404,0.313366865,0.008900000000000019,0.5942,0.259,5.0,4.0,4962.0,2.6092,0.5218,0.0131,11486.0,0.432,0.8
S13002882,0,2017.0,15.0,0.4057,0.329819582,0.019399999999999973,0.6124,0.349,7.0,3.0,4478.0,3.1521,0.4503,0.0123,9253.0,0.484,0.4286
S13002882,1,2017.0,6.96,0.4057,0.329819582,0.019399999999999973,0.6124,0.349,7.0,3.0,4478.0,3.1521,0.4503,0.0123,9253.0,0.484,0.4286
S13002882,2,2017.0,33.47,0.4057,0.329819582,0.019399999999999973,0.6124,0.349,7.0,3.0,4478.0,3.1521,0.4503,0.0123,9253.0,0.484,0.4286
S13002882,3,2017.0,58.46,0.4057,0.329819582,0.019399999999999973,0.6124,0.349,7.0,3.0,4478.0,3.1521,0.4503,0.0123,9253.0,0.484,0.4286
S13002882,3,2022.0,45.82,0.4057,0.329819582,0.019399999999999973,0.6124,0.349,7.0,3.0,4478.0,3.1521,0.4503,0.0123,8372.0,0.5349,0.4286
S13002882,0,2022.0,11.75,0.4057,0.329819582,0.019399999999999973,0.6124,0.349,7.0,3.0,4478.0,3.1521,0.4503,0.0123,8372.0,0.5349,0.4286
S13002882,1,2022.0,9.51,0.4057,0.329819582,0.019399999999999973,0.6124,0.349,7.0,3.0,4478.0,3.1521,0.4503,0.0123,8372.0,0.5349,0.4286
S13002882,2,2022.0,25.44,0.4057,0.329819582,0.019399999999999973,0.6124,0.349,7.0,3.0,4478.0,3.1521,0.4503,0.0123,8372.0,0.5349,0.4286
S13002883,2,2017.0,59.75,0.4257,0.289081753,0.02290000000000003,0.5998,0.292,8.0,3.0,4033.0,3.3536,0.4192,0.0104,7311.0,0.5516,0.375
S13002883,1,2017.0,8.55,0.4257,0.289081753,0.02290000000000003,0.5998,0.292,8.0,3.0,4033.0,3.3536,0.4192,0.0104,7311.0,0.5516,0.375
S13002883,0,2017.0,20.71,0.4257,0.289081753,0.02290000000000003,0.5998,0.292,8.0,3.0,4033.0,3.3536,0.4192,0.0104,7311.0,0.5516,0.375
S13002883,3,2022.0,81.43,0.4257,0.289081753,0.02290000000000003,0.5998,0.292,8.0,3.0,4033.0,3.3536,0.4192,0.0104,7711.0,0.523,0.375
S13002883,2,2022.0,55.34,0.4257,0.289081753,0.02290000000000003,0.5998,0.292,8.0,3.0,4033.0,3.3536,0.4192,0.0104,7711.0,0.523,0.375
S13002883,0,2022.0,22.3,0.4257,0.289081753,0.02290000000000003,0.5998,0.292,8.0,3.0,4033.0,3.3536,0.4192,0.0104,7711.0,0.523,0.375
S13002883,1,2022.0,13.73,0.4257,0.289081753,0.02290000000000003,0.5998,0.292,8.0,3.0,4033.0,3.3536,0.4192,0.0104,7711.0,0.523,0.375
S13002883,3,2017.0,85.67,0.4257,0.289081753,0.02290000000000003,0.5998,0.292,8.0,3.0,4033.0,3.3536,0.4192,0.0104,7311.0,0.5516,0.375
S13002884,0,2022.0,3.12,0.4106,0.304343553,0.02310000000000001,0.5875,0.2938,5.0,3.0,4070.0,2.6319,0.5264,0.0115,8527.0,0.4773,0.6
S13002884,1,2022.0,3.12,0.4106,0.304343553,0.02310000000000001,0.5875,0.2938,5.0,3.0,4070.0,2.6319,0.5264,0.0115,8527.0,0.4773,0.6
S13002884,3,2017.0,83.13,0.4106,0.304343553,0.02310000000000001,0.5875,0.2938,5.0,3.0,4070.0,2.6319,0.5264,0.0115,8932.0,0.4557,0.6
S13002884,0,2017.0,22.53,0.4106,0.304343553,0.02310000000000001,0.5875,0.2938,5.0,3.0,4070.0,2.6319,0.5264,0.0115,8932.0,0.4557,0.6
S13002884,1,2017.0,7.43,0.4106,0.304343553,0.02310000000000001,0.5875,0.2938,5.0,3.0,4070.0,2.6319,0.5264,0.0115,8932.0,0.4557,0.6
S13002884,2,2022.0,57.0,0.4106,0.304343553,0.02310000000000001,0.5875,0.2938,5.0,3.0,4070.0,2.6319,0.5264,0.0115,8527.0,0.4773,0.6
S13002884,2,2017.0,61.300000000000004,0.4106,0.304343553,0.02310000000000001,0.5875,0.2938,5.0,3.0,4070.0,2.6319,0.5264,0.0115,8932.0,0.4557,0.6
S13002884,3,2022.0,76.02,0.4106,0.304343553,0.02310000000000001,0.5875,0.2938,5.0,3.0,4070.0,2.6319,0.5264,0.0115,8527.0,0.4773,0.6
S13002885,3,2017.0,96.05000000000001,0.3235,0.194297177,0.02429999999999999,0.4673,0.2075,5.0,4.0,3950.0,2.7349,0.547,0.0239,12143.0,0.3253,0.8
S13002885,2,2017.0,63.42,0.3235,0.194297177,0.02429999999999999,0.4673,0.2075,5.0,4.0,3950.0,2.7349,0.547,0.0239,12143.0,0.3253,0.8
S13002885,1,2017.0,9.77,0.3235,0.194297177,0.02429999999999999,0.4673,0.2075,5.0,4.0,3950.0,2.7349,0.547,0.0239,12143.0,0.3253,0.8
S13002885,3,2022.0,98.84,0.3235,0.194297177,0.02429999999999999,0.4673,0.2075,5.0,4.0,3950.0,2.7349,0.547,0.0239,10198.0,0.3873,0.8
S13002885,2,2022.0,86.38,0.3235,0.194297177,0.02429999999999999,0.4673,0.2075,5.0,4.0,3950.0,2.7349,0.547,0.0239,10198.0,0.3873,0.8
S13002885,1,2022.0,9.87,0.3235,0.194297177,0.02429999999999999,0.4673,0.2075,5.0,4.0,3950.0,2.7349,0.547,0.0239,10198.0,0.3873,0.8
S13002885,0,2022.0,16.91,0.3235,0.194297177,0.02429999999999999,0.4673,0.2075,5.0,4.0,3950.0,2.7349,0.547,0.0239,10198.0,0.3873,0.8
S13002885,0,2017.0,18.43,0.3235,0.194297177,0.02429999999999999,0.4673,0.2075,5.0,4.0,3950.0,2.7349,0.547,0.0239,12143.0,0.3253,0.8
S13002886,1,2022.0,4.529999999999999,0.3931,0.268227885,0.0131,0.5845,0.2565,5.0,3.0,3972.0,2.5619,0.5124,0.0156,8158.0,0.4869,0.6
S13002886,2,2022.0,56.6,0.3931,0.268227885,0.0131,0.5845,0.2565,5.0,3.0,3972.0,2.5619,0.5124,0.0156,8158.0,0.4869,0.6
S13002886,3,2022.0,80.06,0.3931,0.268227885,0.0131,0.5845,0.2565,5.0,3.0,3972.0,2.5619,0.5124,0.0156,8158.0,0.4869,0.6
S13002886,2,2017.0,52.36,0.3931,0.268227885,0.0131,0.5845,0.2565,5.0,3.0,3972.0,2.5619,0.5124,0.0156,8733.0,0.4548,0.6
S13002886,1,2017.0,6.43,0.3931,0.268227885,0.0131,0.5845,0.2565,5.0,3.0,3972.0,2.5619,0.5124,0.0156,8733.0,0.4548,0.6
S13002886,0,2017.0,20.23,0.3931,0.268227885,0.0131,0.5845,0.2565,5.0,3.0,3972.0,2.5619,0.5124,0.0156,8733.0,0.4548,0.6
S13002886,0,2022.0,4.529999999999999,0.3931,0.268227885,0.0131,0.5845,0.2565,5.0,3.0,3972.0,2.5619,0.5124,0.0156,8158.0,0.4869,0.6
S13002886,3,2017.0,83.92,0.3931,0.268227885,0.0131,0.5845,0.2565,5.0,3.0,3972.0,2.5619,0.5124,0.0156,8733.0,0.4548,0.6
S13002887,2,2017.0,54.269999999999996,0.381,0.229936211,0.016000000000000014,0.6004,0.2948,5.0,4.0,5326.0,2.7249,0.545,0.0097,9955.0,0.535,0.8
S13002887,0,2017.0,16.88,0.381,0.229936211,0.016000000000000014,0.6004,0.2948,5.0,4.0,5326.0,2.7249,0.545,0.0097,9955.0,0.535,0.8
S13002887,1,2017.0,5.39,0.381,0.229936211,0.016000000000000014,0.6004,0.2948,5.0,4.0,5326.0,2.7249,0.545,0.0097,9955.0,0.535,0.8
S13002887,0,2022.0,5.13,0.381,0.229936211,0.016000000000000014,0.6004,0.2948,5.0,4.0,5326.0,2.7249,0.545,0.0097,11294.0,0.4716,0.8
S13002887,1,2022.0,5.13,0.381,0.229936211,0.016000000000000014,0.6004,0.2948,5.0,4.0,5326.0,2.7249,0.545,0.0097,11294.0,0.4716,0.8
S13002887,2,2022.0,80.75,0.381,0.229936211,0.016000000000000014,0.6004,0.2948,5.0,4.0,5326.0,2.7249,0.545,0.0097,11294.0,0.4716,0.8
S13002887,3,2022.0,98.01,0.381,0.229936211,0.016000000000000014,0.6004,0.2948,5.0,4.0,5326.0,2.7249,0.545,0.0097,11294.0,0.4716,0.8
S13002887,3,2017.0,81.0,0.381,0.229936211,0.016000000000000014,0.6004,0.2948,5.0,4.0,5326.0,2.7249,0.545,0.0097,9955.0,0.535,0.8
S13002888,3,2022.0,94.83,0.3878,0.257276348,0.015499999999999958,0.5322,0.2897,7.0,4.0,5007.0,3.1264,0.4466,0.0183,10534.0,0.4753,0.5714
S13002888,2,2017.0,73.67,0.3878,0.257276348,0.015499999999999958,0.5322,0.2897,7.0,4.0,5007.0,3.1264,0.4466,0.0183,11502.0,0.4353,0.5714
S13002888,1,2017.0,8.8,0.3878,0.257276348,0.015499999999999958,0.5322,0.2897,7.0,4.0,5007.0,3.1264,0.4466,0.0183,11502.0,0.4353,0.5714
S13002888,0,2017.0,23.36,0.3878,0.257276348,0.015499999999999958,0.5322,0.2897,7.0,4.0,5007.0,3.1264,0.4466,0.0183,11502.0,0.4353,0.5714
S13002888,3,2017.0,93.33,0.3878,0.257276348,0.015499999999999958,0.5322,0.2897,7.0,4.0,5007.0,3.1264,0.4466,0.0183,11502.0,0.4353,0.5714
S13002888,2,2022.0,68.08,0.3878,0.257276348,0.015499999999999958,0.5322,0.2897,7.0,4.0,5007.0,3.1264,0.4466,0.0183,10534.0,0.4753,0.5714
S13002888,1,2022.0,6.87,0.3878,0.257276348,0.015499999999999958,0.5322,0.2897,7.0,4.0,5007.0,3.1264,0.4466,0.0183,10534.0,0.4753,0.5714
S13002888,0,2022.0,19.4,0.3878,0.257276348,0.015499999999999958,0.5322,0.2897,7.0,4.0,5007.0,3.1264,0.4466,0.0183,10534.0,0.4753,0.5714
S13002889,0,2022.0,12.620000000000001,0.3942,0.256913857,0.009499999999999953,0.5732,0.2212,6.0,4.0,5104.0,2.9671,0.4945,0.016,11281.0,0.4524,0.6667
S13002889,1,2022.0,1.8900000000000001,0.3942,0.256913857,0.009499999999999953,0.5732,0.2212,6.0,4.0,5104.0,2.9671,0.4945,0.016,11281.0,0.4524,0.6667
S13002889,2,2022.0,62.63,0.3942,0.256913857,0.009499999999999953,0.5732,0.2212,6.0,4.0,5104.0,2.9671,0.4945,0.016,11281.0,0.4524,0.6667
S13002889,3,2017.0,89.39999999999999,0.3942,0.256913857,0.009499999999999953,0.5732,0.2212,6.0,4.0,5104.0,2.9671,0.4945,0.016,12419.0,0.411,0.6667
S13002889,2,2017.0,64.67,0.3942,0.256913857,0.009499999999999953,0.5732,0.2212,6.0,4.0,5104.0,2.9671,0.4945,0.016,12419.0,0.411,0.6667
S13002889,1,2017.0,7.5,0.3942,0.256913857,0.009499999999999953,0.5732,0.2212,6.0,4.0,5104.0,2.9671,0.4945,0.016,12419.0,0.411,0.6667
S13002889,0,2017.0,17.619999999999997,0.3942,0.256913857,0.009499999999999953,0.5732,0.2212,6.0,4.0,5104.0,2.9671,0.4945,0.016,12419.0,0.411,0.6667
S13002889,3,2022.0,93.10000000000001,0.3942,0.256913857,0.009499999999999953,0.5732,0.2212,6.0,4.0,5104.0,2.9671,0.4945,0.016,11281.0,0.4524,0.6667
S13002890,1,2022.0,6.32,0.4035,0.284577387,0.0121,0.5839,0.2688,7.0,4.0,5741.0,3.0894,0.4413,0.0156,11816.0,0.4859,0.5714
S13002890,1,2017.0,10.18,0.4035,0.284577387,0.0121,0.5839,0.2688,7.0,4.0,5741.0,3.0894,0.4413,0.0156,13038.0,0.4403,0.5714
S13002890,0,2022.0,6.32,0.4035,0.284577387,0.0121,0.5839,0.2688,7.0,4.0,5741.0,3.0894,0.4413,0.0156,11816.0,0.4859,0.5714
S13002890,3,2017.0,92.34,0.4035,0.284577387,0.0121,0.5839,0.2688,7.0,4.0,5741.0,3.0894,0.4413,0.0156,13038.0,0.4403,0.5714
S13002890,3,2022.0,88.54,0.4035,0.284577387,0.0121,0.5839,0.2688,7.0,4.0,5741.0,3.0894,0.4413,0.0156,11816.0,0.4859,0.5714
S13002890,2,2022.0,50.13,0.4035,0.284577387,0.0121,0.5839,0.2688,7.0,4.0,5741.0,3.0894,0.4413,0.0156,11816.0,0.4859,0.5714
S13002890,0,2017.0,10.18,0.4035,0.284577387,0.0121,0.5839,0.2688,7.0,4.0,5741.0,3.0894,0.4413,0.0156,13038.0,0.4403,0.5714
S13002890,2,2017.0,78.39,0.4035,0.284577387,0.0121,0.5839,0.2688,7.0,4.0,5741.0,3.0894,0.4413,0.0156,13038.0,0.4403,0.5714
S13002891,0,2022.0,20.97,0.4316,0.298609751,0.015000000000000013,0.6064,0.2306,7.0,3.0,4108.0,3.0066,0.4295,0.0114,8716.0,0.4713,0.4286
S13002891,2,2022.0,49.17,0.4316,0.298609751,0.015000000000000013,0.6064,0.2306,7.0,3.0,4108.0,3.0066,0.4295,0.0114,8716.0,0.4713,0.4286
S13002891,0,2017.0,14.69,0.4316,0.298609751,0.015000000000000013,0.6064,0.2306,7.0,3.0,4108.0,3.0066,0.4295,0.0114,8439.0,0.4868,0.4286
S13002891,1,2017.0,7.35,0.4316,0.298609751,0.015000000000000013,0.6064,0.2306,7.0,3.0,4108.0,3.0066,0.4295,0.0114,8439.0,0.4868,0.4286
S13002891,2,2017.0,29.59,0.4316,0.298609751,0.015000000000000013,0.6064,0.2306,7.0,3.0,4108.0,3.0066,0.4295,0.0114,8439.0,0.4868,0.4286
S13002891,3,2017.0,61.49,0.4316,0.298609751,0.015000000000000013,0.6064,0.2306,7.0,3.0,4108.0,3.0066,0.4295,0.0114,8439.0,0.4868,0.4286
S13002891,1,2022.0,10.35,0.4316,0.298609751,0.015000000000000013,0.6064,0.2306,7.0,3.0,4108.0,3.0066,0.4295,0.0114,8716.0,0.4713,0.4286
S13002891,3,2022.0,83.75999999999999,0.4316,0.298609751,0.015000000000000013,0.6064,0.2306,7.0,3.0,4108.0,3.0066,0.4295,0.0114,8716.0,0.4713,0.4286
S13002892,0,2022.0,5.6499999999999995,0.4006,0.22568554,0.019000000000000017,0.6072,0.3529,6.0,4.0,6184.0,3.0931,0.5155,0.0163,12576.0,0.4917,0.6667
S13002892,1,2022.0,4.72,0.4006,0.22568554,0.019000000000000017,0.6072,0.3529,8.0,4.0,6191.0,3.0787,0.3848,0.0163,12576.0,0.4923,0.5
S13002892,1,2022.0,4.72,0.4006,0.22568554,0.019000000000000017,0.6072,0.3529,6.0,4.0,6184.0,3.0931,0.5155,0.0163,12576.0,0.4917,0.6667
S13002892,2,2022.0,43.64,0.4006,0.22568554,0.019000000000000017,0.6072,0.3529,8.0,4.0,6191.0,3.0787,0.3848,0.0163,12576.0,0.4923,0.5
S13002892,2,2022.0,43.64,0.4006,0.22568554,0.019000000000000017,0.6072,0.3529,6.0,4.0,6184.0,3.0931,0.5155,0.0163,12576.0,0.4917,0.6667
S13002892,3,2022.0,72.57,0.4006,0.22568554,0.019000000000000017,0.6072,0.3529,8.0,4.0,6191.0,3.0787,0.3848,0.0163,12576.0,0.4923,0.5
S13002892,3,2022.0,72.57,0.4006,0.22568554,0.019000000000000017,0.6072,0.3529,6.0,4.0,6184.0,3.0931,0.5155,0.0163,12576.0,0.4917,0.6667
S13002892,0,2022.0,5.6499999999999995,0.4006,0.22568554,0.019000000000000017,0.6072,0.3529,8.0,4.0,6191.0,3.0787,0.3848,0.0163,12576.0,0.4923,0.5
S13002892,3,2017.0,84.46000000000001,0.4006,0.22568554,0.019000000000000017,0.6072,0.3529,8.0,4.0,6191.0,3.0787,0.3848,0.0163,11876.0,0.5213,0.5
S13002892,2,2017.0,54.16,0.4006,0.22568554,0.019000000000000017,0.6072,0.3529,6.0,4.0,6184.0,3.0931,0.5155,0.0163,11876.0,0.5207,0.6667
S13002892,2,2017.0,54.16,0.4006,0.22568554,0.019000000000000017,0.6072,0.3529,8.0,4.0,6191.0,3.0787,0.3848,0.0163,11876.0,0.5213,0.5
S13002892,1,2017.0,7.56,0.4006,0.22568554,0.019000000000000017,0.6072,0.3529,6.0,4.0,6184.0,3.0931,0.5155,0.0163,11876.0,0.5207,0.6667
S13002892,1,2017.0,7.56,0.4006,0.22568554,0.019000000000000017,0.6072,0.3529,8.0,4.0,6191.0,3.0787,0.3848,0.0163,11876.0,0.5213,0.5
S13002892,0,2017.0,15.08,0.4006,0.22568554,0.019000000000000017,0.6072,0.3529,6.0,4.0,6184.0,3.0931,0.5155,0.0163,11876.0,0.5207,0.6667
S13002892,0,2017.0,15.08,0.4006,0.22568554,0.019000000000000017,0.6072,0.3529,8.0,4.0,6191.0,3.0787,0.3848,0.0163,11876.0,0.5213,0.5
S13002892,3,2017.0,84.46000000000001,0.4006,0.22568554,0.019000000000000017,0.6072,0.3529,6.0,4.0,6184.0,3.0931,0.5155,0.0163,11876.0,0.5207,0.6667
S13002893,1,2022.0,7.409999999999999,0.3549,0.142999693,0.020199999999999996,0.5213,0.2595,5.0,3.0,3739.0,2.6507,0.5301,0.0251,9796.0,0.3817,0.6
S13002893,0,2022.0,23.29,0.3549,0.142999693,0.020199999999999996,0.5213,0.2595,6.0,3.0,3882.0,2.7754,0.4626,0.0251,9796.0,0.3963,0.5
S13002893,0,2022.0,23.29,0.3549,0.142999693,0.020199999999999996,0.5213,0.2595,5.0,3.0,3739.0,2.6507,0.5301,0.0251,9796.0,0.3817,0.6
S13002893,3,2022.0,91.55,0.3549,0.142999693,0.020199999999999996,0.5213,0.2595,5.0,3.0,3739.0,2.6507,0.5301,0.0251,9796.0,0.3817,0.6
S13002893,1,2022.0,7.409999999999999,0.3549,0.142999693,0.020199999999999996,0.5213,0.2595,6.0,3.0,3882.0,2.7754,0.4626,0.0251,9796.0,0.3963,0.5
S13002893,3,2017.0,90.21,0.3549,0.142999693,0.020199999999999996,0.5213,0.2595,6.0,3.0,3882.0,2.7754,0.4626,0.0251,9834.0,0.3948,0.5
S13002893,2,2022.0,66.13,0.3549,0.142999693,0.020199999999999996,0.5213,0.2595,5.0,3.0,3739.0,2.6507,0.5301,0.0251,9796.0,0.3817,0.6
S13002893,3,2017.0,90.21,0.3549,0.142999693,0.020199999999999996,0.5213,0.2595,5.0,3.0,3739.0,2.6507,0.5301,0.0251,9834.0,0.3802,0.6
S13002893,2,2017.0,62.9,0.3549,0.142999693,0.020199999999999996,0.5213,0.2595,6.0,3.0,3882.0,2.7754,0.4626,0.0251,9834.0,0.3948,0.5
S13002893,2,2017.0,62.9,0.3549,0.142999693,0.020199999999999996,0.5213,0.2595,5.0,3.0,3739.0,2.6507,0.5301,0.0251,9834.0,0.3802,0.6
S13002893,1,2017.0,1.36,0.3549,0.142999693,0.020199999999999996,0.5213,0.2595,6.0,3.0,3882.0,2.7754,0.4626,0.0251,9834.0,0.3948,0.5
S13002893,1,2017.0,1.36,0.3549,0.142999693,0.020199999999999996,0.5213,0.2595,5.0,3.0,3739.0,2.6507,0.5301,0.0251,9834.0,0.3802,0.6
S13002893,0,2017.0,15.209999999999999,0.3549,0.142999693,0.020199999999999996,0.5213,0.2595,6.0,3.0,3882.0,2.7754,0.4626,0.0251,9834.0,0.3948,0.5
S13002893,0,2017.0,15.209999999999999,0.3549,0.142999693,0.020199999999999996,0.5213,0.2595,5.0,3.0,3739.0,2.6507,0.5301,0.0251,9834.0,0.3802,0.6
S13002893,3,2022.0,91.55,0.3549,0.142999693,0.020199999999999996,0.5213,0.2595,6.0,3.0,3882.0,2.7754,0.4626,0.0251,9796.0,0.3963,0.5
S13002893,2,2022.0,66.13,0.3549,0.142999693,0.020199999999999996,0.5213,0.2595,6.0,3.0,3882.0,2.7754,0.4626,0.0251,9796.0,0.3963,0.5
S13002894,0,2022.0,4.38,0.3884,0.222573643,0.0020999999999999908,0.5298,0.2869,6.0,4.0,5721.0,2.745,0.4575,0.0199,13316.0,0.4296,0.6667
S13002894,0,2022.0,4.38,0.3884,0.222573643,0.0020999999999999908,0.5298,0.2869,7.0,4.0,5888.0,2.972,0.4246,0.0199,13316.0,0.4422,0.5714
S13002894,1,2022.0,4.38,0.3884,0.222573643,0.0020999999999999908,0.5298,0.2869,6.0,4.0,5721.0,2.745,0.4575,0.0199,13316.0,0.4296,0.6667
S13002894,2,2022.0,70.09,0.3884,0.222573643,0.0020999999999999908,0.5298,0.2869,6.0,4.0,5721.0,2.745,0.4575,0.0199,13316.0,0.4296,0.6667
S13002894,2,2022.0,70.09,0.3884,0.222573643,0.0020999999999999908,0.5298,0.2869,7.0,4.0,5888.0,2.972,0.4246,0.0199,13316.0,0.4422,0.5714
S13002894,1,2017.0,0.0,0.3884,0.222573643,0.0020999999999999908,0.5298,0.2869,7.0,4.0,5888.0,2.972,0.4246,0.0199,14218.0,0.4141,0.5714
S13002894,1,2017.0,0.0,0.3884,0.222573643,0.0020999999999999908,0.5298,0.2869,6.0,4.0,5721.0,2.745,0.4575,0.0199,14218.0,0.4024,0.6667
S13002894,3,2022.0,96.87,0.3884,0.222573643,0.0020999999999999908,0.5298,0.2869,6.0,4.0,5721.0,2.745,0.4575,0.0199,13316.0,0.4296,0.6667
S13002894,2,2017.0,0.0,0.3884,0.222573643,0.0020999999999999908,0.5298,0.2869,6.0,4.0,5721.0,2.745,0.4575,0.0199,14218.0,0.4024,0.6667
S13002894,2,2017.0,0.0,0.3884,0.222573643,0.0020999999999999908,0.5298,0.2869,7.0,4.0,5888.0,2.972,0.4246,0.0199,14218.0,0.4141,0.5714
S13002894,3,2017.0,0.0,0.3884,0.222573643,0.0020999999999999908,0.5298,0.2869,6.0,4.0,5721.0,2.745,0.4575,0.0199,14218.0,0.4024,0.6667
S13002894,3,2017.0,0.0,0.3884,0.222573643,0.0020999999999999908,0.5298,0.2869,7.0,4.0,5888.0,2.972,0.4246,0.0199,14218.0,0.4141,0.5714
S13002894,0,2017.0,0.0,0.3884,0.222573643,0.0020999999999999908,0.5298,0.2869,7.0,4.0,5888.0,2.972,0.4246,0.0199,14218.0,0.4141,0.5714
S13002894,3,2022.0,96.87,0.3884,0.222573643,0.0020999999999999908,0.5298,0.2869,7.0,4.0,5888.0,2.972,0.4246,0.0199,13316.0,0.4422,0.5714
S13002894,1,2022.0,4.38,0.3884,0.222573643,0.0020999999999999908,0.5298,0.2869,7.0,4.0,5888.0,2.972,0.4246,0.0199,13316.0,0.4422,0.5714
S13002894,0,2017.0,0.0,0.3884,0.222573643,0.0020999999999999908,0.5298,0.2869,6.0,4.0,5721.0,2.745,0.4575,0.0199,14218.0,0.4024,0.6667
S13002895,1,2017.0,3.75,0.3906,0.226271016,0.027100000000000013,0.5202,0.2195,7.0,4.0,5064.0,3.0043,0.4292,0.0235,13343.0,0.3795,0.5714
S13002895,1,2017.0,3.75,0.3906,0.226271016,0.027100000000000013,0.5202,0.2195,6.0,4.0,5328.0,2.8375,0.4729,0.0235,13343.0,0.3993,0.6667
S13002895,2,2017.0,66.74,0.3906,0.226271016,0.027100000000000013,0.5202,0.2195,7.0,4.0,5064.0,3.0043,0.4292,0.0235,13343.0,0.3795,0.5714
S13002895,2,2017.0,66.74,0.3906,0.226271016,0.027100000000000013,0.5202,0.2195,6.0,4.0,5328.0,2.8375,0.4729,0.0235,13343.0,0.3993,0.6667
S13002895,0,2022.0,19.490000000000002,0.3906,0.226271016,0.027100000000000013,0.5202,0.2195,7.0,4.0,5064.0,3.0043,0.4292,0.0235,12316.0,0.4112,0.5714
S13002895,0,2022.0,19.490000000000002,0.3906,0.226271016,0.027100000000000013,0.5202,0.2195,6.0,4.0,5328.0,2.8375,0.4729,0.0235,12316.0,0.4326,0.6667
S13002895,1,2022.0,8.66,0.3906,0.226271016,0.027100000000000013,0.5202,0.2195,7.0,4.0,5064.0,3.0043,0.4292,0.0235,12316.0,0.4112,0.5714
S13002895,1,2022.0,8.66,0.3906,0.226271016,0.027100000000000013,0.5202,0.2195,6.0,4.0,5328.0,2.8375,0.4729,0.0235,12316.0,0.4326,0.6667
S13002895,2,2022.0,77.47,0.3906,0.226271016,0.027100000000000013,0.5202,0.2195,7.0,4.0,5064.0,3.0043,0.4292,0.0235,12316.0,0.4112,0.5714
S13002895,0,2017.0,10.089999999999998,0.3906,0.226271016,0.027100000000000013,0.5202,0.2195,6.0,4.0,5328.0,2.8375,0.4729,0.0235,13343.0,0.3993,0.6667
S13002895,2,2022.0,77.47,0.3906,0.226271016,0.027100000000000013,0.5202,0.2195,6.0,4.0,5328.0,2.8375,0.4729,0.0235,12316.0,0.4326,0.6667
S13002895,3,2022.0,96.04,0.3906,0.226271016,0.027100000000000013,0.5202,0.2195,6.0,4.0,5328.0,2.8375,0.4729,0.0235,12316.0,0.4326,0.6667
S13002895,3,2017.0,81.28,0.3906,0.226271016,0.027100000000000013,0.5202,0.2195,7.0,4.0,5064.0,3.0043,0.4292,0.0235,13343.0,0.3795,0.5714
S13002895,3,2017.0,81.28,0.3906,0.226271016,0.027100000000000013,0.5202,0.2195,6.0,4.0,5328.0,2.8375,0.4729,0.0235,13343.0,0.3993,0.6667
S13002895,3,2022.0,96.04,0.3906,0.226271016,0.027100000000000013,0.5202,0.2195,7.0,4.0,5064.0,3.0043,0.4292,0.0235,12316.0,0.4112,0.5714
S13002895,0,2017.0,10.089999999999998,0.3906,0.226271016,0.027100000000000013,0.5202,0.2195,7.0,4.0,5064.0,3.0043,0.4292,0.0235,13343.0,0.3795,0.5714
S13002896,0,2017.0,1.28,0.3187,0.177707774,0.020399999999999974,0.4514,0.1447,5.0,3.0,3262.0,2.5509,0.5102,0.0335,8672.0,0.3762,0.6
S13002896,3,2017.0,93.62,0.3187,0.177707774,0.020399999999999974,0.4514,0.1447,6.0,3.0,3036.0,2.7991,0.4665,0.0335,8672.0,0.3501,0.5
S13002896,3,2017.0,93.62,0.3187,0.177707774,0.020399999999999974,0.4514,0.1447,5.0,3.0,3262.0,2.5509,0.5102,0.0335,8672.0,0.3762,0.6
S13002896,2,2017.0,69.37,0.3187,0.177707774,0.020399999999999974,0.4514,0.1447,6.0,3.0,3036.0,2.7991,0.4665,0.0335,8672.0,0.3501,0.5
S13002896,2,2017.0,69.37,0.3187,0.177707774,0.020399999999999974,0.4514,0.1447,5.0,3.0,3262.0,2.5509,0.5102,0.0335,8672.0,0.3762,0.6
S13002896,1,2017.0,1.28,0.3187,0.177707774,0.020399999999999974,0.4514,0.1447,6.0,3.0,3036.0,2.7991,0.4665,0.0335,8672.0,0.3501,0.5
S13002896,0,2017.0,1.28,0.3187,0.177707774,0.020399999999999974,0.4514,0.1447,6.0,3.0,3036.0,2.7991,0.4665,0.0335,8672.0,0.3501,0.5
S13002896,0,2022.0,0.53,0.3187,0.177707774,0.020399999999999974,0.4514,0.1447,6.0,3.0,3036.0,2.7991,0.4665,0.0335,8179.0,0.3712,0.5
S13002896,3,2022.0,94.01,0.3187,0.177707774,0.020399999999999974,0.4514,0.1447,6.0,3.0,3036.0,2.7991,0.4665,0.0335,8179.0,0.3712,0.5
S13002896,3,2022.0,94.01,0.3187,0.177707774,0.020399999999999974,0.4514,0.1447,5.0,3.0,3262.0,2.5509,0.5102,0.0335,8179.0,0.3988,0.6
S13002896,2,2022.0,64.03,0.3187,0.177707774,0.020399999999999974,0.4514,0.1447,6.0,3.0,3036.0,2.7991,0.4665,0.0335,8179.0,0.3712,0.5
S13002896,2,2022.0,64.03,0.3187,0.177707774,0.020399999999999974,0.4514,0.1447,5.0,3.0,3262.0,2.5509,0.5102,0.0335,8179.0,0.3988,0.6
S13002896,1,2022.0,0.53,0.3187,0.177707774,0.020399999999999974,0.4514,0.1447,6.0,3.0,3036.0,2.7991,0.4665,0.0335,8179.0,0.3712,0.5
S13002896,1,2017.0,1.28,0.3187,0.177707774,0.020399999999999974,0.4514,0.1447,5.0,3.0,3262.0,2.5509,0.5102,0.0335,8672.0,0.3762,0.6
S13002896,1,2022.0,0.53,0.3187,0.177707774,0.020399999999999974,0.4514,0.1447,5.0,3.0,3262.0,2.5509,0.5102,0.0335,8179.0,0.3988,0.6
S13002896,0,2022.0,0.53,0.3187,0.177707774,0.020399999999999974,0.4514,0.1447,5.0,3.0,3262.0,2.5509,0.5102,0.0335,8179.0,0.3988,0.6
S13002897,1,2022.0,7.67,0.3759,0.247533397,0.013900000000000023,0.5677,0.2458,8.0,3.0,4626.0,2.8748,0.3594,0.0207,9754.0,0.4743,0.375
S13002897,1,2022.0,7.67,0.3759,0.247533397,0.013900000000000023,0.5677,0.2458,5.0,3.0,4256.0,2.7575,0.5515,0.0207,9754.0,0.4363,0.6
S13002897,2,2022.0,53.36,0.3759,0.247533397,0.013900000000000023,0.5677,0.2458,8.0,3.0,4626.0,2.8748,0.3594,0.0207,9754.0,0.4743,0.375
S13002897,2,2022.0,53.36,0.3759,0.247533397,0.013900000000000023,0.5677,0.2458,5.0,3.0,4256.0,2.7575,0.5515,0.0207,9754.0,0.4363,0.6
S13002897,3,2022.0,86.77,0.3759,0.247533397,0.013900000000000023,0.5677,0.2458,8.0,3.0,4626.0,2.8748,0.3594,0.0207,9754.0,0.4743,0.375
S13002897,0,2022.0,13.6,0.3759,0.247533397,0.013900000000000023,0.5677,0.2458,5.0,3.0,4256.0,2.7575,0.5515,0.0207,9754.0,0.4363,0.6
S13002897,3,2022.0,86.77,0.3759,0.247533397,0.013900000000000023,0.5677,0.2458,5.0,3.0,4256.0,2.7575,0.5515,0.0207,9754.0,0.4363,0.6
S13002897,0,2022.0,13.6,0.3759,0.247533397,0.013900000000000023,0.5677,0.2458,8.0,3.0,4626.0,2.8748,0.3594,0.0207,9754.0,0.4743,0.375
S13002897,3,2017.0,48.36,0.3759,0.247533397,0.013900000000000023,0.5677,0.2458,5.0,3.0,4256.0,2.7575,0.5515,0.0207,10263.0,0.4147,0.6
S13002897,3,2017.0,48.36,0.3759,0.247533397,0.013900000000000023,0.5677,0.2458,8.0,3.0,4626.0,2.8748,0.3594,0.0207,10263.0,0.4507,0.375
S13002897,2,2017.0,24.38,0.3759,0.247533397,0.013900000000000023,0.5677,0.2458,5.0,3.0,4256.0,2.7575,0.5515,0.0207,10263.0,0.4147,0.6
S13002897,2,2017.0,24.38,0.3759,0.247533397,0.013900000000000023,0.5677,0.2458,8.0,3.0,4626.0,2.8748,0.3594,0.0207,10263.0,0.4507,0.375
S13002897,1,2017.0,9.76,0.3759,0.247533397,0.013900000000000023,0.5677,0.2458,5.0,3.0,4256.0,2.7575,0.5515,0.0207,10263.0,0.4147,0.6
S13002897,1,2017.0,9.76,0.3759,0.247533397,0.013900000000000023,0.5677,0.2458,8.0,3.0,4626.0,2.8748,0.3594,0.0207,10263.0,0.4507,0.375
S13002897,0,2017.0,17.990000000000002,0.3759,0.247533397,0.013900000000000023,0.5677,0.2458,5.0,3.0,4256.0,2.7575,0.5515,0.0207,10263.0,0.4147,0.6
S13002897,0,2017.0,17.990000000000002,0.3759,0.247533397,0.013900000000000023,0.5677,0.2458,8.0,3.0,4626.0,2.8748,0.3594,0.0207,10263.0,0.4507,0.375
S13002898,1,2017.0,5.2,0.3972,0.226156685,0.0020000000000000018,0.5381,0.1909,6.0,4.0,4646.0,2.9397,0.49,0.0219,11860.0,0.3917,0.6667
S13002898,2,2017.0,59.379999999999995,0.3972,0.226156685,0.0020000000000000018,0.5381,0.1909,7.0,4.0,4695.0,2.7823,0.3975,0.0219,11860.0,0.3959,0.5714
S13002898,2,2017.0,59.379999999999995,0.3972,0.226156685,0.0020000000000000018,0.5381,0.1909,6.0,4.0,4646.0,2.9397,0.49,0.0219,11860.0,0.3917,0.6667
S13002898,3,2017.0,91.99,0.3972,0.226156685,0.0020000000000000018,0.5381,0.1909,7.0,4.0,4695.0,2.7823,0.3975,0.0219,11860.0,0.3959,0.5714
S13002898,3,2017.0,91.99,0.3972,0.226156685,0.0020000000000000018,0.5381,0.1909,6.0,4.0,4646.0,2.9397,0.49,0.0219,11860.0,0.3917,0.6667
S13002898,0,2017.0,16.34,0.3972,0.226156685,0.0020000000000000018,0.5381,0.1909,7.0,4.0,4695.0,2.7823,0.3975,0.0219,11860.0,0.3959,0.5714
S13002898,0,2017.0,16.34,0.3972,0.226156685,0.0020000000000000018,0.5381,0.1909,6.0,4.0,4646.0,2.9397,0.49,0.0219,11860.0,0.3917,0.6667
S13002898,1,2017.0,5.2,0.3972,0.226156685,0.0020000000000000018,0.5381,0.1909,7.0,4.0,4695.0,2.7823,0.3975,0.0219,11860.0,0.3959,0.5714
S13002898,0,2022.0,16.0,0.3972,0.226156685,0.0020000000000000018,0.5381,0.1909,7.0,4.0,4695.0,2.7823,0.3975,0.0219,11139.0,0.4215,0.5714
S13002898,0,2022.0,16.0,0.3972,0.226156685,0.0020000000000000018,0.5381,0.1909,6.0,4.0,4646.0,2.9397,0.49,0.0219,11139.0,0.4171,0.6667
S13002898,1,2022.0,5.07,0.3972,0.226156685,0.0020000000000000018,0.5381,0.1909,7.0,4.0,4695.0,2.7823,0.3975,0.0219,11139.0,0.4215,0.5714
S13002898,1,2022.0,5.07,0.3972,0.226156685,0.0020000000000000018,0.5381,0.1909,6.0,4.0,4646.0,2.9397,0.49,0.0219,11139.0,0.4171,0.6667
S13002898,2,2022.0,63.03,0.3972,0.226156685,0.0020000000000000018,0.5381,0.1909,7.0,4.0,4695.0,2.7823,0.3975,0.0219,11139.0,0.4215,0.5714
S13002898,2,2022.0,63.03,0.3972,0.226156685,0.0020000000000000018,0.5381,0.1909,6.0,4.0,4646.0,2.9397,0.49,0.0219,11139.0,0.4171,0.6667
S13002898,3,2022.0,87.42999999999999,0.3972,0.226156685,0.0020000000000000018,0.5381,0.1909,7.0,4.0,4695.0,2.7823,0.3975,0.0219,11139.0,0.4215,0.5714
S13002898,3,2022.0,87.42999999999999,0.3972,0.226156685,0.0020000000000000018,0.5381,0.1909,6.0,4.0,4646.0,2.9397,0.49,0.0219,11139.0,0.4171,0.6667
S13002899,2,2017.0,81.62,0.3952,0.226776157,0.007900000000000018,0.5468,0.1922,8.0,4.0,4462.0,3.0784,0.3848,0.0232,11051.0,0.4038,0.5
S13002899,2,2022.0,63.43,0.3952,0.226776157,0.007900000000000018,0.5468,0.1922,6.0,4.0,4476.0,3.0715,0.5119,0.0232,11028.0,0.4059,0.6667
S13002899,2,2022.0,63.43,0.3952,0.226776157,0.007900000000000018,0.5468,0.1922,8.0,4.0,4462.0,3.0784,0.3848,0.0232,11028.0,0.4046,0.5
S13002899,1,2022.0,1.73,0.3952,0.226776157,0.007900000000000018,0.5468,0.1922,6.0,4.0,4476.0,3.0715,0.5119,0.0232,11028.0,0.4059,0.6667
S13002899,1,2022.0,1.73,0.3952,0.226776157,0.007900000000000018,0.5468,0.1922,8.0,4.0,4462.0,3.0784,0.3848,0.0232,11028.0,0.4046,0.5
S13002899,0,2022.0,2.6799999999999997,0.3952,0.226776157,0.007900000000000018,0.5468,0.1922,6.0,4.0,4476.0,3.0715,0.5119,0.0232,11028.0,0.4059,0.6667
S13002899,0,2022.0,2.6799999999999997,0.3952,0.226776157,0.007900000000000018,0.5468,0.1922,8.0,4.0,4462.0,3.0784,0.3848,0.0232,11028.0,0.4046,0.5
S13002899,0,2017.0,21.66,0.3952,0.226776157,0.007900000000000018,0.5468,0.1922,8.0,4.0,4462.0,3.0784,0.3848,0.0232,11051.0,0.4038,0.5
S13002899,3,2022.0,90.5,0.3952,0.226776157,0.007900000000000018,0.5468,0.1922,8.0,4.0,4462.0,3.0784,0.3848,0.0232,11028.0,0.4046,0.5
S13002899,1,2017.0,8.17,0.3952,0.226776157,0.007900000000000018,0.5468,0.1922,8.0,4.0,4462.0,3.0784,0.3848,0.0232,11051.0,0.4038,0.5
S13002899,1,2017.0,8.17,0.3952,0.226776157,0.007900000000000018,0.5468,0.1922,6.0,4.0,4476.0,3.0715,0.5119,0.0232,11051.0,0.405,0.6667
S13002899,3,2022.0,90.5,0.3952,0.226776157,0.007900000000000018,0.5468,0.1922,6.0,4.0,4476.0,3.0715,0.5119,0.0232,11028.0,0.4059,0.6667
S13002899,2,2017.0,81.62,0.3952,0.226776157,0.007900000000000018,0.5468,0.1922,6.0,4.0,4476.0,3.0715,0.5119,0.0232,11051.0,0.405,0.6667
S13002899,3,2017.0,95.07000000000001,0.3952,0.226776157,0.007900000000000018,0.5468,0.1922,8.0,4.0,4462.0,3.0784,0.3848,0.0232,11051.0,0.4038,0.5
S13002899,3,2017.0,95.07000000000001,0.3952,0.226776157,0.007900000000000018,0.5468,0.1922,6.0,4.0,4476.0,3.0715,0.5119,0.0232,11051.0,0.405,0.6667
S13002899,0,2017.0,21.66,0.3952,0.226776157,0.007900000000000018,0.5468,0.1922,6.0,4.0,4476.0,3.0715,0.5119,0.0232,11051.0,0.405,0.6667
S13002900,3,2017.0,72.16,0.3943,0.224371723,0.020100000000000007,0.5242,0.1667,6.0,3.0,3866.0,2.925,0.4875,0.0287,9659.0,0.4002,0.5
S13002900,1,2022.0,5.8100000000000005,0.3943,0.224371723,0.020100000000000007,0.5242,0.1667,9.0,3.0,3807.0,3.0173,0.3353,0.0287,8915.0,0.427,0.3333
S13002900,0,2022.0,22.189999999999998,0.3943,0.224371723,0.020100000000000007,0.5242,0.1667,6.0,3.0,3866.0,2.925,0.4875,0.0287,8915.0,0.4337,0.5
S13002900,3,2022.0,82.58999999999999,0.3943,0.224371723,0.020100000000000007,0.5242,0.1667,6.0,3.0,3866.0,2.925,0.4875,0.0287,8915.0,0.4337,0.5
S13002900,1,2022.0,5.8100000000000005,0.3943,0.224371723,0.020100000000000007,0.5242,0.1667,6.0,3.0,3866.0,2.925,0.4875,0.0287,8915.0,0.4337,0.5
S13002900,2,2022.0,50.980000000000004,0.3943,0.224371723,0.020100000000000007,0.5242,0.1667,9.0,3.0,3807.0,3.0173,0.3353,0.0287,8915.0,0.427,0.3333
S13002900,2,2022.0,50.980000000000004,0.3943,0.224371723,0.020100000000000007,0.5242,0.1667,6.0,3.0,3866.0,2.925,0.4875,0.0287,8915.0,0.4337,0.5
S13002900,0,2017.0,21.96,0.3943,0.224371723,0.020100000000000007,0.5242,0.1667,9.0,3.0,3807.0,3.0173,0.3353,0.0287,9659.0,0.3941,0.3333
S13002900,0,2017.0,21.96,0.3943,0.224371723,0.020100000000000007,0.5242,0.1667,6.0,3.0,3866.0,2.925,0.4875,0.0287,9659.0,0.4002,0.5
S13002900,1,2017.0,7.8900000000000015,0.3943,0.224371723,0.020100000000000007,0.5242,0.1667,9.0,3.0,3807.0,3.0173,0.3353,0.0287,9659.0,0.3941,0.3333
S13002900,1,2017.0,7.8900000000000015,0.3943,0.224371723,0.020100000000000007,0.5242,0.1667,6.0,3.0,3866.0,2.925,0.4875,0.0287,9659.0,0.4002,0.5
S13002900,2,2017.0,36.35,0.3943,0.224371723,0.020100000000000007,0.5242,0.1667,9.0,3.0,3807.0,3.0173,0.3353,0.0287,9659.0,0.3941,0.3333
S13002900,3,2022.0,82.58999999999999,0.3943,0.224371723,0.020100000000000007,0.5242,0.1667,9.0,3.0,3807.0,3.0173,0.3353,0.0287,8915.0,0.427,0.3333
S13002900,3,2017.0,72.16,0.3943,0.224371723,0.020100000000000007,0.5242,0.1667,9.0,3.0,3807.0,3.0173,0.3353,0.0287,9659.0,0.3941,0.3333
S13002900,0,2022.0,22.189999999999998,0.3943,0.224371723,0.020100000000000007,0.5242,0.1667,9.0,3.0,3807.0,3.0173,0.3353,0.0287,8915.0,0.427,0.3333
S13002900,2,2017.0,36.35,0.3943,0.224371723,0.020100000000000007,0.5242,0.1667,6.0,3.0,3866.0,2.925,0.4875,0.0287,9659.0,0.4002,0.5
S13002901,3,2017.0,77.41,0.4364,0.276194888,0.02200000000000002,0.642,0.4869,6.0,3.0,6144.0,2.9456,0.4909,0.0113,11158.0,0.5506,0.5
S13002901,0,2017.0,4.47,0.4364,0.276194888,0.02200000000000002,0.642,0.4869,6.0,3.0,6249.0,3.1663,0.5277,0.0113,11158.0,0.56,0.5
S13002901,3,2022.0,49.38,0.4364,0.276194888,0.02200000000000002,0.642,0.4869,6.0,3.0,6249.0,3.1663,0.5277,0.0113,10735.0,0.5821,0.5
S13002901,3,2022.0,49.38,0.4364,0.276194888,0.02200000000000002,0.642,0.4869,6.0,3.0,6144.0,2.9456,0.4909,0.0113,10735.0,0.5723,0.5
S13002901,2,2022.0,25.06,0.4364,0.276194888,0.02200000000000002,0.642,0.4869,6.0,3.0,6249.0,3.1663,0.5277,0.0113,10735.0,0.5821,0.5
S13002901,2,2022.0,25.06,0.4364,0.276194888,0.02200000000000002,0.642,0.4869,6.0,3.0,6144.0,2.9456,0.4909,0.0113,10735.0,0.5723,0.5
S13002901,0,2017.0,4.47,0.4364,0.276194888,0.02200000000000002,0.642,0.4869,6.0,3.0,6144.0,2.9456,0.4909,0.0113,11158.0,0.5506,0.5
S13002901,1,2022.0,6.78,0.4364,0.276194888,0.02200000000000002,0.642,0.4869,6.0,3.0,6144.0,2.9456,0.4909,0.0113,10735.0,0.5723,0.5
S13002901,0,2022.0,15.059999999999999,0.4364,0.276194888,0.02200000000000002,0.642,0.4869,6.0,3.0,6249.0,3.1663,0.5277,0.0113,10735.0,0.5821,0.5
S13002901,0,2022.0,15.059999999999999,0.4364,0.276194888,0.02200000000000002,0.642,0.4869,6.0,3.0,6144.0,2.9456,0.4909,0.0113,10735.0,0.5723,0.5
S13002901,1,2022.0,6.78,0.4364,0.276194888,0.02200000000000002,0.642,0.4869,6.0,3.0,6249.0,3.1663,0.5277,0.0113,10735.0,0.5821,0.5
S13002901,3,2017.0,77.41,0.4364,0.276194888,0.02200000000000002,0.642,0.4869,6.0,3.0,6249.0,3.1663,0.5277,0.0113,11158.0,0.56,0.5
S13002901,2,2017.0,55.32,0.4364,0.276194888,0.02200000000000002,0.642,0.4869,6.0,3.0,6249.0,3.1663,0.5277,0.0113,11158.0,0.56,0.5
S13002901,2,2017.0,55.32,0.4364,0.276194888,0.02200000000000002,0.642,0.4869,6.0,3.0,6144.0,2.9456,0.4909,0.0113,11158.0,0.5506,0.5
S13002901,1,2017.0,3.71,0.4364,0.276194888,0.02200000000000002,0.642,0.4869,6.0,3.0,6249.0,3.1663,0.5277,0.0113,11158.0,0.56,0.5
S13002901,1,2017.0,3.71,0.4364,0.276194888,0.02200000000000002,0.642,0.4869,6.0,3.0,6144.0,2.9456,0.4909,0.0113,11158.0,0.5506,0.5
S13002902,2,2017.0,33.23,0.4467,0.241225702,0.018900000000000028,0.6933,0.5546,6.0,3.0,7035.0,3.0913,0.5152,0.0114,11834.0,0.5945,0.5
S13002902,3,2022.0,86.43,0.4467,0.241225702,0.018900000000000028,0.6933,0.5546,6.0,3.0,6906.0,3.2236,0.5373,0.0114,12091.0,0.5712,0.5
S13002902,3,2022.0,86.43,0.4467,0.241225702,0.018900000000000028,0.6933,0.5546,6.0,3.0,7035.0,3.0913,0.5152,0.0114,12091.0,0.5818,0.5
S13002902,2,2022.0,57.36,0.4467,0.241225702,0.018900000000000028,0.6933,0.5546,6.0,3.0,6906.0,3.2236,0.5373,0.0114,12091.0,0.5712,0.5
S13002902,2,2022.0,57.36,0.4467,0.241225702,0.018900000000000028,0.6933,0.5546,6.0,3.0,7035.0,3.0913,0.5152,0.0114,12091.0,0.5818,0.5
S13002902,1,2022.0,6.8500000000000005,0.4467,0.241225702,0.018900000000000028,0.6933,0.5546,6.0,3.0,6906.0,3.2236,0.5373,0.0114,12091.0,0.5712,0.5
S13002902,1,2022.0,6.8500000000000005,0.4467,0.241225702,0.018900000000000028,0.6933,0.5546,6.0,3.0,7035.0,3.0913,0.5152,0.0114,12091.0,0.5818,0.5
S13002902,0,2022.0,15.54,0.4467,0.241225702,0.018900000000000028,0.6933,0.5546,6.0,3.0,6906.0,3.2236,0.5373,0.0114,12091.0,0.5712,0.5
S13002902,0,2022.0,15.54,0.4467,0.241225702,0.018900000000000028,0.6933,0.5546,6.0,3.0,7035.0,3.0913,0.5152,0.0114,12091.0,0.5818,0.5
S13002902,0,2017.0,15.36,0.4467,0.241225702,0.018900000000000028,0.6933,0.5546,6.0,3.0,7035.0,3.0913,0.5152,0.0114,11834.0,0.5945,0.5
S13002902,0,2017.0,15.36,0.4467,0.241225702,0.018900000000000028,0.6933,0.5546,6.0,3.0,6906.0,3.2236,0.5373,0.0114,11834.0,0.5836,0.5
S13002902,1,2017.0,3.96,0.4467,0.241225702,0.018900000000000028,0.6933,0.5546,6.0,3.0,7035.0,3.0913,0.5152,0.0114,11834.0,0.5945,0.5
S13002902,3,2017.0,70.26,0.4467,0.241225702,0.018900000000000028,0.6933,0.5546,6.0,3.0,6906.0,3.2236,0.5373,0.0114,11834.0,0.5836,0.5
S13002902,3,2017.0,70.26,0.4467,0.241225702,0.018900000000000028,0.6933,0.5546,6.0,3.0,7035.0,3.0913,0.5152,0.0114,11834.0,0.5945,0.5
S13002902,2,2017.0,33.23,0.4467,0.241225702,0.018900000000000028,0.6933,0.5546,6.0,3.0,6906.0,3.2236,0.5373,0.0114,11834.0,0.5836,0.5
S13002902,1,2017.0,3.96,0.4467,0.241225702,0.018900000000000028,0.6933,0.5546,6.0,3.0,6906.0,3.2236,0.5373,0.0114,11834.0,0.5836,0.5
S13002903,3,2022.0,83.8,0.4331,0.280980249,0.024399999999999977,0.7026,0.5556,7.0,3.0,6370.0,3.2568,0.4653,0.0113,11122.0,0.5727,0.4286
S13002903,0,2022.0,4.21,0.4331,0.280980249,0.024399999999999977,0.7026,0.5556,6.0,3.0,6648.0,3.1125,0.5188,0.0113,11122.0,0.5977,0.5
S13002903,0,2022.0,4.21,0.4331,0.280980249,0.024399999999999977,0.7026,0.5556,7.0,3.0,6370.0,3.2568,0.4653,0.0113,11122.0,0.5727,0.4286
S13002903,1,2022.0,4.21,0.4331,0.280980249,0.024399999999999977,0.7026,0.5556,6.0,3.0,6648.0,3.1125,0.5188,0.0113,11122.0,0.5977,0.5
S13002903,2,2022.0,46.51,0.4331,0.280980249,0.024399999999999977,0.7026,0.5556,6.0,3.0,6648.0,3.1125,0.5188,0.0113,11122.0,0.5977,0.5
S13002903,2,2022.0,46.51,0.4331,0.280980249,0.024399999999999977,0.7026,0.5556,7.0,3.0,6370.0,3.2568,0.4653,0.0113,11122.0,0.5727,0.4286
S13002903,3,2022.0,83.8,0.4331,0.280980249,0.024399999999999977,0.7026,0.5556,6.0,3.0,6648.0,3.1125,0.5188,0.0113,11122.0,0.5977,0.5
S13002903,1,2022.0,4.21,0.4331,0.280980249,0.024399999999999977,0.7026,0.5556,7.0,3.0,6370.0,3.2568,0.4653,0.0113,11122.0,0.5727,0.4286
S13002903,0,2017.0,20.3,0.4331,0.280980249,0.024399999999999977,0.7026,0.5556,6.0,3.0,6648.0,3.1125,0.5188,0.0113,11066.0,0.6008,0.5
S13002903,0,2017.0,20.3,0.4331,0.280980249,0.024399999999999977,0.7026,0.5556,7.0,3.0,6370.0,3.2568,0.4653,0.0113,11066.0,0.5756,0.4286
S13002903,1,2017.0,7.16,0.4331,0.280980249,0.024399999999999977,0.7026,0.5556,6.0,3.0,6648.0,3.1125,0.5188,0.0113,11066.0,0.6008,0.5
S13002903,1,2017.0,7.16,0.4331,0.280980249,0.024399999999999977,0.7026,0.5556,7.0,3.0,6370.0,3.2568,0.4653,0.0113,11066.0,0.5756,0.4286
S13002903,2,2017.0,49.58,0.4331,0.280980249,0.024399999999999977,0.7026,0.5556,6.0,3.0,6648.0,3.1125,0.5188,0.0113,11066.0,0.6008,0.5
S13002903,2,2017.0,49.58,0.4331,0.280980249,0.024399999999999977,0.7026,0.5556,7.0,3.0,6370.0,3.2568,0.4653,0.0113,11066.0,0.5756,0.4286
S13002903,3,2017.0,80.82000000000001,0.4331,0.280980249,0.024399999999999977,0.7026,0.5556,6.0,3.0,6648.0,3.1125,0.5188,0.0113,11066.0,0.6008,0.5
S13002903,3,2017.0,80.82000000000001,0.4331,0.280980249,0.024399999999999977,0.7026,0.5556,7.0,3.0,6370.0,3.2568,0.4653,0.0113,11066.0,0.5756,0.4286
S13002904,3,2022.0,81.89,0.4964,0.248798077,0.007000000000000006,0.6087,0.3785,7.0,3.0,4733.0,3.2677,0.4668,0.0137,15700.0,0.3015,0.4286
S13002904,0,2017.0,13.71,0.4964,0.248798077,0.007000000000000006,0.6087,0.3785,8.0,4.0,8072.0,3.2218,0.4027,0.0137,16536.0,0.4881,0.5
S13002904,0,2022.0,10.61,0.4964,0.248798077,0.007000000000000006,0.6087,0.3785,7.0,3.0,4733.0,3.2677,0.4668,0.0137,15700.0,0.3015,0.4286
S13002904,0,2022.0,10.61,0.4964,0.248798077,0.007000000000000006,0.6087,0.3785,8.0,4.0,8072.0,3.2218,0.4027,0.0137,15700.0,0.5141,0.5
S13002904,1,2022.0,2.76,0.4964,0.248798077,0.007000000000000006,0.6087,0.3785,7.0,3.0,4733.0,3.2677,0.4668,0.0137,15700.0,0.3015,0.4286
S13002904,3,2022.0,81.89,0.4964,0.248798077,0.007000000000000006,0.6087,0.3785,8.0,4.0,8072.0,3.2218,0.4027,0.0137,15700.0,0.5141,0.5
S13002904,2,2022.0,47.13,0.4964,0.248798077,0.007000000000000006,0.6087,0.3785,7.0,3.0,4733.0,3.2677,0.4668,0.0137,15700.0,0.3015,0.4286
S13002904,2,2022.0,47.13,0.4964,0.248798077,0.007000000000000006,0.6087,0.3785,8.0,4.0,8072.0,3.2218,0.4027,0.0137,15700.0,0.5141,0.5
S13002904,1,2017.0,7.59,0.4964,0.248798077,0.007000000000000006,0.6087,0.3785,7.0,3.0,4733.0,3.2677,0.4668,0.0137,16536.0,0.2862,0.4286
S13002904,1,2022.0,2.76,0.4964,0.248798077,0.007000000000000006,0.6087,0.3785,8.0,4.0,8072.0,3.2218,0.4027,0.0137,15700.0,0.5141,0.5
S13002904,1,2017.0,7.59,0.4964,0.248798077,0.007000000000000006,0.6087,0.3785,8.0,4.0,8072.0,3.2218,0.4027,0.0137,16536.0,0.4881,0.5
S13002904,2,2017.0,52.05,0.4964,0.248798077,0.007000000000000006,0.6087,0.3785,7.0,3.0,4733.0,3.2677,0.4668,0.0137,16536.0,0.2862,0.4286
S13002904,2,2017.0,52.05,0.4964,0.248798077,0.007000000000000006,0.6087,0.3785,8.0,4.0,8072.0,3.2218,0.4027,0.0137,16536.0,0.4881,0.5
S13002904,3,2017.0,84.3,0.4964,0.248798077,0.007000000000000006,0.6087,0.3785,7.0,3.0,4733.0,3.2677,0.4668,0.0137,16536.0,0.2862,0.4286
S13002904,3,2017.0,84.3,0.4964,0.248798077,0.007000000000000006,0.6087,0.3785,8.0,4.0,8072.0,3.2218,0.4027,0.0137,16536.0,0.4881,0.5
S13002904,0,2017.0,13.71,0.4964,0.248798077,0.007000000000000006,0.6087,0.3785,7.0,3.0,4733.0,3.2677,0.4668,0.0137,16536.0,0.2862,0.4286
S13002905,2,2022.0,64.17,0.4884,0.226692332,0.02849999999999997,0.6036,0.3461,6.0,3.0,6070.0,2.9217,0.487,0.013,12372.0,0.4906,0.5
S13002905,2,2022.0,64.17,0.4884,0.226692332,0.02849999999999997,0.6036,0.3461,6.0,3.0,6099.0,3.0395,0.5066,0.013,12372.0,0.493,0.5
S13002905,1,2022.0,11.19,0.4884,0.226692332,0.02849999999999997,0.6036,0.3461,6.0,3.0,6070.0,2.9217,0.487,0.013,12372.0,0.4906,0.5
S13002905,1,2022.0,11.19,0.4884,0.226692332,0.02849999999999997,0.6036,0.3461,6.0,3.0,6099.0,3.0395,0.5066,0.013,12372.0,0.493,0.5
S13002905,0,2022.0,17.65,0.4884,0.226692332,0.02849999999999997,0.6036,0.3461,6.0,3.0,6070.0,2.9217,0.487,0.013,12372.0,0.4906,0.5
S13002905,0,2022.0,17.65,0.4884,0.226692332,0.02849999999999997,0.6036,0.3461,6.0,3.0,6099.0,3.0395,0.5066,0.013,12372.0,0.493,0.5
S13002905,0,2017.0,12.61,0.4884,0.226692332,0.02849999999999997,0.6036,0.3461,6.0,3.0,6070.0,2.9217,0.487,0.013,13038.0,0.4656,0.5
S13002905,1,2017.0,9.04,0.4884,0.226692332,0.02849999999999997,0.6036,0.3461,6.0,3.0,6099.0,3.0395,0.5066,0.013,13038.0,0.4678,0.5
S13002905,1,2017.0,9.04,0.4884,0.226692332,0.02849999999999997,0.6036,0.3461,6.0,3.0,6070.0,2.9217,0.487,0.013,13038.0,0.4656,0.5
S13002905,2,2017.0,50.79,0.4884,0.226692332,0.02849999999999997,0.6036,0.3461,6.0,3.0,6099.0,3.0395,0.5066,0.013,13038.0,0.4678,0.5
S13002905,2,2017.0,50.79,0.4884,0.226692332,0.02849999999999997,0.6036,0.3461,6.0,3.0,6070.0,2.9217,0.487,0.013,13038.0,0.4656,0.5
S13002905,3,2017.0,80.55,0.4884,0.226692332,0.02849999999999997,0.6036,0.3461,6.0,3.0,6099.0,3.0395,0.5066,0.013,13038.0,0.4678,0.5
S13002905,3,2017.0,80.55,0.4884,0.226692332,0.02849999999999997,0.6036,0.3461,6.0,3.0,6070.0,2.9217,0.487,0.013,13038.0,0.4656,0.5
S13002905,3,2022.0,89.19,0.4884,0.226692332,0.02849999999999997,0.6036,0.3461,6.0,3.0,6099.0,3.0395,0.5066,0.013,12372.0,0.493,0.5
S13002905,3,2022.0,89.19,0.4884,0.226692332,0.02849999999999997,0.6036,0.3461,6.0,3.0,6070.0,2.9217,0.487,0.013,12372.0,0.4906,0.5
S13002905,0,2017.0,12.61,0.4884,0.226692332,0.02849999999999997,0.6036,0.3461,6.0,3.0,6099.0,3.0395,0.5066,0.013,13038.0,0.4678,0.5
S13002906,1,2017.0,10.32,0.4603,0.210935073,0.01419999999999999,0.6258,0.4614,8.0,3.0,6656.0,3.3888,0.4236,0.0132,11109.0,0.5992,0.375
S13002906,0,2017.0,22.560000000000002,0.4603,0.210935073,0.01419999999999999,0.6258,0.4614,6.0,3.0,6515.0,2.9391,0.4898,0.0132,11109.0,0.5865,0.5
S13002906,0,2017.0,22.560000000000002,0.4603,0.210935073,0.01419999999999999,0.6258,0.4614,8.0,3.0,6656.0,3.3888,0.4236,0.0132,11109.0,0.5992,0.375
S13002906,1,2017.0,10.32,0.4603,0.210935073,0.01419999999999999,0.6258,0.4614,6.0,3.0,6515.0,2.9391,0.4898,0.0132,11109.0,0.5865,0.5
S13002906,0,2022.0,13.809999999999999,0.4603,0.210935073,0.01419999999999999,0.6258,0.4614,8.0,3.0,6656.0,3.3888,0.4236,0.0132,12734.0,0.5227,0.375
S13002906,0,2022.0,13.809999999999999,0.4603,0.210935073,0.01419999999999999,0.6258,0.4614,6.0,3.0,6515.0,2.9391,0.4898,0.0132,12734.0,0.5116,0.5
S13002906,1,2022.0,5.89,0.4603,0.210935073,0.01419999999999999,0.6258,0.4614,6.0,3.0,6515.0,2.9391,0.4898,0.0132,12734.0,0.5116,0.5
S13002906,2,2022.0,54.209999999999994,0.4603,0.210935073,0.01419999999999999,0.6258,0.4614,8.0,3.0,6656.0,3.3888,0.4236,0.0132,12734.0,0.5227,0.375
S13002906,2,2022.0,54.209999999999994,0.4603,0.210935073,0.01419999999999999,0.6258,0.4614,6.0,3.0,6515.0,2.9391,0.4898,0.0132,12734.0,0.5116,0.5
S13002906,3,2022.0,83.09,0.4603,0.210935073,0.01419999999999999,0.6258,0.4614,8.0,3.0,6656.0,3.3888,0.4236,0.0132,12734.0,0.5227,0.375
S13002906,3,2022.0,83.09,0.4603,0.210935073,0.01419999999999999,0.6258,0.4614,6.0,3.0,6515.0,2.9391,0.4898,0.0132,12734.0,0.5116,0.5
S13002906,1,2022.0,5.89,0.4603,0.210935073,0.01419999999999999,0.6258,0.4614,8.0,3.0,6656.0,3.3888,0.4236,0.0132,12734.0,0.5227,0.375
S13002906,3,2017.0,78.5,0.4603,0.210935073,0.01419999999999999,0.6258,0.4614,8.0,3.0,6656.0,3.3888,0.4236,0.0132,11109.0,0.5992,0.375
S13002906,2,2017.0,47.07,0.4603,0.210935073,0.01419999999999999,0.6258,0.4614,8.0,3.0,6656.0,3.3888,0.4236,0.0132,11109.0,0.5992,0.375
S13002906,3,2017.0,78.5,0.4603,0.210935073,0.01419999999999999,0.6258,0.4614,6.0,3.0,6515.0,2.9391,0.4898,0.0132,11109.0,0.5865,0.5
S13002906,2,2017.0,47.07,0.4603,0.210935073,0.01419999999999999,0.6258,0.4614,6.0,3.0,6515.0,2.9391,0.4898,0.0132,11109.0,0.5865,0.5
S13002907,3,2017.0,49.64,0.4824,0.213298845,0.02210000000000001,0.5174,0.2731,5.0,3.0,5389.0,2.696,0.5392,0.0195,14328.0,0.3761,0.6
S13002907,3,2017.0,49.64,0.4824,0.213298845,0.02210000000000001,0.5174,0.2731,7.0,3.0,5632.0,3.3391,0.477,0.0195,14328.0,0.3931,0.4286
S13002907,2,2017.0,19.8,0.4824,0.213298845,0.02210000000000001,0.5174,0.2731,5.0,3.0,5389.0,2.696,0.5392,0.0195,14328.0,0.3761,0.6
S13002907,1,2017.0,6.95,0.4824,0.213298845,0.02210000000000001,0.5174,0.2731,5.0,3.0,5389.0,2.696,0.5392,0.0195,14328.0,0.3761,0.6
S13002907,1,2017.0,6.95,0.4824,0.213298845,0.02210000000000001,0.5174,0.2731,7.0,3.0,5632.0,3.3391,0.477,0.0195,14328.0,0.3931,0.4286
S13002907,0,2017.0,15.989999999999998,0.4824,0.213298845,0.02210000000000001,0.5174,0.2731,5.0,3.0,5389.0,2.696,0.5392,0.0195,14328.0,0.3761,0.6
S13002907,0,2017.0,15.989999999999998,0.4824,0.213298845,0.02210000000000001,0.5174,0.2731,7.0,3.0,5632.0,3.3391,0.477,0.0195,14328.0,0.3931,0.4286
S13002907,0,2022.0,7.359999999999999,0.4824,0.213298845,0.02210000000000001,0.5174,0.2731,7.0,3.0,5632.0,3.3391,0.477,0.0195,12337.0,0.4565,0.4286
S13002907,0,2022.0,7.359999999999999,0.4824,0.213298845,0.02210000000000001,0.5174,0.2731,5.0,3.0,5389.0,2.696,0.5392,0.0195,12337.0,0.4368,0.6
S13002907,1,2022.0,7.359999999999999,0.4824,0.213298845,0.02210000000000001,0.5174,0.2731,7.0,3.0,5632.0,3.3391,0.477,0.0195,12337.0,0.4565,0.4286
S13002907,2,2017.0,19.8,0.4824,0.213298845,0.02210000000000001,0.5174,0.2731,7.0,3.0,5632.0,3.3391,0.477,0.0195,14328.0,0.3931,0.4286
S13002907,2,2022.0,68.05,0.4824,0.213298845,0.02210000000000001,0.5174,0.2731,7.0,3.0,5632.0,3.3391,0.477,0.0195,12337.0,0.4565,0.4286
S13002907,2,2022.0,68.05,0.4824,0.213298845,0.02210000000000001,0.5174,0.2731,5.0,3.0,5389.0,2.696,0.5392,0.0195,12337.0,0.4368,0.6
S13002907,3,2022.0,89.92,0.4824,0.213298845,0.02210000000000001,0.5174,0.2731,7.0,3.0,5632.0,3.3391,0.477,0.0195,12337.0,0.4565,0.4286
S13002907,3,2022.0,89.92,0.4824,0.213298845,0.02210000000000001,0.5174,0.2731,5.0,3.0,5389.0,2.696,0.5392,0.0195,12337.0,0.4368,0.6
S13002907,1,2022.0,7.359999999999999,0.4824,0.213298845,0.02210000000000001,0.5174,0.2731,5.0,3.0,5389.0,2.696,0.5392,0.0195,12337.0,0.4368,0.6
S13002908,3,2017.0,91.68,0.3413,0.188430514,0.03939999999999999,0.478,0.3193,9.0,4.0,7608.0,3.5878,0.3986,0.0168,16289.0,0.4671,0.4444
S13002908,2,2017.0,56.95,0.3413,0.188430514,0.03939999999999999,0.478,0.3193,9.0,4.0,7608.0,3.5878,0.3986,0.0168,16289.0,0.4671,0.4444
S13002908,1,2017.0,8.040000000000001,0.3413,0.188430514,0.03939999999999999,0.478,0.3193,9.0,4.0,7608.0,3.5878,0.3986,0.0168,16289.0,0.4671,0.4444
S13002908,0,2017.0,19.18,0.3413,0.188430514,0.03939999999999999,0.478,0.3193,9.0,4.0,7608.0,3.5878,0.3986,0.0168,16289.0,0.4671,0.4444
S13002908,2,2022.0,51.61,0.3413,0.188430514,0.03939999999999999,0.478,0.3193,9.0,4.0,7608.0,3.5878,0.3986,0.0168,16734.0,0.4546,0.4444
S13002908,3,2022.0,88.38,0.3413,0.188430514,0.03939999999999999,0.478,0.3193,9.0,4.0,7608.0,3.5878,0.3986,0.0168,16734.0,0.4546,0.4444
S13002908,0,2022.0,16.64,0.3413,0.188430514,0.03939999999999999,0.478,0.3193,9.0,4.0,7608.0,3.5878,0.3986,0.0168,16734.0,0.4546,0.4444
S13002908,1,2022.0,6.6,0.3413,0.188430514,0.03939999999999999,0.478,0.3193,9.0,4.0,7608.0,3.5878,0.3986,0.0168,16734.0,0.4546,0.4444
S13002909,0,2022.0,4.74,0.3685,0.209995195,0.01959999999999995,0.5621,0.2671,6.0,1.0,4653.0,2.4737,0.4123,0.0133,15133.0,0.3075,0.1667
S13002909,3,2017.0,80.69,0.3685,0.209995195,0.01959999999999995,0.5621,0.2671,6.0,1.0,4653.0,2.4737,0.4123,0.0133,14834.0,0.3137,0.1667
S13002909,1,2022.0,4.74,0.3685,0.209995195,0.01959999999999995,0.5621,0.2671,6.0,1.0,4653.0,2.4737,0.4123,0.0133,15133.0,0.3075,0.1667
S13002909,2,2022.0,60.129999999999995,0.3685,0.209995195,0.01959999999999995,0.5621,0.2671,6.0,1.0,4653.0,2.4737,0.4123,0.0133,15133.0,0.3075,0.1667
S13002909,3,2022.0,77.75999999999999,0.3685,0.209995195,0.01959999999999995,0.5621,0.2671,6.0,1.0,4653.0,2.4737,0.4123,0.0133,15133.0,0.3075,0.1667
S13002909,1,2017.0,8.92,0.3685,0.209995195,0.01959999999999995,0.5621,0.2671,6.0,1.0,4653.0,2.4737,0.4123,0.0133,14834.0,0.3137,0.1667
S13002909,0,2017.0,10.21,0.3685,0.209995195,0.01959999999999995,0.5621,0.2671,6.0,1.0,4653.0,2.4737,0.4123,0.0133,14834.0,0.3137,0.1667
S13002909,2,2017.0,61.07,0.3685,0.209995195,0.01959999999999995,0.5621,0.2671,6.0,1.0,4653.0,2.4737,0.4123,0.0133,14834.0,0.3137,0.1667
S13002910,0,2017.0,20.0,0.3249,0.169981655,0.012299999999999978,0.5291,0.2296,8.0,4.0,6279.0,3.2926,0.4116,0.0143,17446.0,0.3599,0.5
S13002910,1,2017.0,8.93,0.3249,0.169981655,0.012299999999999978,0.5291,0.2296,8.0,4.0,6279.0,3.2926,0.4116,0.0143,17446.0,0.3599,0.5
S13002910,2,2017.0,75.74,0.3249,0.169981655,0.012299999999999978,0.5291,0.2296,8.0,4.0,6279.0,3.2926,0.4116,0.0143,17446.0,0.3599,0.5
S13002910,3,2017.0,98.42,0.3249,0.169981655,0.012299999999999978,0.5291,0.2296,8.0,4.0,6279.0,3.2926,0.4116,0.0143,17446.0,0.3599,0.5
S13002910,1,2022.0,7.68,0.3249,0.169981655,0.012299999999999978,0.5291,0.2296,8.0,4.0,6279.0,3.2926,0.4116,0.0143,15809.0,0.3972,0.5
S13002910,2,2022.0,78.53999999999999,0.3249,0.169981655,0.012299999999999978,0.5291,0.2296,8.0,4.0,6279.0,3.2926,0.4116,0.0143,15809.0,0.3972,0.5
S13002910,3,2022.0,91.71,0.3249,0.169981655,0.012299999999999978,0.5291,0.2296,8.0,4.0,6279.0,3.2926,0.4116,0.0143,15809.0,0.3972,0.5
S13002910,0,2022.0,21.990000000000002,0.3249,0.169981655,0.012299999999999978,0.5291,0.2296,8.0,4.0,6279.0,3.2926,0.4116,0.0143,15809.0,0.3972,0.5
S13002911,0,2022.0,10.36,0.3791,0.278520797,0.02290000000000003,0.6784,0.5164,6.0,3.0,6270.0,2.978,0.4963,0.0101,12312.0,0.5093,0.5
S13002911,3,2022.0,71.11,0.3791,0.278520797,0.02290000000000003,0.6784,0.5164,6.0,3.0,6270.0,2.978,0.4963,0.0101,12312.0,0.5093,0.5
S13002911,2,2022.0,40.98,0.3791,0.278520797,0.02290000000000003,0.6784,0.5164,6.0,3.0,6270.0,2.978,0.4963,0.0101,12312.0,0.5093,0.5
S13002911,1,2022.0,7.06,0.3791,0.278520797,0.02290000000000003,0.6784,0.5164,6.0,3.0,6270.0,2.978,0.4963,0.0101,12312.0,0.5093,0.5
S13002911,0,2017.0,3.3499999999999996,0.3791,0.278520797,0.02290000000000003,0.6784,0.5164,6.0,3.0,6270.0,2.978,0.4963,0.0101,10969.0,0.5716,0.5
S13002911,1,2017.0,3.3499999999999996,0.3791,0.278520797,0.02290000000000003,0.6784,0.5164,6.0,3.0,6270.0,2.978,0.4963,0.0101,10969.0,0.5716,0.5
S13002911,2,2017.0,50.89,0.3791,0.278520797,0.02290000000000003,0.6784,0.5164,6.0,3.0,6270.0,2.978,0.4963,0.0101,10969.0,0.5716,0.5
S13002911,3,2017.0,88.3,0.3791,0.278520797,0.02290000000000003,0.6784,0.5164,6.0,3.0,6270.0,2.978,0.4963,0.0101,10969.0,0.5716,0.5
S13002912,2,2017.0,62.769999999999996,0.3483,0.222243979,0.013499999999999956,0.5951,0.3976,5.0,1.0,6319.0,2.2292,0.4458,0.0139,14721.0,0.4293,0.2
S13002912,2,2017.0,62.769999999999996,0.3483,0.222243979,0.013499999999999956,0.5951,0.3976,7.0,4.0,7790.0,3.1716,0.4531,0.0139,14721.0,0.5292,0.5714
S13002912,1,2017.0,9.780000000000001,0.3483,0.222243979,0.013499999999999956,0.5951,0.3976,5.0,1.0,6319.0,2.2292,0.4458,0.0139,14721.0,0.4293,0.2
S13002912,3,2017.0,83.03999999999999,0.3483,0.222243979,0.013499999999999956,0.5951,0.3976,7.0,4.0,7790.0,3.1716,0.4531,0.0139,14721.0,0.5292,0.5714
S13002912,0,2017.0,11.360000000000001,0.3483,0.222243979,0.013499999999999956,0.5951,0.3976,5.0,1.0,6319.0,2.2292,0.4458,0.0139,14721.0,0.4293,0.2
S13002912,0,2017.0,11.360000000000001,0.3483,0.222243979,0.013499999999999956,0.5951,0.3976,7.0,4.0,7790.0,3.1716,0.4531,0.0139,14721.0,0.5292,0.5714
S13002912,1,2017.0,9.780000000000001,0.3483,0.222243979,0.013499999999999956,0.5951,0.3976,7.0,4.0,7790.0,3.1716,0.4531,0.0139,14721.0,0.5292,0.5714
S13002912,3,2017.0,83.03999999999999,0.3483,0.222243979,0.013499999999999956,0.5951,0.3976,5.0,1.0,6319.0,2.2292,0.4458,0.0139,14721.0,0.4293,0.2
S13002912,2,2022.0,58.32,0.3483,0.222243979,0.013499999999999956,0.5951,0.3976,5.0,1.0,6319.0,2.2292,0.4458,0.0139,16364.0,0.3862,0.2
S13002912,1,2022.0,7.449999999999999,0.3483,0.222243979,0.013499999999999956,0.5951,0.3976,7.0,4.0,7790.0,3.1716,0.4531,0.0139,16364.0,0.476,0.5714
S13002912,2,2022.0,58.32,0.3483,0.222243979,0.013499999999999956,0.5951,0.3976,7.0,4.0,7790.0,3.1716,0.4531,0.0139,16364.0,0.476,0.5714
S13002912,1,2022.0,7.449999999999999,0.3483,0.222243979,0.013499999999999956,0.5951,0.3976,5.0,1.0,6319.0,2.2292,0.4458,0.0139,16364.0,0.3862,0.2
S13002912,3,2022.0,80.33,0.3483,0.222243979,0.013499999999999956,0.5951,0.3976,5.0,1.0,6319.0,2.2292,0.4458,0.0139,16364.0,0.3862,0.2
S13002912,0,2022.0,9.95,0.3483,0.222243979,0.013499999999999956,0.5951,0.3976,7.0,4.0,7790.0,3.1716,0.4531,0.0139,16364.0,0.476,0.5714
S13002912,0,2022.0,9.95,0.3483,0.222243979,0.013499999999999956,0.5951,0.3976,5.0,1.0,6319.0,2.2292,0.4458,0.0139,16364.0,0.3862,0.2
S13002912,3,2022.0,80.33,0.3483,0.222243979,0.013499999999999956,0.5951,0.3976,7.0,4.0,7790.0,3.1716,0.4531,0.0139,16364.0,0.476,0.5714
S13002913,1,2022.0,3.9,0.3463,0.217076884,0.014900000000000024,0.6196,0.4029,6.0,3.0,6141.0,2.9798,0.4966,0.0147,12519.0,0.4905,0.5
S13002913,0,2017.0,13.88,0.3463,0.217076884,0.014900000000000024,0.6196,0.4029,6.0,3.0,6141.0,2.9798,0.4966,0.0147,11530.0,0.5326,0.5
S13002913,1,2017.0,11.280000000000001,0.3463,0.217076884,0.014900000000000024,0.6196,0.4029,6.0,3.0,6141.0,2.9798,0.4966,0.0147,11530.0,0.5326,0.5
S13002913,2,2017.0,56.46,0.3463,0.217076884,0.014900000000000024,0.6196,0.4029,6.0,3.0,6141.0,2.9798,0.4966,0.0147,11530.0,0.5326,0.5
S13002913,2,2022.0,52.04,0.3463,0.217076884,0.014900000000000024,0.6196,0.4029,6.0,3.0,6141.0,2.9798,0.4966,0.0147,12519.0,0.4905,0.5
S13002913,3,2022.0,82.63,0.3463,0.217076884,0.014900000000000024,0.6196,0.4029,6.0,3.0,6141.0,2.9798,0.4966,0.0147,12519.0,0.4905,0.5
S13002913,3,2017.0,78.78,0.3463,0.217076884,0.014900000000000024,0.6196,0.4029,6.0,3.0,6141.0,2.9798,0.4966,0.0147,11530.0,0.5326,0.5
S13002913,0,2022.0,3.9,0.3463,0.217076884,0.014900000000000024,0.6196,0.4029,6.0,3.0,6141.0,2.9798,0.4966,0.0147,12519.0,0.4905,0.5
S13002914,0,2022.0,20.95,0.4795,0.203904217,0.01880000000000004,0.5419,0.2861,8.0,4.0,7073.0,3.3928,0.4241,0.0187,14297.0,0.4947,0.5
S13002914,0,2022.0,20.95,0.4795,0.203904217,0.01880000000000004,0.5419,0.2861,8.0,4.0,6733.0,3.4193,0.4274,0.0187,14297.0,0.4709,0.5
S13002914,1,2022.0,8.86,0.4795,0.203904217,0.01880000000000004,0.5419,0.2861,8.0,4.0,7073.0,3.3928,0.4241,0.0187,14297.0,0.4947,0.5
S13002914,1,2022.0,8.86,0.4795,0.203904217,0.01880000000000004,0.5419,0.2861,8.0,4.0,6733.0,3.4193,0.4274,0.0187,14297.0,0.4709,0.5
S13002914,2,2022.0,79.65,0.4795,0.203904217,0.01880000000000004,0.5419,0.2861,8.0,4.0,7073.0,3.3928,0.4241,0.0187,14297.0,0.4947,0.5
S13002914,2,2022.0,79.65,0.4795,0.203904217,0.01880000000000004,0.5419,0.2861,8.0,4.0,6733.0,3.4193,0.4274,0.0187,14297.0,0.4709,0.5
S13002914,3,2022.0,95.79,0.4795,0.203904217,0.01880000000000004,0.5419,0.2861,8.0,4.0,6733.0,3.4193,0.4274,0.0187,14297.0,0.4709,0.5
S13002914,0,2017.0,6.460000000000001,0.4795,0.203904217,0.01880000000000004,0.5419,0.2861,8.0,4.0,7073.0,3.3928,0.4241,0.0187,15368.0,0.4602,0.5
S13002914,0,2017.0,6.460000000000001,0.4795,0.203904217,0.01880000000000004,0.5419,0.2861,8.0,4.0,6733.0,3.4193,0.4274,0.0187,15368.0,0.4381,0.5
S13002914,1,2017.0,3.5500000000000003,0.4795,0.203904217,0.01880000000000004,0.5419,0.2861,8.0,4.0,7073.0,3.3928,0.4241,0.0187,15368.0,0.4602,0.5
S13002914,1,2017.0,3.5500000000000003,0.4795,0.203904217,0.01880000000000004,0.5419,0.2861,8.0,4.0,6733.0,3.4193,0.4274,0.0187,15368.0,0.4381,0.5
S13002914,2,2017.0,58.769999999999996,0.4795,0.203904217,0.01880000000000004,0.5419,0.2861,8.0,4.0,7073.0,3.3928,0.4241,0.0187,15368.0,0.4602,0.5
S13002914,2,2017.0,58.769999999999996,0.4795,0.203904217,0.01880000000000004,0.5419,0.2861,8.0,4.0,6733.0,3.4193,0.4274,0.0187,15368.0,0.4381,0.5
S13002914,3,2017.0,86.02,0.4795,0.203904217,0.01880000000000004,0.5419,0.2861,8.0,4.0,7073.0,3.3928,0.4241,0.0187,15368.0,0.4602,0.5
S13002914,3,2017.0,86.02,0.4795,0.203904217,0.01880000000000004,0.5419,0.2861,8.0,4.0,6733.0,3.4193,0.4274,0.0187,15368.0,0.4381,0.5
S13002914,3,2022.0,95.79,0.4795,0.203904217,0.01880000000000004,0.5419,0.2861,8.0,4.0,7073.0,3.3928,0.4241,0.0187,14297.0,0.4947,0.5
S13002915,1,2017.0,0.0,0.4476,0.20116112,0.01770000000000005,0.6412,0.4289,9.0,3.0,6055.0,3.0495,0.3388,0.0164,12941.0,0.4679,0.3333
S13002915,3,2022.0,0.0,0.4476,0.20116112,0.01770000000000005,0.6412,0.4289,9.0,3.0,6055.0,3.0495,0.3388,0.0164,12237.0,0.4948,0.3333
S13002915,0,2022.0,0.0,0.4476,0.20116112,0.01770000000000005,0.6412,0.4289,8.0,3.0,6034.0,2.8571,0.3571,0.0164,12237.0,0.4931,0.375
S13002915,1,2022.0,0.0,0.4476,0.20116112,0.01770000000000005,0.6412,0.4289,9.0,3.0,6055.0,3.0495,0.3388,0.0164,12237.0,0.4948,0.3333
S13002915,1,2022.0,0.0,0.4476,0.20116112,0.01770000000000005,0.6412,0.4289,8.0,3.0,6034.0,2.8571,0.3571,0.0164,12237.0,0.4931,0.375
S13002915,2,2022.0,0.0,0.4476,0.20116112,0.01770000000000005,0.6412,0.4289,9.0,3.0,6055.0,3.0495,0.3388,0.0164,12237.0,0.4948,0.3333
S13002915,2,2022.0,0.0,0.4476,0.20116112,0.01770000000000005,0.6412,0.4289,8.0,3.0,6034.0,2.8571,0.3571,0.0164,12237.0,0.4931,0.375
S13002915,1,2017.0,0.0,0.4476,0.20116112,0.01770000000000005,0.6412,0.4289,8.0,3.0,6034.0,2.8571,0.3571,0.0164,12941.0,0.4663,0.375
S13002915,3,2022.0,0.0,0.4476,0.20116112,0.01770000000000005,0.6412,0.4289,8.0,3.0,6034.0,2.8571,0.3571,0.0164,12237.0,0.4931,0.375
S13002915,0,2017.0,0.0,0.4476,0.20116112,0.01770000000000005,0.6412,0.4289,8.0,3.0,6034.0,2.8571,0.3571,0.0164,12941.0,0.4663,0.375
S13002915,0,2017.0,0.0,0.4476,0.20116112,0.01770000000000005,0.6412,0.4289,9.0,3.0,6055.0,3.0495,0.3388,0.0164,12941.0,0.4679,0.3333
S13002915,0,2022.0,0.0,0.4476,0.20116112,0.01770000000000005,0.6412,0.4289,9.0,3.0,6055.0,3.0495,0.3388,0.0164,12237.0,0.4948,0.3333
S13002915,2,2017.0,0.0,0.4476,0.20116112,0.01770000000000005,0.6412,0.4289,9.0,3.0,6055.0,3.0495,0.3388,0.0164,12941.0,0.4679,0.3333
S13002915,2,2017.0,0.0,0.4476,0.20116112,0.01770000000000005,0.6412,0.4289,8.0,3.0,6034.0,2.8571,0.3571,0.0164,12941.0,0.4663,0.375
S13002915,3,2017.0,0.0,0.4476,0.20116112,0.01770000000000005,0.6412,0.4289,8.0,3.0,6034.0,2.8571,0.3571,0.0164,12941.0,0.4663,0.375
S13002915,3,2017.0,0.0,0.4476,0.20116112,0.01770000000000005,0.6412,0.4289,9.0,3.0,6055.0,3.0495,0.3388,0.0164,12941.0,0.4679,0.3333
S13002916,2,2022.0,51.21,0.492,0.26034139,0.01639999999999997,0.657,0.4903,7.0,3.0,7233.0,2.9822,0.426,0.0119,12664.0,0.5711,0.4286
S13002916,1,2022.0,1.9700000000000002,0.492,0.26034139,0.01639999999999997,0.657,0.4903,7.0,3.0,7233.0,2.9822,0.426,0.0119,12664.0,0.5711,0.4286
S13002916,3,2022.0,77.55,0.492,0.26034139,0.01639999999999997,0.657,0.4903,9.0,3.0,7595.0,3.3692,0.3744,0.0119,12664.0,0.5997,0.3333
S13002916,3,2022.0,77.55,0.492,0.26034139,0.01639999999999997,0.657,0.4903,7.0,3.0,7233.0,2.9822,0.426,0.0119,12664.0,0.5711,0.4286
S13002916,1,2022.0,1.9700000000000002,0.492,0.26034139,0.01639999999999997,0.657,0.4903,9.0,3.0,7595.0,3.3692,0.3744,0.0119,12664.0,0.5997,0.3333
S13002916,2,2022.0,51.21,0.492,0.26034139,0.01639999999999997,0.657,0.4903,9.0,3.0,7595.0,3.3692,0.3744,0.0119,12664.0,0.5997,0.3333
S13002916,0,2017.0,20.72,0.492,0.26034139,0.01639999999999997,0.657,0.4903,9.0,3.0,7595.0,3.3692,0.3744,0.0119,13109.0,0.5794,0.3333
S13002916,1,2017.0,8.57,0.492,0.26034139,0.01639999999999997,0.657,0.4903,9.0,3.0,7595.0,3.3692,0.3744,0.0119,13109.0,0.5794,0.3333
S13002916,2,2017.0,47.45,0.492,0.26034139,0.01639999999999997,0.657,0.4903,9.0,3.0,7595.0,3.3692,0.3744,0.0119,13109.0,0.5794,0.3333
S13002916,2,2017.0,47.45,0.492,0.26034139,0.01639999999999997,0.657,0.4903,7.0,3.0,7233.0,2.9822,0.426,0.0119,13109.0,0.5518,0.4286
S13002916,3,2017.0,78.22999999999999,0.492,0.26034139,0.01639999999999997,0.657,0.4903,9.0,3.0,7595.0,3.3692,0.3744,0.0119,13109.0,0.5794,0.3333
S13002916,3,2017.0,78.22999999999999,0.492,0.26034139,0.01639999999999997,0.657,0.4903,7.0,3.0,7233.0,2.9822,0.426,0.0119,13109.0,0.5518,0.4286
S13002916,0,2022.0,1.9700000000000002,0.492,0.26034139,0.01639999999999997,0.657,0.4903,7.0,3.0,7233.0,2.9822,0.426,0.0119,12664.0,0.5711,0.4286
S13002916,0,2022.0,1.9700000000000002,0.492,0.26034139,0.01639999999999997,0.657,0.4903,9.0,3.0,7595.0,3.3692,0.3744,0.0119,12664.0,0.5997,0.3333
S13002916,0,2017.0,20.72,0.492,0.26034139,0.01639999999999997,0.657,0.4903,7.0,3.0,7233.0,2.9822,0.426,0.0119,13109.0,0.5518,0.4286
S13002916,1,2017.0,8.57,0.492,0.26034139,0.01639999999999997,0.657,0.4903,7.0,3.0,7233.0,2.9822,0.426,0.0119,13109.0,0.5518,0.4286
S13002917,2,2017.0,44.84,0.4558,0.212807834,0.025699999999999945,0.6644,0.5057,11.0,4.0,10203.0,3.993,0.363,0.0106,16945.0,0.6021,0.3636
S13002917,0,2017.0,18.52,0.4558,0.212807834,0.025699999999999945,0.6644,0.5057,10.0,4.0,9812.0,3.6596,0.366,0.0106,16945.0,0.579,0.4
S13002917,3,2017.0,87.69999999999999,0.4558,0.212807834,0.025699999999999945,0.6644,0.5057,10.0,4.0,9812.0,3.6596,0.366,0.0106,16945.0,0.579,0.4
S13002917,3,2022.0,72.3,0.4558,0.212807834,0.025699999999999945,0.6644,0.5057,10.0,4.0,9812.0,3.6596,0.366,0.0106,16199.0,0.6057,0.4
S13002917,3,2022.0,72.3,0.4558,0.212807834,0.025699999999999945,0.6644,0.5057,11.0,4.0,10203.0,3.993,0.363,0.0106,16199.0,0.6299,0.3636
S13002917,2,2022.0,38.84,0.4558,0.212807834,0.025699999999999945,0.6644,0.5057,10.0,4.0,9812.0,3.6596,0.366,0.0106,16199.0,0.6057,0.4
S13002917,2,2022.0,38.84,0.4558,0.212807834,0.025699999999999945,0.6644,0.5057,11.0,4.0,10203.0,3.993,0.363,0.0106,16199.0,0.6299,0.3636
S13002917,1,2022.0,3.75,0.4558,0.212807834,0.025699999999999945,0.6644,0.5057,10.0,4.0,9812.0,3.6596,0.366,0.0106,16199.0,0.6057,0.4
S13002917,0,2017.0,18.52,0.4558,0.212807834,0.025699999999999945,0.6644,0.5057,11.0,4.0,10203.0,3.993,0.363,0.0106,16945.0,0.6021,0.3636
S13002917,1,2022.0,3.75,0.4558,0.212807834,0.025699999999999945,0.6644,0.5057,11.0,4.0,10203.0,3.993,0.363,0.0106,16199.0,0.6299,0.3636
S13002917,0,2022.0,5.3,0.4558,0.212807834,0.025699999999999945,0.6644,0.5057,11.0,4.0,10203.0,3.993,0.363,0.0106,16199.0,0.6299,0.3636
S13002917,3,2017.0,87.69999999999999,0.4558,0.212807834,0.025699999999999945,0.6644,0.5057,11.0,4.0,10203.0,3.993,0.363,0.0106,16945.0,0.6021,0.3636
S13002917,2,2017.0,44.84,0.4558,0.212807834,0.025699999999999945,0.6644,0.5057,10.0,4.0,9812.0,3.6596,0.366,0.0106,16945.0,0.579,0.4
S13002917,1,2017.0,5.61,0.4558,0.212807834,0.025699999999999945,0.6644,0.5057,10.0,4.0,9812.0,3.6596,0.366,0.0106,16945.0,0.579,0.4
S13002917,1,2017.0,5.61,0.4558,0.212807834,0.025699999999999945,0.6644,0.5057,11.0,4.0,10203.0,3.993,0.363,0.0106,16945.0,0.6021,0.3636
S13002917,0,2022.0,5.3,0.4558,0.212807834,0.025699999999999945,0.6644,0.5057,10.0,4.0,9812.0,3.6596,0.366,0.0106,16199.0,0.6057,0.4
S13002918,0,2017.0,1.38,0.4173,0.209827191,0.020499999999999963,0.6849,0.5098,9.0,4.0,9562.0,3.1674,0.3519,0.0131,17368.0,0.5506,0.4444
S13002918,0,2017.0,1.38,0.4173,0.209827191,0.020499999999999963,0.6849,0.5098,8.0,4.0,9773.0,3.3399,0.4175,0.0131,17368.0,0.5627,0.5
S13002918,2,2017.0,46.7,0.4173,0.209827191,0.020499999999999963,0.6849,0.5098,8.0,4.0,9773.0,3.3399,0.4175,0.0131,17368.0,0.5627,0.5
S13002918,0,2022.0,9.76,0.4173,0.209827191,0.020499999999999963,0.6849,0.5098,8.0,4.0,9773.0,3.3399,0.4175,0.0131,18113.0,0.5396,0.5
S13002918,1,2017.0,1.38,0.4173,0.209827191,0.020499999999999963,0.6849,0.5098,8.0,4.0,9773.0,3.3399,0.4175,0.0131,17368.0,0.5627,0.5
S13002918,1,2017.0,1.38,0.4173,0.209827191,0.020499999999999963,0.6849,0.5098,9.0,4.0,9562.0,3.1674,0.3519,0.0131,17368.0,0.5506,0.4444
S13002918,3,2017.0,71.73,0.4173,0.209827191,0.020499999999999963,0.6849,0.5098,8.0,4.0,9773.0,3.3399,0.4175,0.0131,17368.0,0.5627,0.5
S13002918,2,2017.0,46.7,0.4173,0.209827191,0.020499999999999963,0.6849,0.5098,9.0,4.0,9562.0,3.1674,0.3519,0.0131,17368.0,0.5506,0.4444
S13002918,3,2022.0,96.14999999999999,0.4173,0.209827191,0.020499999999999963,0.6849,0.5098,9.0,4.0,9562.0,3.1674,0.3519,0.0131,18113.0,0.5279,0.4444
S13002918,3,2017.0,71.73,0.4173,0.209827191,0.020499999999999963,0.6849,0.5098,9.0,4.0,9562.0,3.1674,0.3519,0.0131,17368.0,0.5506,0.4444
S13002918,2,2022.0,64.55,0.4173,0.209827191,0.020499999999999963,0.6849,0.5098,9.0,4.0,9562.0,3.1674,0.3519,0.0131,18113.0,0.5279,0.4444
S13002918,0,2022.0,9.76,0.4173,0.209827191,0.020499999999999963,0.6849,0.5098,9.0,4.0,9562.0,3.1674,0.3519,0.0131,18113.0,0.5279,0.4444
S13002918,1,2022.0,8.83,0.4173,0.209827191,0.020499999999999963,0.6849,0.5098,8.0,4.0,9773.0,3.3399,0.4175,0.0131,18113.0,0.5396,0.5
S13002918,3,2022.0,96.14999999999999,0.4173,0.209827191,0.020499999999999963,0.6849,0.5098,8.0,4.0,9773.0,3.3399,0.4175,0.0131,18113.0,0.5396,0.5
S13002918,1,2022.0,8.83,0.4173,0.209827191,0.020499999999999963,0.6849,0.5098,9.0,4.0,9562.0,3.1674,0.3519,0.0131,18113.0,0.5279,0.4444
S13002918,2,2022.0,64.55,0.4173,0.209827191,0.020499999999999963,0.6849,0.5098,8.0,4.0,9773.0,3.3399,0.4175,0.0131,18113.0,0.5396,0.5
S13002919,3,2017.0,83.78999999999999,0.3456,0.183773272,0.015000000000000013,0.5883,0.4465,10.0,4.0,14207.0,3.5485,0.3549,0.0154,27598.0,0.5148,0.4
S13002919,1,2017.0,11.28,0.3456,0.183773272,0.015000000000000013,0.5883,0.4465,10.0,4.0,14207.0,3.5485,0.3549,0.0154,27598.0,0.5148,0.4
S13002919,0,2017.0,13.639999999999999,0.3456,0.183773272,0.015000000000000013,0.5883,0.4465,10.0,4.0,14207.0,3.5485,0.3549,0.0154,27598.0,0.5148,0.4
S13002919,2,2017.0,67.66,0.3456,0.183773272,0.015000000000000013,0.5883,0.4465,10.0,4.0,14207.0,3.5485,0.3549,0.0154,27598.0,0.5148,0.4
S13002919,0,2022.0,9.18,0.3456,0.183773272,0.015000000000000013,0.5883,0.4465,10.0,4.0,14207.0,3.5485,0.3549,0.0154,27894.0,0.5093,0.4
S13002919,1,2022.0,9.18,0.3456,0.183773272,0.015000000000000013,0.5883,0.4465,10.0,4.0,14207.0,3.5485,0.3549,0.0154,27894.0,0.5093,0.4
S13002919,3,2022.0,95.11,0.3456,0.183773272,0.015000000000000013,0.5883,0.4465,10.0,4.0,14207.0,3.5485,0.3549,0.0154,27894.0,0.5093,0.4
S13002919,2,2022.0,79.35000000000001,0.3456,0.183773272,0.015000000000000013,0.5883,0.4465,10.0,4.0,14207.0,3.5485,0.3549,0.0154,27894.0,0.5093,0.4
S13002920,3,2017.0,96.78,0.3386,0.179428501,0.0024999999999999467,0.5195,0.3993,7.0,4.0,11315.0,3.2399,0.4628,0.0159,26276.0,0.4306,0.5714
S13002920,1,2022.0,6.899999999999999,0.3386,0.179428501,0.0024999999999999467,0.5195,0.3993,7.0,4.0,11315.0,3.2399,0.4628,0.0159,24563.0,0.4607,0.5714
S13002920,0,2022.0,21.99,0.3386,0.179428501,0.0024999999999999467,0.5195,0.3993,7.0,4.0,11315.0,3.2399,0.4628,0.0159,24563.0,0.4607,0.5714
S13002920,0,2017.0,0.41,0.3386,0.179428501,0.0024999999999999467,0.5195,0.3993,7.0,4.0,11315.0,3.2399,0.4628,0.0159,26276.0,0.4306,0.5714
S13002920,1,2017.0,0.41,0.3386,0.179428501,0.0024999999999999467,0.5195,0.3993,7.0,4.0,11315.0,3.2399,0.4628,0.0159,26276.0,0.4306,0.5714
S13002920,2,2017.0,68.93,0.3386,0.179428501,0.0024999999999999467,0.5195,0.3993,7.0,4.0,11315.0,3.2399,0.4628,0.0159,26276.0,0.4306,0.5714
S13002920,2,2022.0,71.27,0.3386,0.179428501,0.0024999999999999467,0.5195,0.3993,7.0,4.0,11315.0,3.2399,0.4628,0.0159,24563.0,0.4607,0.5714
S13002920,3,2022.0,95.7,0.3386,0.179428501,0.0024999999999999467,0.5195,0.3993,7.0,4.0,11315.0,3.2399,0.4628,0.0159,24563.0,0.4607,0.5714
S13002921,0,2022.0,8.02,0.32,0.182798883,0.01770000000000005,0.5547,0.4069,5.0,3.0,9474.0,2.8121,0.5624,0.0144,18917.0,0.5008,0.6
S13002921,0,2017.0,1.57,0.32,0.182798883,0.01770000000000005,0.5547,0.4069,5.0,3.0,9474.0,2.8121,0.5624,0.0144,19091.0,0.4963,0.6
S13002921,1,2017.0,1.57,0.32,0.182798883,0.01770000000000005,0.5547,0.4069,5.0,3.0,9474.0,2.8121,0.5624,0.0144,19091.0,0.4963,0.6
S13002921,2,2017.0,60.34,0.32,0.182798883,0.01770000000000005,0.5547,0.4069,5.0,3.0,9474.0,2.8121,0.5624,0.0144,19091.0,0.4963,0.6
S13002921,3,2017.0,88.92,0.32,0.182798883,0.01770000000000005,0.5547,0.4069,5.0,3.0,9474.0,2.8121,0.5624,0.0144,19091.0,0.4963,0.6
S13002921,1,2022.0,3.2,0.32,0.182798883,0.01770000000000005,0.5547,0.4069,5.0,3.0,9474.0,2.8121,0.5624,0.0144,18917.0,0.5008,0.6
S13002921,2,2022.0,66.14,0.32,0.182798883,0.01770000000000005,0.5547,0.4069,5.0,3.0,9474.0,2.8121,0.5624,0.0144,18917.0,0.5008,0.6
S13002921,3,2022.0,92.91,0.32,0.182798883,0.01770000000000005,0.5547,0.4069,5.0,3.0,9474.0,2.8121,0.5624,0.0144,18917.0,0.5008,0.6
S13002922,3,2022.0,92.36999999999999,0.3093,0.141309777,0.014800000000000035,0.439,0.4525,8.0,4.0,10399.0,3.5851,0.4481,0.0216,25073.0,0.4147,0.5
S13002922,2,2022.0,56.74,0.3093,0.141309777,0.014800000000000035,0.439,0.4525,8.0,4.0,10399.0,3.5851,0.4481,0.0216,25073.0,0.4147,0.5
S13002922,1,2022.0,4.3,0.3093,0.141309777,0.014800000000000035,0.439,0.4525,8.0,4.0,10399.0,3.5851,0.4481,0.0216,25073.0,0.4147,0.5
S13002922,0,2017.0,18.759999999999998,0.3093,0.141309777,0.014800000000000035,0.439,0.4525,8.0,4.0,10399.0,3.5851,0.4481,0.0216,25241.0,0.412,0.5
S13002922,0,2022.0,17.97,0.3093,0.141309777,0.014800000000000035,0.439,0.4525,8.0,4.0,10399.0,3.5851,0.4481,0.0216,25073.0,0.4147,0.5
S13002922,2,2017.0,61.5,0.3093,0.141309777,0.014800000000000035,0.439,0.4525,8.0,4.0,10399.0,3.5851,0.4481,0.0216,25241.0,0.412,0.5
S13002922,3,2017.0,93.04,0.3093,0.141309777,0.014800000000000035,0.439,0.4525,8.0,4.0,10399.0,3.5851,0.4481,0.0216,25241.0,0.412,0.5
S13002922,1,2017.0,7.109999999999999,0.3093,0.141309777,0.014800000000000035,0.439,0.4525,8.0,4.0,10399.0,3.5851,0.4481,0.0216,25241.0,0.412,0.5
S13002923,3,2022.0,93.64,0.3202,0.199097408,0.026599999999999957,0.5043,0.6186,8.0,4.0,13567.0,3.4021,0.4253,0.0137,24480.0,0.5542,0.5
S13002923,0,2017.0,17.11,0.3202,0.199097408,0.026599999999999957,0.5043,0.6186,8.0,4.0,13567.0,3.4021,0.4253,0.0137,28923.0,0.4691,0.5
S13002923,3,2017.0,93.14,0.3202,0.199097408,0.026599999999999957,0.5043,0.6186,8.0,4.0,13567.0,3.4021,0.4253,0.0137,28923.0,0.4691,0.5
S13002923,0,2022.0,17.94,0.3202,0.199097408,0.026599999999999957,0.5043,0.6186,8.0,4.0,13567.0,3.4021,0.4253,0.0137,24480.0,0.5542,0.5
S13002923,1,2022.0,4.8,0.3202,0.199097408,0.026599999999999957,0.5043,0.6186,8.0,4.0,13567.0,3.4021,0.4253,0.0137,24480.0,0.5542,0.5
S13002923,2,2022.0,56.599999999999994,0.3202,0.199097408,0.026599999999999957,0.5043,0.6186,8.0,4.0,13567.0,3.4021,0.4253,0.0137,24480.0,0.5542,0.5
S13002923,2,2017.0,55.34,0.3202,0.199097408,0.026599999999999957,0.5043,0.6186,8.0,4.0,13567.0,3.4021,0.4253,0.0137,28923.0,0.4691,0.5
S13002923,1,2017.0,3.94,0.3202,0.199097408,0.026599999999999957,0.5043,0.6186,8.0,4.0,13567.0,3.4021,0.4253,0.0137,28923.0,0.4691,0.5
S13002924,3,2022.0,78.56,0.3661,0.250074783,0.02290000000000003,0.6024,0.5348,7.0,3.0,11429.0,3.0575,0.4368,0.0124,19492.0,0.5863,0.4286
S13002924,0,2017.0,9.829999999999998,0.3661,0.250074783,0.02290000000000003,0.6024,0.5348,7.0,3.0,11429.0,3.0575,0.4368,0.0124,20142.0,0.5674,0.4286
S13002924,1,2017.0,5.52,0.3661,0.250074783,0.02290000000000003,0.6024,0.5348,7.0,3.0,11429.0,3.0575,0.4368,0.0124,20142.0,0.5674,0.4286
S13002924,2,2017.0,64.06,0.3661,0.250074783,0.02290000000000003,0.6024,0.5348,7.0,3.0,11429.0,3.0575,0.4368,0.0124,20142.0,0.5674,0.4286
S13002924,3,2017.0,85.25,0.3661,0.250074783,0.02290000000000003,0.6024,0.5348,7.0,3.0,11429.0,3.0575,0.4368,0.0124,20142.0,0.5674,0.4286
S13002924,2,2022.0,49.8,0.3661,0.250074783,0.02290000000000003,0.6024,0.5348,7.0,3.0,11429.0,3.0575,0.4368,0.0124,19492.0,0.5863,0.4286
S13002924,1,2022.0,6.449999999999999,0.3661,0.250074783,0.02290000000000003,0.6024,0.5348,7.0,3.0,11429.0,3.0575,0.4368,0.0124,19492.0,0.5863,0.4286
S13002924,0,2022.0,6.449999999999999,0.3661,0.250074783,0.02290000000000003,0.6024,0.5348,7.0,3.0,11429.0,3.0575,0.4368,0.0124,19492.0,0.5863,0.4286
S13002925,3,2022.0,86.98,0.2753,0.114588053,-0.01629999999999998,0.332,0.4137,9.0,4.0,8493.0,3.7919,0.4213,0.0203,23459.0,0.362,0.4444
S13002925,2,2022.0,59.2,0.2753,0.114588053,-0.01629999999999998,0.332,0.4137,9.0,4.0,8493.0,3.7919,0.4213,0.0203,23459.0,0.362,0.4444
S13002925,0,2022.0,18.919999999999998,0.2753,0.114588053,-0.01629999999999998,0.332,0.4137,9.0,4.0,8493.0,3.7919,0.4213,0.0203,23459.0,0.362,0.4444
S13002925,1,2022.0,6.14,0.2753,0.114588053,-0.01629999999999998,0.332,0.4137,9.0,4.0,8493.0,3.7919,0.4213,0.0203,23459.0,0.362,0.4444
S13002925,0,2017.0,11.81,0.2753,0.114588053,-0.01629999999999998,0.332,0.4137,9.0,4.0,8493.0,3.7919,0.4213,0.0203,28824.0,0.2947,0.4444
S13002925,3,2017.0,92.99000000000001,0.2753,0.114588053,-0.01629999999999998,0.332,0.4137,9.0,4.0,8493.0,3.7919,0.4213,0.0203,28824.0,0.2947,0.4444
S13002925,2,2017.0,49.309999999999995,0.2753,0.114588053,-0.01629999999999998,0.332,0.4137,9.0,4.0,8493.0,3.7919,0.4213,0.0203,28824.0,0.2947,0.4444
S13002925,1,2017.0,3.0500000000000003,0.2753,0.114588053,-0.01629999999999998,0.332,0.4137,9.0,4.0,8493.0,3.7919,0.4213,0.0203,28824.0,0.2947,0.4444
S13002926,3,2022.0,86.69,0.3674,0.216364231,0.005299999999999971,0.6142,0.5108,6.0,3.0,11379.0,3.0841,0.514,0.0128,19611.0,0.5802,0.5
S13002926,2,2022.0,53.7,0.3674,0.216364231,0.005299999999999971,0.6142,0.5108,6.0,3.0,11379.0,3.0841,0.514,0.0128,19611.0,0.5802,0.5
S13002926,1,2022.0,6.6899999999999995,0.3674,0.216364231,0.005299999999999971,0.6142,0.5108,6.0,3.0,11379.0,3.0841,0.514,0.0128,19611.0,0.5802,0.5
S13002926,1,2017.0,2.16,0.3674,0.216364231,0.005299999999999971,0.6142,0.5108,6.0,3.0,11379.0,3.0841,0.514,0.0128,20408.0,0.5576,0.5
S13002926,0,2017.0,19.84,0.3674,0.216364231,0.005299999999999971,0.6142,0.5108,6.0,3.0,11379.0,3.0841,0.514,0.0128,20408.0,0.5576,0.5
S13002926,0,2022.0,21.81,0.3674,0.216364231,0.005299999999999971,0.6142,0.5108,6.0,3.0,11379.0,3.0841,0.514,0.0128,19611.0,0.5802,0.5
S13002926,2,2017.0,53.84,0.3674,0.216364231,0.005299999999999971,0.6142,0.5108,6.0,3.0,11379.0,3.0841,0.514,0.0128,20408.0,0.5576,0.5
S13002926,3,2017.0,88.31,0.3674,0.216364231,0.005299999999999971,0.6142,0.5108,6.0,3.0,11379.0,3.0841,0.514,0.0128,20408.0,0.5576,0.5
S13002927,2,2017.0,59.4,0.2781,0.15285959,0.012900000000000023,0.3771,0.5571,6.0,3.0,9146.0,3.0868,0.5145,0.0141,20574.0,0.4445,0.5
S13002927,0,2017.0,19.84,0.2781,0.15285959,0.012900000000000023,0.3771,0.5571,6.0,3.0,9146.0,3.0868,0.5145,0.0141,20574.0,0.4445,0.5
S13002927,1,2017.0,6.35,0.2781,0.15285959,0.012900000000000023,0.3771,0.5571,6.0,3.0,9146.0,3.0868,0.5145,0.0141,20574.0,0.4445,0.5
S13002927,1,2022.0,3.78,0.2781,0.15285959,0.012900000000000023,0.3771,0.5571,6.0,3.0,9146.0,3.0868,0.5145,0.0141,18338.0,0.4987,0.5
S13002927,3,2017.0,90.44,0.2781,0.15285959,0.012900000000000023,0.3771,0.5571,6.0,3.0,9146.0,3.0868,0.5145,0.0141,20574.0,0.4445,0.5
S13002927,2,2022.0,49.010000000000005,0.2781,0.15285959,0.012900000000000023,0.3771,0.5571,6.0,3.0,9146.0,3.0868,0.5145,0.0141,18338.0,0.4987,0.5
S13002927,3,2022.0,81.83000000000001,0.2781,0.15285959,0.012900000000000023,0.3771,0.5571,6.0,3.0,9146.0,3.0868,0.5145,0.0141,18338.0,0.4987,0.5
S13002927,0,2022.0,10.709999999999999,0.2781,0.15285959,0.012900000000000023,0.3771,0.5571,6.0,3.0,9146.0,3.0868,0.5145,0.0141,18338.0,0.4987,0.5
S13002928,3,2022.0,93.99,0.2772,0.161400885,0.03639999999999999,0.4238,0.659,6.0,4.0,13579.0,3.3393,0.5565,0.0116,24635.0,0.5512,0.6667
S13002928,2,2017.0,41.53,0.2772,0.161400885,0.03639999999999999,0.4238,0.659,6.0,4.0,13579.0,3.3393,0.5565,0.0116,28470.0,0.477,0.6667
S13002928,3,2017.0,89.2,0.2772,0.161400885,0.03639999999999999,0.4238,0.659,6.0,4.0,13579.0,3.3393,0.5565,0.0116,28470.0,0.477,0.6667
S13002928,0,2022.0,17.700000000000003,0.2772,0.161400885,0.03639999999999999,0.4238,0.659,6.0,4.0,13579.0,3.3393,0.5565,0.0116,24635.0,0.5512,0.6667
S13002928,1,2022.0,2.2800000000000002,0.2772,0.161400885,0.03639999999999999,0.4238,0.659,6.0,4.0,13579.0,3.3393,0.5565,0.0116,24635.0,0.5512,0.6667
S13002928,2,2022.0,65.52,0.2772,0.161400885,0.03639999999999999,0.4238,0.659,6.0,4.0,13579.0,3.3393,0.5565,0.0116,24635.0,0.5512,0.6667
S13002928,1,2017.0,3.55,0.2772,0.161400885,0.03639999999999999,0.4238,0.659,6.0,4.0,13579.0,3.3393,0.5565,0.0116,28470.0,0.477,0.6667
S13002928,0,2017.0,9.04,0.2772,0.161400885,0.03639999999999999,0.4238,0.659,6.0,4.0,13579.0,3.3393,0.5565,0.0116,28470.0,0.477,0.6667
S13002929,1,2017.0,6.33,0.2401,0.102005679,0.016800000000000037,0.2331,0.5805,6.0,4.0,8886.0,3.2192,0.5365,0.0157,29358.0,0.3027,0.6667
S13002929,1,2022.0,4.73,0.2401,0.102005679,0.016800000000000037,0.2331,0.5805,6.0,4.0,8886.0,3.2192,0.5365,0.0157,22752.0,0.3906,0.6667
S13002929,2,2022.0,54.57,0.2401,0.102005679,0.016800000000000037,0.2331,0.5805,6.0,4.0,8886.0,3.2192,0.5365,0.0157,22752.0,0.3906,0.6667
S13002929,3,2022.0,90.05,0.2401,0.102005679,0.016800000000000037,0.2331,0.5805,6.0,4.0,8886.0,3.2192,0.5365,0.0157,22752.0,0.3906,0.6667
S13002929,3,2017.0,96.12,0.2401,0.102005679,0.016800000000000037,0.2331,0.5805,6.0,4.0,8886.0,3.2192,0.5365,0.0157,29358.0,0.3027,0.6667
S13002929,2,2017.0,78.27,0.2401,0.102005679,0.016800000000000037,0.2331,0.5805,6.0,4.0,8886.0,3.2192,0.5365,0.0157,29358.0,0.3027,0.6667
S13002929,0,2017.0,12.69,0.2401,0.102005679,0.016800000000000037,0.2331,0.5805,6.0,4.0,8886.0,3.2192,0.5365,0.0157,29358.0,0.3027,0.6667
S13002929,0,2022.0,13.43,0.2401,0.102005679,0.016800000000000037,0.2331,0.5805,6.0,4.0,8886.0,3.2192,0.5365,0.0157,22752.0,0.3906,0.6667
S13002930,0,2022.0,17.11,0.2344,0.092635577,0.013900000000000023,0.2567,0.5957,10.0,4.0,10649.0,4.4022,0.4402,0.0179,26418.0,0.4031,0.4
S13002930,3,2017.0,88.41,0.2344,0.092635577,0.013900000000000023,0.2567,0.5957,10.0,4.0,10649.0,4.4022,0.4402,0.0179,30096.0,0.3538,0.4
S13002930,2,2017.0,52.57000000000001,0.2344,0.092635577,0.013900000000000023,0.2567,0.5957,11.0,1.0,7267.0,3.0201,0.2746,0.0179,30096.0,0.2415,0.0909
S13002930,2,2017.0,52.57000000000001,0.2344,0.092635577,0.013900000000000023,0.2567,0.5957,10.0,4.0,10649.0,4.4022,0.4402,0.0179,30096.0,0.3538,0.4
S13002930,1,2017.0,4.77,0.2344,0.092635577,0.013900000000000023,0.2567,0.5957,11.0,1.0,7267.0,3.0201,0.2746,0.0179,30096.0,0.2415,0.0909
S13002930,0,2017.0,19.55,0.2344,0.092635577,0.013900000000000023,0.2567,0.5957,11.0,1.0,7267.0,3.0201,0.2746,0.0179,30096.0,0.2415,0.0909
S13002930,0,2017.0,19.55,0.2344,0.092635577,0.013900000000000023,0.2567,0.5957,10.0,4.0,10649.0,4.4022,0.4402,0.0179,30096.0,0.3538,0.4
S13002930,3,2017.0,88.41,0.2344,0.092635577,0.013900000000000023,0.2567,0.5957,11.0,1.0,7267.0,3.0201,0.2746,0.0179,30096.0,0.2415,0.0909
S13002930,1,2017.0,4.77,0.2344,0.092635577,0.013900000000000023,0.2567,0.5957,10.0,4.0,10649.0,4.4022,0.4402,0.0179,30096.0,0.3538,0.4
S13002930,0,2022.0,17.11,0.2344,0.092635577,0.013900000000000023,0.2567,0.5957,11.0,1.0,7267.0,3.0201,0.2746,0.0179,26418.0,0.2751,0.0909
S13002930,1,2022.0,6.84,0.2344,0.092635577,0.013900000000000023,0.2567,0.5957,10.0,4.0,10649.0,4.4022,0.4402,0.0179,26418.0,0.4031,0.4
S13002930,2,2022.0,65.06,0.2344,0.092635577,0.013900000000000023,0.2567,0.5957,10.0,4.0,10649.0,4.4022,0.4402,0.0179,26418.0,0.4031,0.4
S13002930,2,2022.0,65.06,0.2344,0.092635577,0.013900000000000023,0.2567,0.5957,11.0,1.0,7267.0,3.0201,0.2746,0.0179,26418.0,0.2751,0.0909
S13002930,3,2022.0,90.97,0.2344,0.092635577,0.013900000000000023,0.2567,0.5957,10.0,4.0,10649.0,4.4022,0.4402,0.0179,26418.0,0.4031,0.4
S13002930,3,2022.0,90.97,0.2344,0.092635577,0.013900000000000023,0.2567,0.5957,11.0,1.0,7267.0,3.0201,0.2746,0.0179,26418.0,0.2751,0.0909
S13002930,1,2022.0,6.84,0.2344,0.092635577,0.013900000000000023,0.2567,0.5957,11.0,1.0,7267.0,3.0201,0.2746,0.0179,26418.0,0.2751,0.0909
S13002931,0,2017.0,4.52,0.2579,0.115634695,-0.0028000000000000247,0.332,0.542,5.0,3.0,7613.0,3.0846,0.6169,0.0182,19987.0,0.3809,0.6
S13002931,1,2017.0,2.43,0.2579,0.115634695,-0.0028000000000000247,0.332,0.542,5.0,3.0,7613.0,3.0846,0.6169,0.0182,19987.0,0.3809,0.6
S13002931,2,2017.0,58.42,0.2579,0.115634695,-0.0028000000000000247,0.332,0.542,5.0,3.0,7613.0,3.0846,0.6169,0.0182,19987.0,0.3809,0.6
S13002931,3,2017.0,80.06,0.2579,0.115634695,-0.0028000000000000247,0.332,0.542,5.0,3.0,7613.0,3.0846,0.6169,0.0182,19987.0,0.3809,0.6
S13002931,3,2022.0,77.49,0.2579,0.115634695,-0.0028000000000000247,0.332,0.542,5.0,3.0,7613.0,3.0846,0.6169,0.0182,19503.0,0.3904,0.6
S13002931,2,2022.0,58.32,0.2579,0.115634695,-0.0028000000000000247,0.332,0.542,5.0,3.0,7613.0,3.0846,0.6169,0.0182,19503.0,0.3904,0.6
S13002931,1,2022.0,2.55,0.2579,0.115634695,-0.0028000000000000247,0.332,0.542,5.0,3.0,7613.0,3.0846,0.6169,0.0182,19503.0,0.3904,0.6
S13002931,0,2022.0,3.77,0.2579,0.115634695,-0.0028000000000000247,0.332,0.542,5.0,3.0,7613.0,3.0846,0.6169,0.0182,19503.0,0.3904,0.6
S13002932,3,2017.0,95.62,0.3026,0.170429941,0.013599999999999945,0.3994,0.4374,8.0,4.0,10630.0,3.6862,0.4608,0.0174,25694.0,0.4137,0.5
S13002932,0,2017.0,14.98,0.3026,0.170429941,0.013599999999999945,0.3994,0.4374,8.0,4.0,10630.0,3.6862,0.4608,0.0174,25694.0,0.4137,0.5
S13002932,1,2017.0,7.41,0.3026,0.170429941,0.013599999999999945,0.3994,0.4374,8.0,4.0,10630.0,3.6862,0.4608,0.0174,25694.0,0.4137,0.5
S13002932,2,2017.0,64.2,0.3026,0.170429941,0.013599999999999945,0.3994,0.4374,8.0,4.0,10630.0,3.6862,0.4608,0.0174,25694.0,0.4137,0.5
S13002932,0,2022.0,8.25,0.3026,0.170429941,0.013599999999999945,0.3994,0.4374,8.0,4.0,10630.0,3.6862,0.4608,0.0174,23476.0,0.4528,0.5
S13002932,1,2022.0,3.34,0.3026,0.170429941,0.013599999999999945,0.3994,0.4374,8.0,4.0,10630.0,3.6862,0.4608,0.0174,23476.0,0.4528,0.5
S13002932,2,2022.0,60.620000000000005,0.3026,0.170429941,0.013599999999999945,0.3994,0.4374,8.0,4.0,10630.0,3.6862,0.4608,0.0174,23476.0,0.4528,0.5
S13002932,3,2022.0,95.36,0.3026,0.170429941,0.013599999999999945,0.3994,0.4374,8.0,4.0,10630.0,3.6862,0.4608,0.0174,23476.0,0.4528,0.5
S13002933,0,2022.0,8.26,0.2629,0.142782021,0.04630000000000001,0.3113,0.5513,5.0,4.0,11699.0,3.0965,0.6193,0.0099,23607.0,0.4956,0.8
S13002933,2,2022.0,66.28999999999999,0.2629,0.142782021,0.04630000000000001,0.3113,0.5513,5.0,4.0,11699.0,3.0965,0.6193,0.0099,23607.0,0.4956,0.8
S13002933,0,2017.0,0.0,0.2629,0.142782021,0.04630000000000001,0.3113,0.5513,5.0,4.0,11699.0,3.0965,0.6193,0.0099,32084.0,0.3646,0.8
S13002933,3,2017.0,0.0,0.2629,0.142782021,0.04630000000000001,0.3113,0.5513,5.0,4.0,11699.0,3.0965,0.6193,0.0099,32084.0,0.3646,0.8
S13002933,1,2017.0,0.0,0.2629,0.142782021,0.04630000000000001,0.3113,0.5513,5.0,4.0,11699.0,3.0965,0.6193,0.0099,32084.0,0.3646,0.8
S13002933,3,2022.0,89.22,0.2629,0.142782021,0.04630000000000001,0.3113,0.5513,5.0,4.0,11699.0,3.0965,0.6193,0.0099,23607.0,0.4956,0.8
S13002933,1,2022.0,1.9400000000000002,0.2629,0.142782021,0.04630000000000001,0.3113,0.5513,5.0,4.0,11699.0,3.0965,0.6193,0.0099,23607.0,0.4956,0.8
S13002933,2,2017.0,0.0,0.2629,0.142782021,0.04630000000000001,0.3113,0.5513,5.0,4.0,11699.0,3.0965,0.6193,0.0099,32084.0,0.3646,0.8
S13002934,3,2017.0,76.21,0.3326,0.178355277,0.016900000000000026,0.4944,0.3788,7.0,4.0,11731.0,3.3613,0.4802,0.0189,28053.0,0.4182,0.5714
S13002934,0,2022.0,19.439999999999998,0.3326,0.178355277,0.016900000000000026,0.4944,0.3788,7.0,4.0,11731.0,3.3613,0.4802,0.0189,29563.0,0.3968,0.5714
S13002934,0,2017.0,17.65,0.3326,0.178355277,0.016900000000000026,0.4944,0.3788,7.0,4.0,11731.0,3.3613,0.4802,0.0189,28053.0,0.4182,0.5714
S13002934,1,2022.0,7.4399999999999995,0.3326,0.178355277,0.016900000000000026,0.4944,0.3788,7.0,4.0,11731.0,3.3613,0.4802,0.0189,29563.0,0.3968,0.5714
S13002934,3,2022.0,94.02,0.3326,0.178355277,0.016900000000000026,0.4944,0.3788,7.0,4.0,11731.0,3.3613,0.4802,0.0189,29563.0,0.3968,0.5714
S13002934,2,2022.0,68.88,0.3326,0.178355277,0.016900000000000026,0.4944,0.3788,7.0,4.0,11731.0,3.3613,0.4802,0.0189,29563.0,0.3968,0.5714
S13002934,2,2017.0,48.05,0.3326,0.178355277,0.016900000000000026,0.4944,0.3788,7.0,4.0,11731.0,3.3613,0.4802,0.0189,28053.0,0.4182,0.5714
S13002934,1,2017.0,5.91,0.3326,0.178355277,0.016900000000000026,0.4944,0.3788,7.0,4.0,11731.0,3.3613,0.4802,0.0189,28053.0,0.4182,0.5714
S13002935,3,2022.0,88.16,0.3094,0.157332384,0.021299999999999986,0.4796,0.3993,7.0,4.0,10431.0,3.5644,0.5092,0.0177,26395.0,0.3952,0.5714
S13002935,2,2017.0,59.24,0.3094,0.157332384,0.021299999999999986,0.4796,0.3993,7.0,4.0,10431.0,3.5644,0.5092,0.0177,24339.0,0.4286,0.5714
S13002935,1,2017.0,6.23,0.3094,0.157332384,0.021299999999999986,0.4796,0.3993,7.0,4.0,10431.0,3.5644,0.5092,0.0177,24339.0,0.4286,0.5714
S13002935,3,2017.0,95.19999999999999,0.3094,0.157332384,0.021299999999999986,0.4796,0.3993,7.0,4.0,10431.0,3.5644,0.5092,0.0177,24339.0,0.4286,0.5714
S13002935,2,2022.0,65.68,0.3094,0.157332384,0.021299999999999986,0.4796,0.3993,7.0,4.0,10431.0,3.5644,0.5092,0.0177,26395.0,0.3952,0.5714
S13002935,1,2022.0,6.369999999999999,0.3094,0.157332384,0.021299999999999986,0.4796,0.3993,7.0,4.0,10431.0,3.5644,0.5092,0.0177,26395.0,0.3952,0.5714
S13002935,0,2022.0,19.509999999999998,0.3094,0.157332384,0.021299999999999986,0.4796,0.3993,7.0,4.0,10431.0,3.5644,0.5092,0.0177,26395.0,0.3952,0.5714
S13002935,0,2017.0,12.670000000000002,0.3094,0.157332384,0.021299999999999986,0.4796,0.3993,7.0,4.0,10431.0,3.5644,0.5092,0.0177,24339.0,0.4286,0.5714
S13002936,2,2022.0,62.14,0.3739,0.214876571,0.01649999999999996,0.5534,0.2435,6.0,3.0,5399.0,2.9841,0.4973,0.018,12397.0,0.4355,0.5
S13002936,3,2022.0,84.18,0.3739,0.214876571,0.01649999999999996,0.5534,0.2435,6.0,3.0,5399.0,2.9841,0.4973,0.018,12397.0,0.4355,0.5
S13002936,2,2022.0,62.14,0.3739,0.214876571,0.01649999999999996,0.5534,0.2435,6.0,3.0,5574.0,2.801,0.4668,0.018,12397.0,0.4496,0.5
S13002936,1,2022.0,4.96,0.3739,0.214876571,0.01649999999999996,0.5534,0.2435,6.0,3.0,5574.0,2.801,0.4668,0.018,12397.0,0.4496,0.5
S13002936,3,2022.0,84.18,0.3739,0.214876571,0.01649999999999996,0.5534,0.2435,6.0,3.0,5574.0,2.801,0.4668,0.018,12397.0,0.4496,0.5
S13002936,0,2022.0,7.029999999999999,0.3739,0.214876571,0.01649999999999996,0.5534,0.2435,6.0,3.0,5574.0,2.801,0.4668,0.018,12397.0,0.4496,0.5
S13002936,0,2022.0,7.029999999999999,0.3739,0.214876571,0.01649999999999996,0.5534,0.2435,6.0,3.0,5399.0,2.9841,0.4973,0.018,12397.0,0.4355,0.5
S13002936,0,2017.0,1.2,0.3739,0.214876571,0.01649999999999996,0.5534,0.2435,6.0,3.0,5399.0,2.9841,0.4973,0.018,12773.0,0.4227,0.5
S13002936,1,2017.0,1.2,0.3739,0.214876571,0.01649999999999996,0.5534,0.2435,6.0,3.0,5399.0,2.9841,0.4973,0.018,12773.0,0.4227,0.5
S13002936,1,2017.0,1.2,0.3739,0.214876571,0.01649999999999996,0.5534,0.2435,6.0,3.0,5574.0,2.801,0.4668,0.018,12773.0,0.4364,0.5
S13002936,2,2017.0,54.12,0.3739,0.214876571,0.01649999999999996,0.5534,0.2435,6.0,3.0,5399.0,2.9841,0.4973,0.018,12773.0,0.4227,0.5
S13002936,2,2017.0,54.12,0.3739,0.214876571,0.01649999999999996,0.5534,0.2435,6.0,3.0,5574.0,2.801,0.4668,0.018,12773.0,0.4364,0.5
S13002936,3,2017.0,83.46,0.3739,0.214876571,0.01649999999999996,0.5534,0.2435,6.0,3.0,5399.0,2.9841,0.4973,0.018,12773.0,0.4227,0.5
S13002936,3,2017.0,83.46,0.3739,0.214876571,0.01649999999999996,0.5534,0.2435,6.0,3.0,5574.0,2.801,0.4668,0.018,12773.0,0.4364,0.5
S13002936,1,2022.0,4.96,0.3739,0.214876571,0.01649999999999996,0.5534,0.2435,6.0,3.0,5399.0,2.9841,0.4973,0.018,12397.0,0.4355,0.5
S13002936,0,2017.0,1.2,0.3739,0.214876571,0.01649999999999996,0.5534,0.2435,6.0,3.0,5574.0,2.801,0.4668,0.018,12773.0,0.4364,0.5
S13002937,2,2022.0,59.230000000000004,0.3731,0.209040959,0.01629999999999998,0.4893,0.1634,6.0,3.0,5604.0,2.9222,0.487,0.0263,12691.0,0.4416,0.5
S13002937,1,2017.0,7.69,0.3731,0.209040959,0.01629999999999998,0.4893,0.1634,6.0,3.0,5604.0,2.9222,0.487,0.0263,13895.0,0.4033,0.5
S13002937,3,2017.0,83.36,0.3731,0.209040959,0.01629999999999998,0.4893,0.1634,8.0,3.0,5043.0,3.1142,0.3893,0.0263,13895.0,0.3629,0.375
S13002937,3,2017.0,83.36,0.3731,0.209040959,0.01629999999999998,0.4893,0.1634,6.0,3.0,5604.0,2.9222,0.487,0.0263,13895.0,0.4033,0.5
S13002937,2,2017.0,50.17,0.3731,0.209040959,0.01629999999999998,0.4893,0.1634,8.0,3.0,5043.0,3.1142,0.3893,0.0263,13895.0,0.3629,0.375
S13002937,2,2017.0,50.17,0.3731,0.209040959,0.01629999999999998,0.4893,0.1634,6.0,3.0,5604.0,2.9222,0.487,0.0263,13895.0,0.4033,0.5
S13002937,1,2017.0,7.69,0.3731,0.209040959,0.01629999999999998,0.4893,0.1634,8.0,3.0,5043.0,3.1142,0.3893,0.0263,13895.0,0.3629,0.375
S13002937,0,2017.0,17.23,0.3731,0.209040959,0.01629999999999998,0.4893,0.1634,8.0,3.0,5043.0,3.1142,0.3893,0.0263,13895.0,0.3629,0.375
S13002937,0,2017.0,17.23,0.3731,0.209040959,0.01629999999999998,0.4893,0.1634,6.0,3.0,5604.0,2.9222,0.487,0.0263,13895.0,0.4033,0.5
S13002937,0,2022.0,22.41,0.3731,0.209040959,0.01629999999999998,0.4893,0.1634,6.0,3.0,5604.0,2.9222,0.487,0.0263,12691.0,0.4416,0.5
S13002937,0,2022.0,22.41,0.3731,0.209040959,0.01629999999999998,0.4893,0.1634,8.0,3.0,5043.0,3.1142,0.3893,0.0263,12691.0,0.3974,0.375
S13002937,1,2022.0,8.91,0.3731,0.209040959,0.01629999999999998,0.4893,0.1634,6.0,3.0,5604.0,2.9222,0.487,0.0263,12691.0,0.4416,0.5
S13002937,1,2022.0,8.91,0.3731,0.209040959,0.01629999999999998,0.4893,0.1634,8.0,3.0,5043.0,3.1142,0.3893,0.0263,12691.0,0.3974,0.375
S13002937,2,2022.0,59.230000000000004,0.3731,0.209040959,0.01629999999999998,0.4893,0.1634,8.0,3.0,5043.0,3.1142,0.3893,0.0263,12691.0,0.3974,0.375
S13002937,3,2022.0,86.22,0.3731,0.209040959,0.01629999999999998,0.4893,0.1634,8.0,3.0,5043.0,3.1142,0.3893,0.0263,12691.0,0.3974,0.375
S13002937,3,2022.0,86.22,0.3731,0.209040959,0.01629999999999998,0.4893,0.1634,6.0,3.0,5604.0,2.9222,0.487,0.0263,12691.0,0.4416,0.5
S13002938,0,2022.0,14.58,0.4259,0.192625064,0.009199999999999986,0.5396,0.2304,10.0,4.0,6321.0,3.6176,0.3618,0.0203,15530.0,0.407,0.4
S13002938,3,2017.0,78.53,0.4259,0.192625064,0.009199999999999986,0.5396,0.2304,7.0,4.0,6350.0,3.368,0.4811,0.0203,15469.0,0.4105,0.5714
S13002938,3,2017.0,78.53,0.4259,0.192625064,0.009199999999999986,0.5396,0.2304,10.0,4.0,6321.0,3.6176,0.3618,0.0203,15469.0,0.4086,0.4
S13002938,2,2017.0,55.58,0.4259,0.192625064,0.009199999999999986,0.5396,0.2304,7.0,4.0,6350.0,3.368,0.4811,0.0203,15469.0,0.4105,0.5714
S13002938,2,2017.0,55.58,0.4259,0.192625064,0.009199999999999986,0.5396,0.2304,10.0,4.0,6321.0,3.6176,0.3618,0.0203,15469.0,0.4086,0.4
S13002938,1,2017.0,6.909999999999999,0.4259,0.192625064,0.009199999999999986,0.5396,0.2304,7.0,4.0,6350.0,3.368,0.4811,0.0203,15469.0,0.4105,0.5714
S13002938,1,2017.0,6.909999999999999,0.4259,0.192625064,0.009199999999999986,0.5396,0.2304,10.0,4.0,6321.0,3.6176,0.3618,0.0203,15469.0,0.4086,0.4
S13002938,0,2017.0,19.169999999999998,0.4259,0.192625064,0.009199999999999986,0.5396,0.2304,10.0,4.0,6321.0,3.6176,0.3618,0.0203,15469.0,0.4086,0.4
S13002938,0,2017.0,19.169999999999998,0.4259,0.192625064,0.009199999999999986,0.5396,0.2304,7.0,4.0,6350.0,3.368,0.4811,0.0203,15469.0,0.4105,0.5714
S13002938,1,2022.0,5.33,0.4259,0.192625064,0.009199999999999986,0.5396,0.2304,10.0,4.0,6321.0,3.6176,0.3618,0.0203,15530.0,0.407,0.4
S13002938,3,2022.0,85.81,0.4259,0.192625064,0.009199999999999986,0.5396,0.2304,10.0,4.0,6321.0,3.6176,0.3618,0.0203,15530.0,0.407,0.4
S13002938,2,2022.0,60.49,0.4259,0.192625064,0.009199999999999986,0.5396,0.2304,7.0,4.0,6350.0,3.368,0.4811,0.0203,15530.0,0.4089,0.5714
S13002938,2,2022.0,60.49,0.4259,0.192625064,0.009199999999999986,0.5396,0.2304,10.0,4.0,6321.0,3.6176,0.3618,0.0203,15530.0,0.407,0.4
S13002938,1,2022.0,5.33,0.4259,0.192625064,0.009199999999999986,0.5396,0.2304,7.0,4.0,6350.0,3.368,0.4811,0.0203,15530.0,0.4089,0.5714
S13002938,3,2022.0,85.81,0.4259,0.192625064,0.009199999999999986,0.5396,0.2304,7.0,4.0,6350.0,3.368,0.4811,0.0203,15530.0,0.4089,0.5714
S13002938,0,2022.0,14.58,0.4259,0.192625064,0.009199999999999986,0.5396,0.2304,7.0,4.0,6350.0,3.368,0.4811,0.0203,15530.0,0.4089,0.5714
S13002939,1,2017.0,7.12,0.3568,0.184162483,0.019199999999999995,0.5704,0.2804,7.0,4.0,7178.0,3.2607,0.4658,0.0149,17283.0,0.4153,0.5714
S13002939,2,2017.0,68.33,0.3568,0.184162483,0.019199999999999995,0.5704,0.2804,7.0,4.0,7067.0,3.1735,0.4534,0.0149,17283.0,0.4089,0.5714
S13002939,2,2017.0,68.33,0.3568,0.184162483,0.019199999999999995,0.5704,0.2804,7.0,4.0,7178.0,3.2607,0.4658,0.0149,17283.0,0.4153,0.5714
S13002939,3,2017.0,85.06,0.3568,0.184162483,0.019199999999999995,0.5704,0.2804,7.0,4.0,7067.0,3.1735,0.4534,0.0149,17283.0,0.4089,0.5714
S13002939,3,2017.0,85.06,0.3568,0.184162483,0.019199999999999995,0.5704,0.2804,7.0,4.0,7178.0,3.2607,0.4658,0.0149,17283.0,0.4153,0.5714
S13002939,0,2017.0,10.18,0.3568,0.184162483,0.019199999999999995,0.5704,0.2804,7.0,4.0,7067.0,3.1735,0.4534,0.0149,17283.0,0.4089,0.5714
S13002939,2,2022.0,68.92,0.3568,0.184162483,0.019199999999999995,0.5704,0.2804,7.0,4.0,7178.0,3.2607,0.4658,0.0149,17269.0,0.4157,0.5714
S13002939,3,2022.0,85.3,0.3568,0.184162483,0.019199999999999995,0.5704,0.2804,7.0,4.0,7067.0,3.1735,0.4534,0.0149,17269.0,0.4092,0.5714
S13002939,0,2022.0,12.8,0.3568,0.184162483,0.019199999999999995,0.5704,0.2804,7.0,4.0,7067.0,3.1735,0.4534,0.0149,17269.0,0.4092,0.5714
S13002939,1,2022.0,11.26,0.3568,0.184162483,0.019199999999999995,0.5704,0.2804,7.0,4.0,7067.0,3.1735,0.4534,0.0149,17269.0,0.4092,0.5714
S13002939,1,2022.0,11.26,0.3568,0.184162483,0.019199999999999995,0.5704,0.2804,7.0,4.0,7178.0,3.2607,0.4658,0.0149,17269.0,0.4157,0.5714
S13002939,2,2022.0,68.92,0.3568,0.184162483,0.019199999999999995,0.5704,0.2804,7.0,4.0,7067.0,3.1735,0.4534,0.0149,17269.0,0.4092,0.5714
S13002939,1,2017.0,7.12,0.3568,0.184162483,0.019199999999999995,0.5704,0.2804,7.0,4.0,7067.0,3.1735,0.4534,0.0149,17283.0,0.4089,0.5714
S13002939,0,2022.0,12.8,0.3568,0.184162483,0.019199999999999995,0.5704,0.2804,7.0,4.0,7178.0,3.2607,0.4658,0.0149,17269.0,0.4157,0.5714
S13002939,3,2022.0,85.3,0.3568,0.184162483,0.019199999999999995,0.5704,0.2804,7.0,4.0,7178.0,3.2607,0.4658,0.0149,17269.0,0.4157,0.5714
S13002939,0,2017.0,10.18,0.3568,0.184162483,0.019199999999999995,0.5704,0.2804,7.0,4.0,7178.0,3.2607,0.4658,0.0149,17283.0,0.4153,0.5714
S13002940,2,2022.0,46.7,0.3963,0.189066197,0.009099999999999997,0.5927,0.3012,5.0,1.0,3355.0,2.1949,0.439,0.0154,13230.0,0.2536,0.2
S13002940,3,2022.0,82.47,0.3963,0.189066197,0.009099999999999997,0.5927,0.3012,5.0,1.0,3355.0,2.1949,0.439,0.0154,13230.0,0.2536,0.2
S13002940,3,2022.0,82.47,0.3963,0.189066197,0.009099999999999997,0.5927,0.3012,6.0,3.0,5628.0,2.944,0.4907,0.0154,13230.0,0.4254,0.5
S13002940,3,2017.0,83.52000000000001,0.3963,0.189066197,0.009099999999999997,0.5927,0.3012,5.0,1.0,3355.0,2.1949,0.439,0.0154,13794.0,0.2432,0.2
S13002940,2,2017.0,58.03,0.3963,0.189066197,0.009099999999999997,0.5927,0.3012,5.0,1.0,3355.0,2.1949,0.439,0.0154,13794.0,0.2432,0.2
S13002940,2,2017.0,58.03,0.3963,0.189066197,0.009099999999999997,0.5927,0.3012,6.0,3.0,5628.0,2.944,0.4907,0.0154,13794.0,0.408,0.5
S13002940,1,2017.0,5.25,0.3963,0.189066197,0.009099999999999997,0.5927,0.3012,5.0,1.0,3355.0,2.1949,0.439,0.0154,13794.0,0.2432,0.2
S13002940,3,2017.0,83.52000000000001,0.3963,0.189066197,0.009099999999999997,0.5927,0.3012,6.0,3.0,5628.0,2.944,0.4907,0.0154,13794.0,0.408,0.5
S13002940,0,2017.0,16.16,0.3963,0.189066197,0.009099999999999997,0.5927,0.3012,5.0,1.0,3355.0,2.1949,0.439,0.0154,13794.0,0.2432,0.2
S13002940,0,2017.0,16.16,0.3963,0.189066197,0.009099999999999997,0.5927,0.3012,6.0,3.0,5628.0,2.944,0.4907,0.0154,13794.0,0.408,0.5
S13002940,2,2022.0,46.7,0.3963,0.189066197,0.009099999999999997,0.5927,0.3012,6.0,3.0,5628.0,2.944,0.4907,0.0154,13230.0,0.4254,0.5
S13002940,1,2022.0,7.24,0.3963,0.189066197,0.009099999999999997,0.5927,0.3012,5.0,1.0,3355.0,2.1949,0.439,0.0154,13230.0,0.2536,0.2
S13002940,1,2022.0,7.24,0.3963,0.189066197,0.009099999999999997,0.5927,0.3012,6.0,3.0,5628.0,2.944,0.4907,0.0154,13230.0,0.4254,0.5
S13002940,0,2022.0,15.57,0.3963,0.189066197,0.009099999999999997,0.5927,0.3012,5.0,1.0,3355.0,2.1949,0.439,0.0154,13230.0,0.2536,0.2
S13002940,0,2022.0,15.57,0.3963,0.189066197,0.009099999999999997,0.5927,0.3012,6.0,3.0,5628.0,2.944,0.4907,0.0154,13230.0,0.4254,0.5
S13002940,1,2017.0,5.25,0.3963,0.189066197,0.009099999999999997,0.5927,0.3012,6.0,3.0,5628.0,2.944,0.4907,0.0154,13794.0,0.408,0.5
S13002941,3,2022.0,96.25999999999999,0.3553,0.159362734,0.008700000000000041,0.4411,0.2205,6.0,4.0,6492.0,3.1583,0.5264,0.0258,16779.0,0.3869,0.6667
S13002941,0,2022.0,20.17,0.3553,0.159362734,0.008700000000000041,0.4411,0.2205,6.0,4.0,6492.0,3.1583,0.5264,0.0258,16779.0,0.3869,0.6667
S13002941,0,2022.0,20.17,0.3553,0.159362734,0.008700000000000041,0.4411,0.2205,7.0,4.0,6456.0,3.2958,0.4708,0.0258,16779.0,0.3848,0.5714
S13002941,1,2022.0,10.89,0.3553,0.159362734,0.008700000000000041,0.4411,0.2205,6.0,4.0,6492.0,3.1583,0.5264,0.0258,16779.0,0.3869,0.6667
S13002941,1,2022.0,10.89,0.3553,0.159362734,0.008700000000000041,0.4411,0.2205,7.0,4.0,6456.0,3.2958,0.4708,0.0258,16779.0,0.3848,0.5714
S13002941,2,2022.0,83.36,0.3553,0.159362734,0.008700000000000041,0.4411,0.2205,6.0,4.0,6492.0,3.1583,0.5264,0.0258,16779.0,0.3869,0.6667
S13002941,2,2022.0,83.36,0.3553,0.159362734,0.008700000000000041,0.4411,0.2205,7.0,4.0,6456.0,3.2958,0.4708,0.0258,16779.0,0.3848,0.5714
S13002941,3,2022.0,96.25999999999999,0.3553,0.159362734,0.008700000000000041,0.4411,0.2205,7.0,4.0,6456.0,3.2958,0.4708,0.0258,16779.0,0.3848,0.5714
S13002941,2,2017.0,69.38,0.3553,0.159362734,0.008700000000000041,0.4411,0.2205,7.0,4.0,6456.0,3.2958,0.4708,0.0258,18401.0,0.3509,0.5714
S13002941,3,2017.0,90.88,0.3553,0.159362734,0.008700000000000041,0.4411,0.2205,7.0,4.0,6456.0,3.2958,0.4708,0.0258,18401.0,0.3509,0.5714
S13002941,3,2017.0,90.88,0.3553,0.159362734,0.008700000000000041,0.4411,0.2205,6.0,4.0,6492.0,3.1583,0.5264,0.0258,18401.0,0.3528,0.6667
S13002941,2,2017.0,69.38,0.3553,0.159362734,0.008700000000000041,0.4411,0.2205,6.0,4.0,6492.0,3.1583,0.5264,0.0258,18401.0,0.3528,0.6667
S13002941,1,2017.0,7.73,0.3553,0.159362734,0.008700000000000041,0.4411,0.2205,7.0,4.0,6456.0,3.2958,0.4708,0.0258,18401.0,0.3509,0.5714
S13002941,1,2017.0,7.73,0.3553,0.159362734,0.008700000000000041,0.4411,0.2205,6.0,4.0,6492.0,3.1583,0.5264,0.0258,18401.0,0.3528,0.6667
S13002941,0,2017.0,15.89,0.3553,0.159362734,0.008700000000000041,0.4411,0.2205,7.0,4.0,6456.0,3.2958,0.4708,0.0258,18401.0,0.3509,0.5714
S13002941,0,2017.0,15.89,0.3553,0.159362734,0.008700000000000041,0.4411,0.2205,6.0,4.0,6492.0,3.1583,0.5264,0.0258,18401.0,0.3528,0.6667
S13002942,0,2022.0,3.66,0.3859,0.248683405,0.017000000000000015,0.5471,0.3115,4.0,1.0,4313.0,2.1484,0.5371,0.0175,13399.0,0.3219,0.25
S13002942,0,2022.0,3.66,0.3859,0.248683405,0.017000000000000015,0.5471,0.3115,4.0,3.0,6210.0,2.3915,0.5979,0.0175,13399.0,0.4635,0.75
S13002942,1,2022.0,2.3200000000000003,0.3859,0.248683405,0.017000000000000015,0.5471,0.3115,4.0,1.0,4313.0,2.1484,0.5371,0.0175,13399.0,0.3219,0.25
S13002942,2,2022.0,58.75,0.3859,0.248683405,0.017000000000000015,0.5471,0.3115,4.0,3.0,6210.0,2.3915,0.5979,0.0175,13399.0,0.4635,0.75
S13002942,2,2022.0,58.75,0.3859,0.248683405,0.017000000000000015,0.5471,0.3115,4.0,1.0,4313.0,2.1484,0.5371,0.0175,13399.0,0.3219,0.25
S13002942,1,2022.0,2.3200000000000003,0.3859,0.248683405,0.017000000000000015,0.5471,0.3115,4.0,3.0,6210.0,2.3915,0.5979,0.0175,13399.0,0.4635,0.75
S13002942,3,2022.0,86.0,0.3859,0.248683405,0.017000000000000015,0.5471,0.3115,4.0,1.0,4313.0,2.1484,0.5371,0.0175,13399.0,0.3219,0.25
S13002942,3,2022.0,86.0,0.3859,0.248683405,0.017000000000000015,0.5471,0.3115,4.0,3.0,6210.0,2.3915,0.5979,0.0175,13399.0,0.4635,0.75
S13002942,2,2017.0,0.0,0.3859,0.248683405,0.017000000000000015,0.5471,0.3115,4.0,1.0,4313.0,2.1484,0.5371,0.0175,14096.0,0.306,0.25
S13002942,3,2017.0,0.0,0.3859,0.248683405,0.017000000000000015,0.5471,0.3115,4.0,1.0,4313.0,2.1484,0.5371,0.0175,14096.0,0.306,0.25
S13002942,3,2017.0,0.0,0.3859,0.248683405,0.017000000000000015,0.5471,0.3115,4.0,3.0,6210.0,2.3915,0.5979,0.0175,14096.0,0.4406,0.75
S13002942,2,2017.0,0.0,0.3859,0.248683405,0.017000000000000015,0.5471,0.3115,4.0,3.0,6210.0,2.3915,0.5979,0.0175,14096.0,0.4406,0.75
S13002942,1,2017.0,0.0,0.3859,0.248683405,0.017000000000000015,0.5471,0.3115,4.0,1.0,4313.0,2.1484,0.5371,0.0175,14096.0,0.306,0.25
S13002942,1,2017.0,0.0,0.3859,0.248683405,0.017000000000000015,0.5471,0.3115,4.0,3.0,6210.0,2.3915,0.5979,0.0175,14096.0,0.4406,0.75
S13002942,0,2017.0,0.0,0.3859,0.248683405,0.017000000000000015,0.5471,0.3115,4.0,1.0,4313.0,2.1484,0.5371,0.0175,14096.0,0.306,0.25
S13002942,0,2017.0,0.0,0.3859,0.248683405,0.017000000000000015,0.5471,0.3115,4.0,3.0,6210.0,2.3915,0.5979,0.0175,14096.0,0.4406,0.75
S13002943,3,2022.0,72.4,0.3743,0.208125871,0.014399999999999968,0.5811,0.2878,7.0,3.0,5159.0,3.1285,0.4469,0.0148,12013.0,0.4295,0.4286
S13002943,3,2017.0,83.15,0.3743,0.208125871,0.014399999999999968,0.5811,0.2878,7.0,3.0,5159.0,3.1285,0.4469,0.0148,12837.0,0.4019,0.4286
S13002943,3,2017.0,83.15,0.3743,0.208125871,0.014399999999999968,0.5811,0.2878,8.0,3.0,5405.0,2.9956,0.3744,0.0148,12837.0,0.421,0.375
S13002943,2,2017.0,64.68,0.3743,0.208125871,0.014399999999999968,0.5811,0.2878,7.0,3.0,5159.0,3.1285,0.4469,0.0148,12837.0,0.4019,0.4286
S13002943,2,2017.0,64.68,0.3743,0.208125871,0.014399999999999968,0.5811,0.2878,8.0,3.0,5405.0,2.9956,0.3744,0.0148,12837.0,0.421,0.375
S13002943,1,2017.0,10.379999999999999,0.3743,0.208125871,0.014399999999999968,0.5811,0.2878,7.0,3.0,5159.0,3.1285,0.4469,0.0148,12837.0,0.4019,0.4286
S13002943,1,2017.0,10.379999999999999,0.3743,0.208125871,0.014399999999999968,0.5811,0.2878,8.0,3.0,5405.0,2.9956,0.3744,0.0148,12837.0,0.421,0.375
S13002943,0,2017.0,23.21,0.3743,0.208125871,0.014399999999999968,0.5811,0.2878,7.0,3.0,5159.0,3.1285,0.4469,0.0148,12837.0,0.4019,0.4286
S13002943,0,2017.0,23.21,0.3743,0.208125871,0.014399999999999968,0.5811,0.2878,8.0,3.0,5405.0,2.9956,0.3744,0.0148,12837.0,0.421,0.375
S13002943,0,2022.0,4.76,0.3743,0.208125871,0.014399999999999968,0.5811,0.2878,8.0,3.0,5405.0,2.9956,0.3744,0.0148,12013.0,0.4499,0.375
S13002943,0,2022.0,4.76,0.3743,0.208125871,0.014399999999999968,0.5811,0.2878,7.0,3.0,5159.0,3.1285,0.4469,0.0148,12013.0,0.4295,0.4286
S13002943,3,2022.0,72.4,0.3743,0.208125871,0.014399999999999968,0.5811,0.2878,8.0,3.0,5405.0,2.9956,0.3744,0.0148,12013.0,0.4499,0.375
S13002943,1,2022.0,1.9900000000000002,0.3743,0.208125871,0.014399999999999968,0.5811,0.2878,8.0,3.0,5405.0,2.9956,0.3744,0.0148,12013.0,0.4499,0.375
S13002943,2,2022.0,50.34,0.3743,0.208125871,0.014399999999999968,0.5811,0.2878,8.0,3.0,5405.0,2.9956,0.3744,0.0148,12013.0,0.4499,0.375
S13002943,2,2022.0,50.34,0.3743,0.208125871,0.014399999999999968,0.5811,0.2878,7.0,3.0,5159.0,3.1285,0.4469,0.0148,12013.0,0.4295,0.4286
S13002943,1,2022.0,1.9900000000000002,0.3743,0.208125871,0.014399999999999968,0.5811,0.2878,7.0,3.0,5159.0,3.1285,0.4469,0.0148,12013.0,0.4295,0.4286
S13002944,1,2017.0,10.93,0.3646,0.175915067,0.01419999999999999,0.5862,0.2891,7.0,3.0,5628.0,3.1041,0.4434,0.0168,13253.0,0.4247,0.4286
S13002944,0,2017.0,12.44,0.3646,0.175915067,0.01419999999999999,0.5862,0.2891,7.0,3.0,5628.0,3.1041,0.4434,0.0168,13253.0,0.4247,0.4286
S13002944,3,2022.0,80.33,0.3646,0.175915067,0.01419999999999999,0.5862,0.2891,9.0,3.0,5499.0,3.194,0.3549,0.0168,12791.0,0.4299,0.3333
S13002944,3,2022.0,80.33,0.3646,0.175915067,0.01419999999999999,0.5862,0.2891,7.0,3.0,5628.0,3.1041,0.4434,0.0168,12791.0,0.44,0.4286
S13002944,2,2022.0,58.010000000000005,0.3646,0.175915067,0.01419999999999999,0.5862,0.2891,9.0,3.0,5499.0,3.194,0.3549,0.0168,12791.0,0.4299,0.3333
S13002944,2,2022.0,58.010000000000005,0.3646,0.175915067,0.01419999999999999,0.5862,0.2891,7.0,3.0,5628.0,3.1041,0.4434,0.0168,12791.0,0.44,0.4286
S13002944,1,2022.0,4.3999999999999995,0.3646,0.175915067,0.01419999999999999,0.5862,0.2891,9.0,3.0,5499.0,3.194,0.3549,0.0168,12791.0,0.4299,0.3333
S13002944,1,2022.0,4.3999999999999995,0.3646,0.175915067,0.01419999999999999,0.5862,0.2891,7.0,3.0,5628.0,3.1041,0.4434,0.0168,12791.0,0.44,0.4286
S13002944,0,2022.0,10.95,0.3646,0.175915067,0.01419999999999999,0.5862,0.2891,9.0,3.0,5499.0,3.194,0.3549,0.0168,12791.0,0.4299,0.3333
S13002944,0,2022.0,10.95,0.3646,0.175915067,0.01419999999999999,0.5862,0.2891,7.0,3.0,5628.0,3.1041,0.4434,0.0168,12791.0,0.44,0.4286
S13002944,0,2017.0,12.44,0.3646,0.175915067,0.01419999999999999,0.5862,0.2891,9.0,3.0,5499.0,3.194,0.3549,0.0168,13253.0,0.4149,0.3333
S13002944,1,2017.0,10.93,0.3646,0.175915067,0.01419999999999999,0.5862,0.2891,9.0,3.0,5499.0,3.194,0.3549,0.0168,13253.0,0.4149,0.3333
S13002944,2,2017.0,54.07,0.3646,0.175915067,0.01419999999999999,0.5862,0.2891,7.0,3.0,5628.0,3.1041,0.4434,0.0168,13253.0,0.4247,0.4286
S13002944,3,2017.0,75.1,0.3646,0.175915067,0.01419999999999999,0.5862,0.2891,9.0,3.0,5499.0,3.194,0.3549,0.0168,13253.0,0.4149,0.3333
S13002944,3,2017.0,75.1,0.3646,0.175915067,0.01419999999999999,0.5862,0.2891,7.0,3.0,5628.0,3.1041,0.4434,0.0168,13253.0,0.4247,0.4286
S13002944,2,2017.0,54.07,0.3646,0.175915067,0.01419999999999999,0.5862,0.2891,9.0,3.0,5499.0,3.194,0.3549,0.0168,13253.0,0.4149,0.3333
S13002946,1,2022.0,8.2,0.3199,0.227885585,0.017199999999999993,0.5205,0.3073,8.0,3.0,5710.0,3.1888,0.3986,0.0202,12556.0,0.4548,0.375
S13002946,3,2022.0,86.37,0.3199,0.227885585,0.017199999999999993,0.5205,0.3073,8.0,3.0,5710.0,3.1888,0.3986,0.0202,12556.0,0.4548,0.375
S13002946,3,2017.0,75.32,0.3199,0.227885585,0.017199999999999993,0.5205,0.3073,8.0,3.0,5710.0,3.1888,0.3986,0.0202,14242.0,0.4009,0.375
S13002946,0,2017.0,13.38,0.3199,0.227885585,0.017199999999999993,0.5205,0.3073,8.0,3.0,5710.0,3.1888,0.3986,0.0202,14242.0,0.4009,0.375
S13002946,2,2017.0,45.47,0.3199,0.227885585,0.017199999999999993,0.5205,0.3073,8.0,3.0,5710.0,3.1888,0.3986,0.0202,14242.0,0.4009,0.375
S13002946,1,2017.0,9.8,0.3199,0.227885585,0.017199999999999993,0.5205,0.3073,8.0,3.0,5710.0,3.1888,0.3986,0.0202,14242.0,0.4009,0.375
S13002946,2,2022.0,52.129999999999995,0.3199,0.227885585,0.017199999999999993,0.5205,0.3073,8.0,3.0,5710.0,3.1888,0.3986,0.0202,12556.0,0.4548,0.375
S13002946,0,2022.0,24.15,0.3199,0.227885585,0.017199999999999993,0.5205,0.3073,8.0,3.0,5710.0,3.1888,0.3986,0.0202,12556.0,0.4548,0.375
S13002947,0,2022.0,19.33,0.3064,0.183634412,0.005900000000000016,0.5432,0.3734,9.0,4.0,7971.0,3.4843,0.3871,0.0185,16825.0,0.4738,0.4444
S13002947,1,2022.0,8.6,0.3064,0.183634412,0.005900000000000016,0.5432,0.3734,9.0,4.0,7971.0,3.4843,0.3871,0.0185,16825.0,0.4738,0.4444
S13002947,1,2017.0,9.91,0.3064,0.183634412,0.005900000000000016,0.5432,0.3734,9.0,4.0,7971.0,3.4843,0.3871,0.0185,14845.0,0.5369,0.4444
S13002947,2,2022.0,58.06,0.3064,0.183634412,0.005900000000000016,0.5432,0.3734,9.0,4.0,7971.0,3.4843,0.3871,0.0185,16825.0,0.4738,0.4444
S13002947,3,2022.0,93.71000000000001,0.3064,0.183634412,0.005900000000000016,0.5432,0.3734,9.0,4.0,7971.0,3.4843,0.3871,0.0185,16825.0,0.4738,0.4444
S13002947,2,2017.0,57.92,0.3064,0.183634412,0.005900000000000016,0.5432,0.3734,9.0,4.0,7971.0,3.4843,0.3871,0.0185,14845.0,0.5369,0.4444
S13002947,3,2017.0,93.1,0.3064,0.183634412,0.005900000000000016,0.5432,0.3734,9.0,4.0,7971.0,3.4843,0.3871,0.0185,14845.0,0.5369,0.4444
S13002947,0,2017.0,19.53,0.3064,0.183634412,0.005900000000000016,0.5432,0.3734,9.0,4.0,7971.0,3.4843,0.3871,0.0185,14845.0,0.5369,0.4444
S13002948,2,2017.0,55.400000000000006,0.2854,0.145525425,0.005900000000000016,0.5498,0.3202,10.0,4.0,7793.0,3.5064,0.3506,0.0193,18195.0,0.4283,0.4
S13002948,1,2017.0,3.1,0.2854,0.145525425,0.005900000000000016,0.5498,0.3202,10.0,4.0,7793.0,3.5064,0.3506,0.0193,18195.0,0.4283,0.4
S13002948,0,2017.0,5.0,0.2854,0.145525425,0.005900000000000016,0.5498,0.3202,10.0,4.0,7793.0,3.5064,0.3506,0.0193,18195.0,0.4283,0.4
S13002948,0,2022.0,19.3,0.2854,0.145525425,0.005900000000000016,0.5498,0.3202,10.0,4.0,7793.0,3.5064,0.3506,0.0193,17567.0,0.4436,0.4
S13002948,1,2022.0,7.5600000000000005,0.2854,0.145525425,0.005900000000000016,0.5498,0.3202,10.0,4.0,7793.0,3.5064,0.3506,0.0193,17567.0,0.4436,0.4
S13002948,2,2022.0,38.849999999999994,0.2854,0.145525425,0.005900000000000016,0.5498,0.3202,10.0,4.0,7793.0,3.5064,0.3506,0.0193,17567.0,0.4436,0.4
S13002948,3,2022.0,70.53999999999999,0.2854,0.145525425,0.005900000000000016,0.5498,0.3202,10.0,4.0,7793.0,3.5064,0.3506,0.0193,17567.0,0.4436,0.4
S13002948,3,2017.0,79.97999999999999,0.2854,0.145525425,0.005900000000000016,0.5498,0.3202,10.0,4.0,7793.0,3.5064,0.3506,0.0193,18195.0,0.4283,0.4
S13002949,3,2017.0,75.9,0.291,0.187042291,0.011700000000000044,0.5203,0.2302,9.0,3.0,4848.0,3.2739,0.3638,0.0206,13057.0,0.3713,0.3333
S13002949,1,2017.0,9.63,0.291,0.187042291,0.011700000000000044,0.5203,0.2302,9.0,3.0,4848.0,3.2739,0.3638,0.0206,13057.0,0.3713,0.3333
S13002949,0,2017.0,20.75,0.291,0.187042291,0.011700000000000044,0.5203,0.2302,9.0,3.0,4848.0,3.2739,0.3638,0.0206,13057.0,0.3713,0.3333
S13002949,0,2022.0,26.85,0.291,0.187042291,0.011700000000000044,0.5203,0.2302,9.0,3.0,4848.0,3.2739,0.3638,0.0206,11581.0,0.4186,0.3333
S13002949,1,2022.0,7.9,0.291,0.187042291,0.011700000000000044,0.5203,0.2302,9.0,3.0,4848.0,3.2739,0.3638,0.0206,11581.0,0.4186,0.3333
S13002949,2,2022.0,65.69999999999999,0.291,0.187042291,0.011700000000000044,0.5203,0.2302,9.0,3.0,4848.0,3.2739,0.3638,0.0206,11581.0,0.4186,0.3333
S13002949,3,2022.0,87.27000000000001,0.291,0.187042291,0.011700000000000044,0.5203,0.2302,9.0,3.0,4848.0,3.2739,0.3638,0.0206,11581.0,0.4186,0.3333
S13002949,2,2017.0,44.21,0.291,0.187042291,0.011700000000000044,0.5203,0.2302,9.0,3.0,4848.0,3.2739,0.3638,0.0206,13057.0,0.3713,0.3333
S13002950,1,2017.0,9.26,0.3371,0.241373497,0.009000000000000008,0.6041,0.3885,8.0,4.0,7703.0,3.4348,0.4293,0.0175,14801.0,0.5204,0.5
S13002950,3,2022.0,80.61,0.3371,0.241373497,0.009000000000000008,0.6041,0.3885,8.0,4.0,7703.0,3.4348,0.4293,0.0175,14473.0,0.5322,0.5
S13002950,0,2017.0,20.529999999999998,0.3371,0.241373497,0.009000000000000008,0.6041,0.3885,8.0,4.0,7703.0,3.4348,0.4293,0.0175,14801.0,0.5204,0.5
S13002950,0,2022.0,8.43,0.3371,0.241373497,0.009000000000000008,0.6041,0.3885,8.0,4.0,7703.0,3.4348,0.4293,0.0175,14473.0,0.5322,0.5
S13002950,1,2022.0,7.09,0.3371,0.241373497,0.009000000000000008,0.6041,0.3885,8.0,4.0,7703.0,3.4348,0.4293,0.0175,14473.0,0.5322,0.5
S13002950,2,2017.0,84.25,0.3371,0.241373497,0.009000000000000008,0.6041,0.3885,8.0,4.0,7703.0,3.4348,0.4293,0.0175,14801.0,0.5204,0.5
S13002950,3,2017.0,96.88,0.3371,0.241373497,0.009000000000000008,0.6041,0.3885,8.0,4.0,7703.0,3.4348,0.4293,0.0175,14801.0,0.5204,0.5
S13002950,2,2022.0,57.31,0.3371,0.241373497,0.009000000000000008,0.6041,0.3885,8.0,4.0,7703.0,3.4348,0.4293,0.0175,14473.0,0.5322,0.5
S13002953,2,2017.0,44.55,0.3292,0.238983751,0.017800000000000038,0.5873,0.3503,9.0,3.0,5891.0,3.2064,0.3563,0.0215,12173.0,0.4839,0.3333
S13002953,2,2022.0,58.82,0.3292,0.238983751,0.017800000000000038,0.5873,0.3503,9.0,3.0,5891.0,3.2064,0.3563,0.0215,11679.0,0.5044,0.3333
S13002953,3,2017.0,73.2,0.3292,0.238983751,0.017800000000000038,0.5873,0.3503,9.0,3.0,5891.0,3.2064,0.3563,0.0215,12173.0,0.4839,0.3333
S13002953,3,2022.0,87.49,0.3292,0.238983751,0.017800000000000038,0.5873,0.3503,9.0,3.0,5891.0,3.2064,0.3563,0.0215,11679.0,0.5044,0.3333
S13002953,1,2017.0,10.04,0.3292,0.238983751,0.017800000000000038,0.5873,0.3503,9.0,3.0,5891.0,3.2064,0.3563,0.0215,12173.0,0.4839,0.3333
S13002953,0,2017.0,21.77,0.3292,0.238983751,0.017800000000000038,0.5873,0.3503,9.0,3.0,5891.0,3.2064,0.3563,0.0215,12173.0,0.4839,0.3333
S13002953,0,2022.0,21.66,0.3292,0.238983751,0.017800000000000038,0.5873,0.3503,9.0,3.0,5891.0,3.2064,0.3563,0.0215,11679.0,0.5044,0.3333
S13002953,1,2022.0,4.41,0.3292,0.238983751,0.017800000000000038,0.5873,0.3503,9.0,3.0,5891.0,3.2064,0.3563,0.0215,11679.0,0.5044,0.3333
S13002954,2,2022.0,82.29,0.2787,0.20588593,0.01970000000000005,0.5687,0.2402,8.0,3.0,5169.0,3.0511,0.3814,0.0222,12408.0,0.4166,0.375
S13002954,1,2022.0,11.93,0.2787,0.20588593,0.01970000000000005,0.5687,0.2402,8.0,3.0,5169.0,3.0511,0.3814,0.0222,12408.0,0.4166,0.375
S13002954,3,2022.0,97.74,0.2787,0.20588593,0.01970000000000005,0.5687,0.2402,8.0,3.0,5169.0,3.0511,0.3814,0.0222,12408.0,0.4166,0.375
S13002954,2,2017.0,50.6,0.2787,0.20588593,0.01970000000000005,0.5687,0.2402,8.0,3.0,5169.0,3.0511,0.3814,0.0222,12892.0,0.4009,0.375
S13002954,3,2017.0,85.66,0.2787,0.20588593,0.01970000000000005,0.5687,0.2402,8.0,3.0,5169.0,3.0511,0.3814,0.0222,12892.0,0.4009,0.375
S13002954,0,2017.0,19.32,0.2787,0.20588593,0.01970000000000005,0.5687,0.2402,8.0,3.0,5169.0,3.0511,0.3814,0.0222,12892.0,0.4009,0.375
S13002954,1,2017.0,7.930000000000001,0.2787,0.20588593,0.01970000000000005,0.5687,0.2402,8.0,3.0,5169.0,3.0511,0.3814,0.0222,12892.0,0.4009,0.375
S13002954,0,2022.0,26.990000000000002,0.2787,0.20588593,0.01970000000000005,0.5687,0.2402,8.0,3.0,5169.0,3.0511,0.3814,0.0222,12408.0,0.4166,0.375
S13002955,0,2022.0,10.51,0.3076,0.219885791,0.017199999999999993,0.4782,0.2724,7.0,3.0,4564.0,3.2182,0.4597,0.0285,11378.0,0.4011,0.4286
S13002955,1,2022.0,8.62,0.3076,0.219885791,0.017199999999999993,0.4782,0.2724,7.0,3.0,4564.0,3.2182,0.4597,0.0285,11378.0,0.4011,0.4286
S13002955,2,2022.0,41.61,0.3076,0.219885791,0.017199999999999993,0.4782,0.2724,7.0,3.0,4564.0,3.2182,0.4597,0.0285,11378.0,0.4011,0.4286
S13002955,3,2022.0,68.97,0.3076,0.219885791,0.017199999999999993,0.4782,0.2724,7.0,3.0,4564.0,3.2182,0.4597,0.0285,11378.0,0.4011,0.4286
S13002955,2,2017.0,23.33,0.3076,0.219885791,0.017199999999999993,0.4782,0.2724,7.0,3.0,4564.0,3.2182,0.4597,0.0285,11884.0,0.384,0.4286
S13002955,3,2017.0,45.37,0.3076,0.219885791,0.017199999999999993,0.4782,0.2724,7.0,3.0,4564.0,3.2182,0.4597,0.0285,11884.0,0.384,0.4286
S13002955,0,2017.0,21.97,0.3076,0.219885791,0.017199999999999993,0.4782,0.2724,7.0,3.0,4564.0,3.2182,0.4597,0.0285,11884.0,0.384,0.4286
S13002955,1,2017.0,10.879999999999999,0.3076,0.219885791,0.017199999999999993,0.4782,0.2724,7.0,3.0,4564.0,3.2182,0.4597,0.0285,11884.0,0.384,0.4286
S13002956,3,2017.0,90.97999999999999,0.2907,0.209230769,0.008600000000000052,0.4328,0.2286,8.0,3.0,3995.0,3.1459,0.3932,0.0311,12279.0,0.3254,0.375
S13002956,2,2017.0,62.43000000000001,0.2907,0.209230769,0.008600000000000052,0.4328,0.2286,8.0,3.0,3995.0,3.1459,0.3932,0.0311,12279.0,0.3254,0.375
S13002956,0,2022.0,26.65,0.2907,0.209230769,0.008600000000000052,0.4328,0.2286,8.0,3.0,3995.0,3.1459,0.3932,0.0311,11002.0,0.3631,0.375
S13002956,1,2017.0,12.22,0.2907,0.209230769,0.008600000000000052,0.4328,0.2286,8.0,3.0,3995.0,3.1459,0.3932,0.0311,12279.0,0.3254,0.375
S13002956,0,2017.0,26.79,0.2907,0.209230769,0.008600000000000052,0.4328,0.2286,8.0,3.0,3995.0,3.1459,0.3932,0.0311,12279.0,0.3254,0.375
S13002956,1,2022.0,10.72,0.2907,0.209230769,0.008600000000000052,0.4328,0.2286,8.0,3.0,3995.0,3.1459,0.3932,0.0311,11002.0,0.3631,0.375
S13002956,2,2022.0,73.2,0.2907,0.209230769,0.008600000000000052,0.4328,0.2286,8.0,3.0,3995.0,3.1459,0.3932,0.0311,11002.0,0.3631,0.375
S13002956,3,2022.0,90.06,0.2907,0.209230769,0.008600000000000052,0.4328,0.2286,8.0,3.0,3995.0,3.1459,0.3932,0.0311,11002.0,0.3631,0.375
S13002958,2,2017.0,66.03999999999999,0.3066,0.229082999,0.01090000000000002,0.5826,0.2615,8.0,4.0,6255.0,3.2054,0.4007,0.017,15521.0,0.403,0.5
S13002958,0,2022.0,10.32,0.3066,0.229082999,0.01090000000000002,0.5826,0.2615,8.0,4.0,6255.0,3.2054,0.4007,0.017,14395.0,0.4345,0.5
S13002958,1,2022.0,7.41,0.3066,0.229082999,0.01090000000000002,0.5826,0.2615,8.0,4.0,6255.0,3.2054,0.4007,0.017,14395.0,0.4345,0.5
S13002958,2,2022.0,63.150000000000006,0.3066,0.229082999,0.01090000000000002,0.5826,0.2615,8.0,4.0,6255.0,3.2054,0.4007,0.017,14395.0,0.4345,0.5
S13002958,3,2017.0,82.1,0.3066,0.229082999,0.01090000000000002,0.5826,0.2615,8.0,4.0,6255.0,3.2054,0.4007,0.017,15521.0,0.403,0.5
S13002958,3,2022.0,79.68,0.3066,0.229082999,0.01090000000000002,0.5826,0.2615,8.0,4.0,6255.0,3.2054,0.4007,0.017,14395.0,0.4345,0.5
S13002958,1,2017.0,6.6,0.3066,0.229082999,0.01090000000000002,0.5826,0.2615,8.0,4.0,6255.0,3.2054,0.4007,0.017,15521.0,0.403,0.5
S13002958,0,2017.0,10.53,0.3066,0.229082999,0.01090000000000002,0.5826,0.2615,8.0,4.0,6255.0,3.2054,0.4007,0.017,15521.0,0.403,0.5
S13002959,1,2022.0,2.6,0.2738,0.215530596,0.019000000000000017,0.5133,0.203,8.0,3.0,4652.0,3.0688,0.3836,0.0221,11923.0,0.3902,0.375
S13002959,2,2017.0,60.08,0.2738,0.215530596,0.019000000000000017,0.5133,0.203,8.0,3.0,4652.0,3.0688,0.3836,0.0221,12651.0,0.3677,0.375
S13002959,3,2017.0,82.83,0.2738,0.215530596,0.019000000000000017,0.5133,0.203,8.0,3.0,4652.0,3.0688,0.3836,0.0221,12651.0,0.3677,0.375
S13002959,0,2017.0,25.900000000000002,0.2738,0.215530596,0.019000000000000017,0.5133,0.203,8.0,3.0,4652.0,3.0688,0.3836,0.0221,12651.0,0.3677,0.375
S13002959,3,2022.0,90.56,0.2738,0.215530596,0.019000000000000017,0.5133,0.203,8.0,3.0,4652.0,3.0688,0.3836,0.0221,11923.0,0.3902,0.375
S13002959,2,2022.0,62.06,0.2738,0.215530596,0.019000000000000017,0.5133,0.203,8.0,3.0,4652.0,3.0688,0.3836,0.0221,11923.0,0.3902,0.375
S13002959,1,2017.0,9.760000000000002,0.2738,0.215530596,0.019000000000000017,0.5133,0.203,8.0,3.0,4652.0,3.0688,0.3836,0.0221,12651.0,0.3677,0.375
S13002959,0,2022.0,3.74,0.2738,0.215530596,0.019000000000000017,0.5133,0.203,8.0,3.0,4652.0,3.0688,0.3836,0.0221,11923.0,0.3902,0.375
S13002960,3,2022.0,92.16,0.3512,0.268413545,0.015800000000000036,0.6101,0.3669,7.0,3.0,6030.0,2.9211,0.4173,0.0176,11226.0,0.5371,0.4286
S13002960,2,2022.0,55.040000000000006,0.3512,0.268413545,0.015800000000000036,0.6101,0.3669,7.0,3.0,6030.0,2.9211,0.4173,0.0176,11226.0,0.5371,0.4286
S13002960,0,2022.0,7.87,0.3512,0.268413545,0.015800000000000036,0.6101,0.3669,7.0,3.0,6030.0,2.9211,0.4173,0.0176,11226.0,0.5371,0.4286
S13002960,0,2017.0,15.169999999999998,0.3512,0.268413545,0.015800000000000036,0.6101,0.3669,7.0,3.0,6030.0,2.9211,0.4173,0.0176,11382.0,0.5298,0.4286
S13002960,1,2022.0,7.87,0.3512,0.268413545,0.015800000000000036,0.6101,0.3669,7.0,3.0,6030.0,2.9211,0.4173,0.0176,11226.0,0.5371,0.4286
S13002960,3,2017.0,79.81,0.3512,0.268413545,0.015800000000000036,0.6101,0.3669,7.0,3.0,6030.0,2.9211,0.4173,0.0176,11382.0,0.5298,0.4286
S13002960,2,2017.0,60.089999999999996,0.3512,0.268413545,0.015800000000000036,0.6101,0.3669,7.0,3.0,6030.0,2.9211,0.4173,0.0176,11382.0,0.5298,0.4286
S13002960,1,2017.0,13.04,0.3512,0.268413545,0.015800000000000036,0.6101,0.3669,7.0,3.0,6030.0,2.9211,0.4173,0.0176,11382.0,0.5298,0.4286
S13002961,2,2022.0,55.33,0.3506,0.228753448,0.012900000000000023,0.5978,0.4349,8.0,3.0,6280.0,3.4607,0.4326,0.0128,11839.0,0.5305,0.375
S13002961,3,2017.0,90.47,0.3506,0.228753448,0.012900000000000023,0.5978,0.4349,8.0,3.0,6280.0,3.4607,0.4326,0.0128,13033.0,0.4819,0.375
S13002961,3,2022.0,92.93,0.3506,0.228753448,0.012900000000000023,0.5978,0.4349,8.0,3.0,6280.0,3.4607,0.4326,0.0128,11839.0,0.5305,0.375
S13002961,2,2017.0,53.9,0.3506,0.228753448,0.012900000000000023,0.5978,0.4349,8.0,3.0,6280.0,3.4607,0.4326,0.0128,13033.0,0.4819,0.375
S13002961,1,2017.0,7.6899999999999995,0.3506,0.228753448,0.012900000000000023,0.5978,0.4349,8.0,3.0,6280.0,3.4607,0.4326,0.0128,13033.0,0.4819,0.375
S13002961,0,2017.0,15.979999999999999,0.3506,0.228753448,0.012900000000000023,0.5978,0.4349,8.0,3.0,6280.0,3.4607,0.4326,0.0128,13033.0,0.4819,0.375
S13002961,1,2022.0,1.87,0.3506,0.228753448,0.012900000000000023,0.5978,0.4349,8.0,3.0,6280.0,3.4607,0.4326,0.0128,11839.0,0.5305,0.375
S13002961,0,2022.0,3.58,0.3506,0.228753448,0.012900000000000023,0.5978,0.4349,8.0,3.0,6280.0,3.4607,0.4326,0.0128,11839.0,0.5305,0.375
S13002962,2,2022.0,70.31,0.3511,0.177983307,0.05589999999999995,0.3132,0.3837,6.0,4.0,5048.0,3.2334,0.5389,0.0092,11177.0,0.4516,0.6667
S13002962,1,2022.0,6.24,0.3511,0.177983307,0.05589999999999995,0.3132,0.3837,6.0,4.0,5048.0,3.2334,0.5389,0.0092,11177.0,0.4516,0.6667
S13002962,0,2022.0,17.78,0.3511,0.177983307,0.05589999999999995,0.3132,0.3837,6.0,4.0,5048.0,3.2334,0.5389,0.0092,11177.0,0.4516,0.6667
S13002962,3,2017.0,89.46,0.3511,0.177983307,0.05589999999999995,0.3132,0.3837,6.0,4.0,5048.0,3.2334,0.5389,0.0092,17893.0,0.2821,0.6667
S13002962,2,2017.0,52.08,0.3511,0.177983307,0.05589999999999995,0.3132,0.3837,6.0,4.0,5048.0,3.2334,0.5389,0.0092,17893.0,0.2821,0.6667
S13002962,0,2017.0,16.97,0.3511,0.177983307,0.05589999999999995,0.3132,0.3837,6.0,4.0,5048.0,3.2334,0.5389,0.0092,17893.0,0.2821,0.6667
S13002962,1,2017.0,7.48,0.3511,0.177983307,0.05589999999999995,0.3132,0.3837,6.0,4.0,5048.0,3.2334,0.5389,0.0092,17893.0,0.2821,0.6667
S13002962,3,2022.0,94.04,0.3511,0.177983307,0.05589999999999995,0.3132,0.3837,6.0,4.0,5048.0,3.2334,0.5389,0.0092,11177.0,0.4516,0.6667
S13002963,2,2017.0,42.400000000000006,0.4207,0.291290578,0.015700000000000047,0.6053,0.3989,8.0,3.0,5356.0,3.3456,0.4182,0.0157,10505.0,0.5099,0.375
S13002963,3,2017.0,77.28999999999999,0.4207,0.291290578,0.015700000000000047,0.6053,0.3989,8.0,3.0,5356.0,3.3456,0.4182,0.0157,10505.0,0.5099,0.375
S13002963,2,2022.0,57.24,0.4207,0.291290578,0.015700000000000047,0.6053,0.3989,8.0,3.0,5356.0,3.3456,0.4182,0.0157,10393.0,0.5153,0.375
S13002963,0,2017.0,6.85,0.4207,0.291290578,0.015700000000000047,0.6053,0.3989,8.0,3.0,5356.0,3.3456,0.4182,0.0157,10505.0,0.5099,0.375
S13002963,1,2022.0,7.52,0.4207,0.291290578,0.015700000000000047,0.6053,0.3989,8.0,3.0,5356.0,3.3456,0.4182,0.0157,10393.0,0.5153,0.375
S13002963,0,2022.0,7.52,0.4207,0.291290578,0.015700000000000047,0.6053,0.3989,8.0,3.0,5356.0,3.3456,0.4182,0.0157,10393.0,0.5153,0.375
S13002963,3,2022.0,89.54,0.4207,0.291290578,0.015700000000000047,0.6053,0.3989,8.0,3.0,5356.0,3.3456,0.4182,0.0157,10393.0,0.5153,0.375
S13002963,1,2017.0,4.82,0.4207,0.291290578,0.015700000000000047,0.6053,0.3989,8.0,3.0,5356.0,3.3456,0.4182,0.0157,10505.0,0.5099,0.375
S13002964,0,2017.0,6.389999999999999,0.3863,0.267209101,0.02180000000000004,0.6009,0.4024,9.0,3.0,6095.0,3.3344,0.3705,0.0181,11939.0,0.5105,0.3333
S13002964,1,2017.0,6.389999999999999,0.3863,0.267209101,0.02180000000000004,0.6009,0.4024,9.0,3.0,6095.0,3.3344,0.3705,0.0181,11939.0,0.5105,0.3333
S13002964,0,2022.0,1.49,0.3863,0.267209101,0.02180000000000004,0.6009,0.4024,9.0,3.0,6095.0,3.3344,0.3705,0.0181,11368.0,0.5362,0.3333
S13002964,3,2022.0,92.76,0.3863,0.267209101,0.02180000000000004,0.6009,0.4024,9.0,3.0,6095.0,3.3344,0.3705,0.0181,11368.0,0.5362,0.3333
S13002964,2,2022.0,61.21,0.3863,0.267209101,0.02180000000000004,0.6009,0.4024,9.0,3.0,6095.0,3.3344,0.3705,0.0181,11368.0,0.5362,0.3333
S13002964,1,2022.0,0.78,0.3863,0.267209101,0.02180000000000004,0.6009,0.4024,9.0,3.0,6095.0,3.3344,0.3705,0.0181,11368.0,0.5362,0.3333
S13002964,3,2017.0,85.21,0.3863,0.267209101,0.02180000000000004,0.6009,0.4024,9.0,3.0,6095.0,3.3344,0.3705,0.0181,11939.0,0.5105,0.3333
S13002964,2,2017.0,67.22,0.3863,0.267209101,0.02180000000000004,0.6009,0.4024,9.0,3.0,6095.0,3.3344,0.3705,0.0181,11939.0,0.5105,0.3333
S13002965,0,2017.0,9.01,0.3231,0.243948718,0.014700000000000046,0.5535,0.2426,8.0,4.0,6559.0,3.2153,0.4019,0.0202,16145.0,0.4063,0.5
S13002965,2,2017.0,60.400000000000006,0.3231,0.243948718,0.014700000000000046,0.5535,0.2426,8.0,4.0,6559.0,3.2153,0.4019,0.0202,16145.0,0.4063,0.5
S13002965,3,2017.0,78.89999999999999,0.3231,0.243948718,0.014700000000000046,0.5535,0.2426,8.0,4.0,6559.0,3.2153,0.4019,0.0202,16145.0,0.4063,0.5
S13002965,3,2022.0,84.06,0.3231,0.243948718,0.014700000000000046,0.5535,0.2426,8.0,4.0,6559.0,3.2153,0.4019,0.0202,15185.0,0.4319,0.5
S13002965,2,2022.0,63.0,0.3231,0.243948718,0.014700000000000046,0.5535,0.2426,8.0,4.0,6559.0,3.2153,0.4019,0.0202,15185.0,0.4319,0.5
S13002965,1,2022.0,0.71,0.3231,0.243948718,0.014700000000000046,0.5535,0.2426,8.0,4.0,6559.0,3.2153,0.4019,0.0202,15185.0,0.4319,0.5
S13002965,0,2022.0,0.71,0.3231,0.243948718,0.014700000000000046,0.5535,0.2426,8.0,4.0,6559.0,3.2153,0.4019,0.0202,15185.0,0.4319,0.5
S13002965,1,2017.0,6.62,0.3231,0.243948718,0.014700000000000046,0.5535,0.2426,8.0,4.0,6559.0,3.2153,0.4019,0.0202,16145.0,0.4063,0.5
S13002966,1,2017.0,11.159999999999998,0.2563,0.208432468,0.01859999999999995,0.4451,0.1447,8.0,4.0,5105.0,3.1928,0.3991,0.0337,14881.0,0.3431,0.5
S13002966,2,2017.0,39.489999999999995,0.2563,0.208432468,0.01859999999999995,0.4451,0.1447,8.0,4.0,5105.0,3.1928,0.3991,0.0337,14881.0,0.3431,0.5
S13002966,3,2017.0,59.089999999999996,0.2563,0.208432468,0.01859999999999995,0.4451,0.1447,8.0,4.0,5105.0,3.1928,0.3991,0.0337,14881.0,0.3431,0.5
S13002966,0,2017.0,12.329999999999998,0.2563,0.208432468,0.01859999999999995,0.4451,0.1447,8.0,4.0,5105.0,3.1928,0.3991,0.0337,14881.0,0.3431,0.5
S13002966,0,2022.0,4.17,0.2563,0.208432468,0.01859999999999995,0.4451,0.1447,8.0,4.0,5105.0,3.1928,0.3991,0.0337,13553.0,0.3767,0.5
S13002966,1,2022.0,4.17,0.2563,0.208432468,0.01859999999999995,0.4451,0.1447,8.0,4.0,5105.0,3.1928,0.3991,0.0337,13553.0,0.3767,0.5
S13002966,2,2022.0,71.89,0.2563,0.208432468,0.01859999999999995,0.4451,0.1447,8.0,4.0,5105.0,3.1928,0.3991,0.0337,13553.0,0.3767,0.5
S13002966,3,2022.0,93.63999999999999,0.2563,0.208432468,0.01859999999999995,0.4451,0.1447,8.0,4.0,5105.0,3.1928,0.3991,0.0337,13553.0,0.3767,0.5
S13002967,3,2022.0,87.35,0.4751,0.174523361,0.02629999999999999,0.4416,0.2579,9.0,1.0,5132.0,2.688,0.2987,0.0239,22296.0,0.2302,0.1111
S13002967,2,2022.0,57.33,0.4751,0.174523361,0.02629999999999999,0.4416,0.2579,9.0,1.0,5132.0,2.688,0.2987,0.0239,22296.0,0.2302,0.1111
S13002967,1,2022.0,9.53,0.4751,0.174523361,0.02629999999999999,0.4416,0.2579,9.0,1.0,5132.0,2.688,0.2987,0.0239,22296.0,0.2302,0.1111
S13002967,0,2022.0,18.42,0.4751,0.174523361,0.02629999999999999,0.4416,0.2579,9.0,1.0,5132.0,2.688,0.2987,0.0239,22296.0,0.2302,0.1111
S13002967,3,2017.0,79.14,0.4751,0.174523361,0.02629999999999999,0.4416,0.2579,9.0,1.0,5132.0,2.688,0.2987,0.0239,24028.0,0.2136,0.1111
S13002967,1,2017.0,8.16,0.4751,0.174523361,0.02629999999999999,0.4416,0.2579,9.0,1.0,5132.0,2.688,0.2987,0.0239,24028.0,0.2136,0.1111
S13002967,0,2017.0,19.259999999999998,0.4751,0.174523361,0.02629999999999999,0.4416,0.2579,9.0,1.0,5132.0,2.688,0.2987,0.0239,24028.0,0.2136,0.1111
S13002967,2,2017.0,45.75,0.4751,0.174523361,0.02629999999999999,0.4416,0.2579,9.0,1.0,5132.0,2.688,0.2987,0.0239,24028.0,0.2136,0.1111
S13002968,3,2017.0,82.50999999999999,0.3895,0.165054116,0.009299999999999975,0.443,0.3555,7.0,3.0,7263.0,3.2795,0.4685,0.0261,19080.0,0.3807,0.4286
S13002968,2,2022.0,61.33,0.3895,0.165054116,0.009299999999999975,0.443,0.3555,7.0,3.0,7263.0,3.2795,0.4685,0.0261,19009.0,0.3821,0.4286
S13002968,0,2017.0,20.29,0.3895,0.165054116,0.009299999999999975,0.443,0.3555,7.0,3.0,7263.0,3.2795,0.4685,0.0261,19080.0,0.3807,0.4286
S13002968,1,2017.0,2.96,0.3895,0.165054116,0.009299999999999975,0.443,0.3555,7.0,3.0,7263.0,3.2795,0.4685,0.0261,19080.0,0.3807,0.4286
S13002968,2,2017.0,49.33,0.3895,0.165054116,0.009299999999999975,0.443,0.3555,7.0,3.0,7263.0,3.2795,0.4685,0.0261,19080.0,0.3807,0.4286
S13002968,0,2022.0,30.05,0.3895,0.165054116,0.009299999999999975,0.443,0.3555,7.0,3.0,7263.0,3.2795,0.4685,0.0261,19009.0,0.3821,0.4286
S13002968,1,2022.0,14.31,0.3895,0.165054116,0.009299999999999975,0.443,0.3555,7.0,3.0,7263.0,3.2795,0.4685,0.0261,19009.0,0.3821,0.4286
S13002968,3,2022.0,87.13,0.3895,0.165054116,0.009299999999999975,0.443,0.3555,7.0,3.0,7263.0,3.2795,0.4685,0.0261,19009.0,0.3821,0.4286
S13002969,0,2017.0,15.239999999999998,0.401,0.14569778,0.022499999999999964,0.4811,0.2437,10.0,4.0,8520.0,3.482,0.3482,0.0219,25138.0,0.3389,0.4
S13002969,1,2017.0,4.8,0.401,0.14569778,0.022499999999999964,0.4811,0.2437,10.0,4.0,8520.0,3.482,0.3482,0.0219,25138.0,0.3389,0.4
S13002969,2,2017.0,66.53,0.401,0.14569778,0.022499999999999964,0.4811,0.2437,10.0,4.0,8520.0,3.482,0.3482,0.0219,25138.0,0.3389,0.4
S13002969,3,2017.0,86.38000000000001,0.401,0.14569778,0.022499999999999964,0.4811,0.2437,10.0,4.0,8520.0,3.482,0.3482,0.0219,25138.0,0.3389,0.4
S13002969,2,2022.0,71.82,0.401,0.14569778,0.022499999999999964,0.4811,0.2437,10.0,4.0,8520.0,3.482,0.3482,0.0219,25276.0,0.3371,0.4
S13002969,1,2022.0,5.09,0.401,0.14569778,0.022499999999999964,0.4811,0.2437,10.0,4.0,8520.0,3.482,0.3482,0.0219,25276.0,0.3371,0.4
S13002969,3,2022.0,92.16,0.401,0.14569778,0.022499999999999964,0.4811,0.2437,10.0,4.0,8520.0,3.482,0.3482,0.0219,25276.0,0.3371,0.4
S13002969,0,2022.0,8.0,0.401,0.14569778,0.022499999999999964,0.4811,0.2437,10.0,4.0,8520.0,3.482,0.3482,0.0219,25276.0,0.3371,0.4
S13002970,3,2022.0,94.29,0.4468,0.185675469,0.02959999999999996,0.4464,0.2247,10.0,4.0,9261.0,3.6522,0.3652,0.0222,22449.0,0.4125,0.4
S13002970,2,2022.0,71.07,0.4468,0.185675469,0.02959999999999996,0.4464,0.2247,10.0,4.0,9261.0,3.6522,0.3652,0.0222,22449.0,0.4125,0.4
S13002970,0,2017.0,6.4,0.4468,0.185675469,0.02959999999999996,0.4464,0.2247,10.0,4.0,9261.0,3.6522,0.3652,0.0222,24090.0,0.3844,0.4
S13002970,1,2017.0,6.4,0.4468,0.185675469,0.02959999999999996,0.4464,0.2247,10.0,4.0,9261.0,3.6522,0.3652,0.0222,24090.0,0.3844,0.4
S13002970,2,2017.0,55.5,0.4468,0.185675469,0.02959999999999996,0.4464,0.2247,10.0,4.0,9261.0,3.6522,0.3652,0.0222,24090.0,0.3844,0.4
S13002970,3,2017.0,88.22,0.4468,0.185675469,0.02959999999999996,0.4464,0.2247,10.0,4.0,9261.0,3.6522,0.3652,0.0222,24090.0,0.3844,0.4
S13002970,1,2022.0,3.55,0.4468,0.185675469,0.02959999999999996,0.4464,0.2247,10.0,4.0,9261.0,3.6522,0.3652,0.0222,22449.0,0.4125,0.4
S13002970,0,2022.0,6.23,0.4468,0.185675469,0.02959999999999996,0.4464,0.2247,10.0,4.0,9261.0,3.6522,0.3652,0.0222,22449.0,0.4125,0.4
S13002971,3,2017.0,92.17999999999999,0.356,0.115395841,-0.007199999999999984,0.3117,0.3255,10.0,4.0,6479.0,3.8844,0.3884,0.0301,23365.0,0.2773,0.4
S13002971,3,2022.0,90.19,0.356,0.115395841,-0.007199999999999984,0.3117,0.3255,10.0,4.0,6479.0,3.8844,0.3884,0.0301,20063.0,0.3229,0.4
S13002971,2,2022.0,53.089999999999996,0.356,0.115395841,-0.007199999999999984,0.3117,0.3255,10.0,4.0,6479.0,3.8844,0.3884,0.0301,20063.0,0.3229,0.4
S13002971,1,2022.0,7.029999999999999,0.356,0.115395841,-0.007199999999999984,0.3117,0.3255,10.0,4.0,6479.0,3.8844,0.3884,0.0301,20063.0,0.3229,0.4
S13002971,0,2022.0,19.64,0.356,0.115395841,-0.007199999999999984,0.3117,0.3255,10.0,4.0,6479.0,3.8844,0.3884,0.0301,20063.0,0.3229,0.4
S13002971,0,2017.0,23.02,0.356,0.115395841,-0.007199999999999984,0.3117,0.3255,10.0,4.0,6479.0,3.8844,0.3884,0.0301,23365.0,0.2773,0.4
S13002971,1,2017.0,11.68,0.356,0.115395841,-0.007199999999999984,0.3117,0.3255,10.0,4.0,6479.0,3.8844,0.3884,0.0301,23365.0,0.2773,0.4
S13002971,2,2017.0,66.83000000000001,0.356,0.115395841,-0.007199999999999984,0.3117,0.3255,10.0,4.0,6479.0,3.8844,0.3884,0.0301,23365.0,0.2773,0.4
S13002972,1,2017.0,6.26,0.2429,0.147198654,0.005900000000000016,0.4463,0.5108,8.0,4.0,10288.0,3.5736,0.4467,0.0199,23488.0,0.438,0.5
S13002972,3,2022.0,89.33,0.2429,0.147198654,0.005900000000000016,0.4463,0.5108,8.0,4.0,10288.0,3.5736,0.4467,0.0199,21785.0,0.4723,0.5
S13002972,2,2022.0,69.16,0.2429,0.147198654,0.005900000000000016,0.4463,0.5108,8.0,4.0,10288.0,3.5736,0.4467,0.0199,21785.0,0.4723,0.5
S13002972,1,2022.0,7.970000000000001,0.2429,0.147198654,0.005900000000000016,0.4463,0.5108,8.0,4.0,10288.0,3.5736,0.4467,0.0199,21785.0,0.4723,0.5
S13002972,0,2017.0,13.17,0.2429,0.147198654,0.005900000000000016,0.4463,0.5108,8.0,4.0,10288.0,3.5736,0.4467,0.0199,23488.0,0.438,0.5
S13002972,2,2017.0,62.47,0.2429,0.147198654,0.005900000000000016,0.4463,0.5108,8.0,4.0,10288.0,3.5736,0.4467,0.0199,23488.0,0.438,0.5
S13002972,3,2017.0,95.16,0.2429,0.147198654,0.005900000000000016,0.4463,0.5108,8.0,4.0,10288.0,3.5736,0.4467,0.0199,23488.0,0.438,0.5
S13002972,0,2022.0,21.520000000000003,0.2429,0.147198654,0.005900000000000016,0.4463,0.5108,8.0,4.0,10288.0,3.5736,0.4467,0.0199,21785.0,0.4723,0.5
S13002973,3,2022.0,93.93,0.3518,0.143622474,0.012599999999999945,0.3609,0.4887,9.0,4.0,10749.0,3.9884,0.4432,0.0176,24418.0,0.4402,0.4444
S13002973,2,2022.0,76.74000000000001,0.3518,0.143622474,0.012599999999999945,0.3609,0.4887,9.0,4.0,10749.0,3.9884,0.4432,0.0176,24418.0,0.4402,0.4444
S13002973,1,2022.0,7.27,0.3518,0.143622474,0.012599999999999945,0.3609,0.4887,9.0,4.0,10749.0,3.9884,0.4432,0.0176,24418.0,0.4402,0.4444
S13002973,0,2022.0,20.259999999999998,0.3518,0.143622474,0.012599999999999945,0.3609,0.4887,9.0,4.0,10749.0,3.9884,0.4432,0.0176,24418.0,0.4402,0.4444
S13002973,0,2017.0,19.31,0.3518,0.143622474,0.012599999999999945,0.3609,0.4887,9.0,4.0,10749.0,3.9884,0.4432,0.0176,25484.0,0.4218,0.4444
S13002973,1,2017.0,6.22,0.3518,0.143622474,0.012599999999999945,0.3609,0.4887,9.0,4.0,10749.0,3.9884,0.4432,0.0176,25484.0,0.4218,0.4444
S13002973,3,2017.0,88.31,0.3518,0.143622474,0.012599999999999945,0.3609,0.4887,9.0,4.0,10749.0,3.9884,0.4432,0.0176,25484.0,0.4218,0.4444
S13002973,2,2017.0,62.54,0.3518,0.143622474,0.012599999999999945,0.3609,0.4887,9.0,4.0,10749.0,3.9884,0.4432,0.0176,25484.0,0.4218,0.4444
S13002974,1,2017.0,6.17,0.2833,0.099040266,-0.01529999999999998,0.349,0.3944,10.0,4.0,7255.0,3.8561,0.3856,0.0331,21561.0,0.3365,0.4
S13002974,3,2017.0,88.07000000000001,0.2833,0.099040266,-0.01529999999999998,0.349,0.3944,10.0,4.0,7255.0,3.8561,0.3856,0.0331,21561.0,0.3365,0.4
S13002974,2,2017.0,53.24,0.2833,0.099040266,-0.01529999999999998,0.349,0.3944,10.0,4.0,7255.0,3.8561,0.3856,0.0331,21561.0,0.3365,0.4
S13002974,0,2017.0,13.96,0.2833,0.099040266,-0.01529999999999998,0.349,0.3944,10.0,4.0,7255.0,3.8561,0.3856,0.0331,21561.0,0.3365,0.4
S13002974,1,2022.0,6.22,0.2833,0.099040266,-0.01529999999999998,0.349,0.3944,10.0,4.0,7255.0,3.8561,0.3856,0.0331,20481.0,0.3542,0.4
S13002974,2,2022.0,37.0,0.2833,0.099040266,-0.01529999999999998,0.349,0.3944,10.0,4.0,7255.0,3.8561,0.3856,0.0331,20481.0,0.3542,0.4
S13002974,3,2022.0,68.2,0.2833,0.099040266,-0.01529999999999998,0.349,0.3944,10.0,4.0,7255.0,3.8561,0.3856,0.0331,20481.0,0.3542,0.4
S13002974,0,2022.0,16.75,0.2833,0.099040266,-0.01529999999999998,0.349,0.3944,10.0,4.0,7255.0,3.8561,0.3856,0.0331,20481.0,0.3542,0.4
S13002975,0,2017.0,22.38,0.4004,0.102385168,-0.008699999999999986,0.2693,0.3323,9.0,4.0,5484.0,3.688,0.4098,0.028,25074.0,0.2187,0.4444
S13002975,3,2017.0,95.21000000000001,0.4004,0.102385168,-0.008699999999999986,0.2693,0.3323,9.0,4.0,5484.0,3.688,0.4098,0.028,25074.0,0.2187,0.4444
S13002975,0,2022.0,12.370000000000001,0.4004,0.102385168,-0.008699999999999986,0.2693,0.3323,9.0,4.0,5484.0,3.688,0.4098,0.028,19650.0,0.2791,0.4444
S13002975,1,2017.0,10.86,0.4004,0.102385168,-0.008699999999999986,0.2693,0.3323,9.0,4.0,5484.0,3.688,0.4098,0.028,25074.0,0.2187,0.4444
S13002975,1,2022.0,6.49,0.4004,0.102385168,-0.008699999999999986,0.2693,0.3323,9.0,4.0,5484.0,3.688,0.4098,0.028,19650.0,0.2791,0.4444
S13002975,2,2017.0,66.15,0.4004,0.102385168,-0.008699999999999986,0.2693,0.3323,9.0,4.0,5484.0,3.688,0.4098,0.028,25074.0,0.2187,0.4444
S13002975,2,2022.0,58.42999999999999,0.4004,0.102385168,-0.008699999999999986,0.2693,0.3323,9.0,4.0,5484.0,3.688,0.4098,0.028,19650.0,0.2791,0.4444
S13002975,3,2022.0,91.56,0.4004,0.102385168,-0.008699999999999986,0.2693,0.3323,9.0,4.0,5484.0,3.688,0.4098,0.028,19650.0,0.2791,0.4444
S13002976,3,2022.0,94.52,0.2326,0.052339868,-0.016000000000000014,0.166,0.5062,9.0,4.0,6010.0,4.0273,0.4475,0.0195,21542.0,0.279,0.4444
S13002976,2,2022.0,73.01,0.2326,0.052339868,-0.016000000000000014,0.166,0.5062,9.0,4.0,6010.0,4.0273,0.4475,0.0195,21542.0,0.279,0.4444
S13002976,1,2022.0,7.5200000000000005,0.2326,0.052339868,-0.016000000000000014,0.166,0.5062,9.0,4.0,6010.0,4.0273,0.4475,0.0195,21542.0,0.279,0.4444
S13002976,0,2022.0,19.03,0.2326,0.052339868,-0.016000000000000014,0.166,0.5062,9.0,4.0,6010.0,4.0273,0.4475,0.0195,21542.0,0.279,0.4444
S13002976,3,2017.0,93.0,0.2326,0.052339868,-0.016000000000000014,0.166,0.5062,9.0,4.0,6010.0,4.0273,0.4475,0.0195,30373.0,0.1979,0.4444
S13002976,2,2017.0,66.89,0.2326,0.052339868,-0.016000000000000014,0.166,0.5062,9.0,4.0,6010.0,4.0273,0.4475,0.0195,30373.0,0.1979,0.4444
S13002976,1,2017.0,7.65,0.2326,0.052339868,-0.016000000000000014,0.166,0.5062,9.0,4.0,6010.0,4.0273,0.4475,0.0195,30373.0,0.1979,0.4444
S13002976,0,2017.0,7.65,0.2326,0.052339868,-0.016000000000000014,0.166,0.5062,9.0,4.0,6010.0,4.0273,0.4475,0.0195,30373.0,0.1979,0.4444
S13002977,2,2022.0,64.85,0.2399,0.091302779,0.011700000000000044,0.2523,0.5251,8.0,3.0,6704.0,3.7117,0.464,0.0226,18086.0,0.3707,0.375
S13002977,1,2017.0,9.69,0.2399,0.091302779,0.011700000000000044,0.2523,0.5251,8.0,3.0,6704.0,3.7117,0.464,0.0226,23754.0,0.2822,0.375
S13002977,0,2017.0,10.719999999999999,0.2399,0.091302779,0.011700000000000044,0.2523,0.5251,8.0,3.0,6704.0,3.7117,0.464,0.0226,23754.0,0.2822,0.375
S13002977,1,2022.0,2.89,0.2399,0.091302779,0.011700000000000044,0.2523,0.5251,8.0,3.0,6704.0,3.7117,0.464,0.0226,18086.0,0.3707,0.375
S13002977,0,2022.0,2.89,0.2399,0.091302779,0.011700000000000044,0.2523,0.5251,8.0,3.0,6704.0,3.7117,0.464,0.0226,18086.0,0.3707,0.375
S13002977,3,2017.0,86.32,0.2399,0.091302779,0.011700000000000044,0.2523,0.5251,8.0,3.0,6704.0,3.7117,0.464,0.0226,23754.0,0.2822,0.375
S13002977,2,2017.0,47.36,0.2399,0.091302779,0.011700000000000044,0.2523,0.5251,8.0,3.0,6704.0,3.7117,0.464,0.0226,23754.0,0.2822,0.375
S13002977,3,2022.0,82.28,0.2399,0.091302779,0.011700000000000044,0.2523,0.5251,8.0,3.0,6704.0,3.7117,0.464,0.0226,18086.0,0.3707,0.375
S13002978,1,2022.0,0.9099999999999999,0.3392,0.154957442,0.008900000000000019,0.3898,0.5787,7.0,3.0,8517.0,3.3567,0.4795,0.0184,17447.0,0.4882,0.4286
S13002978,2,2022.0,54.98,0.3392,0.154957442,0.008900000000000019,0.3898,0.5787,7.0,3.0,8517.0,3.3567,0.4795,0.0184,17447.0,0.4882,0.4286
S13002978,2,2017.0,50.08,0.3392,0.154957442,0.008900000000000019,0.3898,0.5787,7.0,3.0,8517.0,3.3567,0.4795,0.0184,18271.0,0.4661,0.4286
S13002978,3,2022.0,89.87,0.3392,0.154957442,0.008900000000000019,0.3898,0.5787,7.0,3.0,8517.0,3.3567,0.4795,0.0184,17447.0,0.4882,0.4286
S13002978,0,2017.0,14.740000000000002,0.3392,0.154957442,0.008900000000000019,0.3898,0.5787,7.0,3.0,8517.0,3.3567,0.4795,0.0184,18271.0,0.4661,0.4286
S13002978,3,2017.0,82.68,0.3392,0.154957442,0.008900000000000019,0.3898,0.5787,7.0,3.0,8517.0,3.3567,0.4795,0.0184,18271.0,0.4661,0.4286
S13002978,0,2022.0,0.9099999999999999,0.3392,0.154957442,0.008900000000000019,0.3898,0.5787,7.0,3.0,8517.0,3.3567,0.4795,0.0184,17447.0,0.4882,0.4286
S13002978,1,2017.0,4.0200000000000005,0.3392,0.154957442,0.008900000000000019,0.3898,0.5787,7.0,3.0,8517.0,3.3567,0.4795,0.0184,18271.0,0.4661,0.4286
S13002979,3,2022.0,90.75,0.4081,0.162438098,0.013000000000000012,0.4222,0.2924,10.0,4.0,8688.0,3.7869,0.3787,0.0289,22378.0,0.3882,0.4
S13002979,0,2022.0,4.5,0.4081,0.162438098,0.013000000000000012,0.4222,0.2924,10.0,4.0,8688.0,3.7869,0.3787,0.0289,22378.0,0.3882,0.4
S13002979,2,2017.0,57.45,0.4081,0.162438098,0.013000000000000012,0.4222,0.2924,10.0,4.0,8688.0,3.7869,0.3787,0.0289,25522.0,0.3404,0.4
S13002979,2,2022.0,54.62,0.4081,0.162438098,0.013000000000000012,0.4222,0.2924,10.0,4.0,8688.0,3.7869,0.3787,0.0289,22378.0,0.3882,0.4
S13002979,3,2017.0,88.5,0.4081,0.162438098,0.013000000000000012,0.4222,0.2924,10.0,4.0,8688.0,3.7869,0.3787,0.0289,25522.0,0.3404,0.4
S13002979,0,2017.0,17.27,0.4081,0.162438098,0.013000000000000012,0.4222,0.2924,10.0,4.0,8688.0,3.7869,0.3787,0.0289,25522.0,0.3404,0.4
S13002979,1,2022.0,4.5,0.4081,0.162438098,0.013000000000000012,0.4222,0.2924,10.0,4.0,8688.0,3.7869,0.3787,0.0289,22378.0,0.3882,0.4
S13002979,1,2017.0,8.65,0.4081,0.162438098,0.013000000000000012,0.4222,0.2924,10.0,4.0,8688.0,3.7869,0.3787,0.0289,25522.0,0.3404,0.4
S13002980,3,2022.0,88.03,0.4105,0.143277587,0.029000000000000026,0.3625,0.2592,10.0,4.0,7534.0,3.7916,0.3792,0.0272,21094.0,0.3572,0.4
S13002980,0,2017.0,15.09,0.4105,0.143277587,0.029000000000000026,0.3625,0.2592,10.0,4.0,7534.0,3.7916,0.3792,0.0272,24058.0,0.3132,0.4
S13002980,2,2017.0,60.260000000000005,0.4105,0.143277587,0.029000000000000026,0.3625,0.2592,10.0,4.0,7534.0,3.7916,0.3792,0.0272,24058.0,0.3132,0.4
S13002980,2,2022.0,47.84,0.4105,0.143277587,0.029000000000000026,0.3625,0.2592,10.0,4.0,7534.0,3.7916,0.3792,0.0272,21094.0,0.3572,0.4
S13002980,0,2022.0,5.82,0.4105,0.143277587,0.029000000000000026,0.3625,0.2592,10.0,4.0,7534.0,3.7916,0.3792,0.0272,21094.0,0.3572,0.4
S13002980,3,2017.0,90.36,0.4105,0.143277587,0.029000000000000026,0.3625,0.2592,10.0,4.0,7534.0,3.7916,0.3792,0.0272,24058.0,0.3132,0.4
S13002980,1,2017.0,7.64,0.4105,0.143277587,0.029000000000000026,0.3625,0.2592,10.0,4.0,7534.0,3.7916,0.3792,0.0272,24058.0,0.3132,0.4
S13002980,1,2022.0,5.82,0.4105,0.143277587,0.029000000000000026,0.3625,0.2592,10.0,4.0,7534.0,3.7916,0.3792,0.0272,21094.0,0.3572,0.4
S13002981,1,2022.0,13.93,0.4091,0.137153547,0.005499999999999949,0.3403,0.3353,7.0,3.0,5730.0,3.4129,0.4876,0.0305,15044.0,0.3809,0.4286
S13002981,2,2017.0,45.870000000000005,0.4091,0.137153547,0.005499999999999949,0.3403,0.3353,7.0,3.0,5730.0,3.4129,0.4876,0.0305,19052.0,0.3008,0.4286
S13002981,2,2022.0,26.89,0.4091,0.137153547,0.005499999999999949,0.3403,0.3353,7.0,3.0,5730.0,3.4129,0.4876,0.0305,15044.0,0.3809,0.4286
S13002981,3,2022.0,59.26,0.4091,0.137153547,0.005499999999999949,0.3403,0.3353,7.0,3.0,5730.0,3.4129,0.4876,0.0305,15044.0,0.3809,0.4286
S13002981,3,2017.0,89.42999999999999,0.4091,0.137153547,0.005499999999999949,0.3403,0.3353,7.0,3.0,5730.0,3.4129,0.4876,0.0305,19052.0,0.3008,0.4286
S13002981,0,2022.0,19.09,0.4091,0.137153547,0.005499999999999949,0.3403,0.3353,7.0,3.0,5730.0,3.4129,0.4876,0.0305,15044.0,0.3809,0.4286
S13002981,0,2017.0,6.33,0.4091,0.137153547,0.005499999999999949,0.3403,0.3353,7.0,3.0,5730.0,3.4129,0.4876,0.0305,19052.0,0.3008,0.4286
S13002981,1,2017.0,2.86,0.4091,0.137153547,0.005499999999999949,0.3403,0.3353,7.0,3.0,5730.0,3.4129,0.4876,0.0305,19052.0,0.3008,0.4286
S13002982,2,2017.0,67.95,0.4326,0.14536866,0.017100000000000004,0.3291,0.2123,11.0,4.0,5771.0,3.4968,0.3179,0.0303,20937.0,0.2756,0.3636
S13002982,1,2017.0,11.34,0.4326,0.14536866,0.017100000000000004,0.3291,0.2123,11.0,4.0,5771.0,3.4968,0.3179,0.0303,20937.0,0.2756,0.3636
S13002982,0,2017.0,19.25,0.4326,0.14536866,0.017100000000000004,0.3291,0.2123,11.0,4.0,5771.0,3.4968,0.3179,0.0303,20937.0,0.2756,0.3636
S13002982,2,2022.0,57.75,0.4326,0.14536866,0.017100000000000004,0.3291,0.2123,11.0,4.0,5771.0,3.4968,0.3179,0.0303,19614.0,0.2942,0.3636
S13002982,1,2022.0,6.02,0.4326,0.14536866,0.017100000000000004,0.3291,0.2123,11.0,4.0,5771.0,3.4968,0.3179,0.0303,19614.0,0.2942,0.3636
S13002982,0,2022.0,15.469999999999999,0.4326,0.14536866,0.017100000000000004,0.3291,0.2123,11.0,4.0,5771.0,3.4968,0.3179,0.0303,19614.0,0.2942,0.3636
S13002982,3,2017.0,88.89,0.4326,0.14536866,0.017100000000000004,0.3291,0.2123,11.0,4.0,5771.0,3.4968,0.3179,0.0303,20937.0,0.2756,0.3636
S13002982,3,2022.0,89.41,0.4326,0.14536866,0.017100000000000004,0.3291,0.2123,11.0,4.0,5771.0,3.4968,0.3179,0.0303,19614.0,0.2942,0.3636
S13002983,2,2022.0,73.38,0.4746,0.147098364,0.015900000000000025,0.4087,0.21,10.0,4.0,6572.0,3.6284,0.3628,0.0264,20080.0,0.3273,0.4
S13002983,3,2017.0,89.65,0.4746,0.147098364,0.015900000000000025,0.4087,0.21,10.0,4.0,6572.0,3.6284,0.3628,0.0264,22661.0,0.29,0.4
S13002983,2,2017.0,67.19,0.4746,0.147098364,0.015900000000000025,0.4087,0.21,10.0,4.0,6572.0,3.6284,0.3628,0.0264,22661.0,0.29,0.4
S13002983,3,2022.0,92.83999999999999,0.4746,0.147098364,0.015900000000000025,0.4087,0.21,10.0,4.0,6572.0,3.6284,0.3628,0.0264,20080.0,0.3273,0.4
S13002983,1,2022.0,1.7799999999999998,0.4746,0.147098364,0.015900000000000025,0.4087,0.21,10.0,4.0,6572.0,3.6284,0.3628,0.0264,20080.0,0.3273,0.4
S13002983,0,2022.0,3.2299999999999995,0.4746,0.147098364,0.015900000000000025,0.4087,0.21,10.0,4.0,6572.0,3.6284,0.3628,0.0264,20080.0,0.3273,0.4
S13002983,1,2017.0,7.49,0.4746,0.147098364,0.015900000000000025,0.4087,0.21,10.0,4.0,6572.0,3.6284,0.3628,0.0264,22661.0,0.29,0.4
S13002983,0,2017.0,7.49,0.4746,0.147098364,0.015900000000000025,0.4087,0.21,10.0,4.0,6572.0,3.6284,0.3628,0.0264,22661.0,0.29,0.4
S13002984,3,2017.0,89.43,0.5022,0.170933735,0.011700000000000044,0.3805,0.171,9.0,4.0,7094.0,3.439,0.3821,0.0258,23482.0,0.3021,0.4444
S13002984,2,2017.0,63.73,0.5022,0.170933735,0.011700000000000044,0.3805,0.171,9.0,4.0,7094.0,3.439,0.3821,0.0258,23482.0,0.3021,0.4444
S13002984,2,2022.0,62.05,0.5022,0.170933735,0.011700000000000044,0.3805,0.171,9.0,4.0,7094.0,3.439,0.3821,0.0258,20047.0,0.3539,0.4444
S13002984,0,2017.0,16.6,0.5022,0.170933735,0.011700000000000044,0.3805,0.171,9.0,4.0,7094.0,3.439,0.3821,0.0258,23482.0,0.3021,0.4444
S13002984,1,2017.0,7.890000000000001,0.5022,0.170933735,0.011700000000000044,0.3805,0.171,9.0,4.0,7094.0,3.439,0.3821,0.0258,23482.0,0.3021,0.4444
S13002984,3,2022.0,90.94,0.5022,0.170933735,0.011700000000000044,0.3805,0.171,9.0,4.0,7094.0,3.439,0.3821,0.0258,20047.0,0.3539,0.4444
S13002984,1,2022.0,9.120000000000001,0.5022,0.170933735,0.011700000000000044,0.3805,0.171,9.0,4.0,7094.0,3.439,0.3821,0.0258,20047.0,0.3539,0.4444
S13002984,0,2022.0,15.260000000000002,0.5022,0.170933735,0.011700000000000044,0.3805,0.171,9.0,4.0,7094.0,3.439,0.3821,0.0258,20047.0,0.3539,0.4444
S13002985,3,2017.0,81.11,0.5201,0.192321063,0.015900000000000025,0.4267,0.2062,12.0,4.0,7556.0,3.4591,0.2883,0.0247,22228.0,0.3399,0.3333
S13002985,2,2017.0,43.120000000000005,0.5201,0.192321063,0.015900000000000025,0.4267,0.2062,12.0,4.0,7556.0,3.4591,0.2883,0.0247,22228.0,0.3399,0.3333
S13002985,1,2017.0,4.22,0.5201,0.192321063,0.015900000000000025,0.4267,0.2062,12.0,4.0,7556.0,3.4591,0.2883,0.0247,22228.0,0.3399,0.3333
S13002985,0,2017.0,16.71,0.5201,0.192321063,0.015900000000000025,0.4267,0.2062,12.0,4.0,7556.0,3.4591,0.2883,0.0247,22228.0,0.3399,0.3333
S13002985,3,2022.0,91.19,0.5201,0.192321063,0.015900000000000025,0.4267,0.2062,12.0,4.0,7556.0,3.4591,0.2883,0.0247,20467.0,0.3692,0.3333
S13002985,2,2022.0,67.04,0.5201,0.192321063,0.015900000000000025,0.4267,0.2062,12.0,4.0,7556.0,3.4591,0.2883,0.0247,20467.0,0.3692,0.3333
S13002985,1,2022.0,4.3999999999999995,0.5201,0.192321063,0.015900000000000025,0.4267,0.2062,12.0,4.0,7556.0,3.4591,0.2883,0.0247,20467.0,0.3692,0.3333
S13002985,0,2022.0,19.560000000000002,0.5201,0.192321063,0.015900000000000025,0.4267,0.2062,12.0,4.0,7556.0,3.4591,0.2883,0.0247,20467.0,0.3692,0.3333
S13002986,1,2022.0,10.09,0.5166,0.168148959,0.020499999999999963,0.519,0.2419,9.0,3.0,6935.0,3.3306,0.3701,0.0205,18604.0,0.3728,0.3333
S13002986,2,2022.0,54.2,0.5166,0.168148959,0.020499999999999963,0.519,0.2419,9.0,3.0,6935.0,3.3306,0.3701,0.0205,18604.0,0.3728,0.3333
S13002986,3,2022.0,88.74,0.5166,0.168148959,0.020499999999999963,0.519,0.2419,9.0,3.0,6935.0,3.3306,0.3701,0.0205,18604.0,0.3728,0.3333
S13002986,0,2022.0,24.259999999999998,0.5166,0.168148959,0.020499999999999963,0.519,0.2419,9.0,3.0,6935.0,3.3306,0.3701,0.0205,18604.0,0.3728,0.3333
S13002986,3,2017.0,84.85,0.5166,0.168148959,0.020499999999999963,0.519,0.2419,9.0,3.0,6935.0,3.3306,0.3701,0.0205,18295.0,0.3791,0.3333
S13002986,2,2017.0,55.150000000000006,0.5166,0.168148959,0.020499999999999963,0.519,0.2419,9.0,3.0,6935.0,3.3306,0.3701,0.0205,18295.0,0.3791,0.3333
S13002986,1,2017.0,6.55,0.5166,0.168148959,0.020499999999999963,0.519,0.2419,9.0,3.0,6935.0,3.3306,0.3701,0.0205,18295.0,0.3791,0.3333
S13002986,0,2017.0,22.8,0.5166,0.168148959,0.020499999999999963,0.519,0.2419,9.0,3.0,6935.0,3.3306,0.3701,0.0205,18295.0,0.3791,0.3333
S13002988,3,2017.0,90.1,0.3771,0.107082963,-0.008199999999999985,0.2564,0.3935,7.0,3.0,5424.0,3.4213,0.4888,0.0287,18278.0,0.2968,0.4286
S13002988,2,2017.0,48.56,0.3771,0.107082963,-0.008199999999999985,0.2564,0.3935,7.0,3.0,5424.0,3.4213,0.4888,0.0287,18278.0,0.2968,0.4286
S13002988,1,2017.0,11.25,0.3771,0.107082963,-0.008199999999999985,0.2564,0.3935,7.0,3.0,5424.0,3.4213,0.4888,0.0287,18278.0,0.2968,0.4286
S13002988,0,2022.0,1.48,0.3771,0.107082963,-0.008199999999999985,0.2564,0.3935,7.0,3.0,5424.0,3.4213,0.4888,0.0287,15227.0,0.3562,0.4286
S13002988,1,2022.0,1.48,0.3771,0.107082963,-0.008199999999999985,0.2564,0.3935,7.0,3.0,5424.0,3.4213,0.4888,0.0287,15227.0,0.3562,0.4286
S13002988,2,2022.0,55.38,0.3771,0.107082963,-0.008199999999999985,0.2564,0.3935,7.0,3.0,5424.0,3.4213,0.4888,0.0287,15227.0,0.3562,0.4286
S13002988,3,2022.0,89.0,0.3771,0.107082963,-0.008199999999999985,0.2564,0.3935,7.0,3.0,5424.0,3.4213,0.4888,0.0287,15227.0,0.3562,0.4286
S13002988,0,2017.0,17.13,0.3771,0.107082963,-0.008199999999999985,0.2564,0.3935,7.0,3.0,5424.0,3.4213,0.4888,0.0287,18278.0,0.2968,0.4286
S13002989,3,2017.0,81.03,0.2931,0.154357119,0.025599999999999956,0.3317,0.6058,6.0,1.0,6496.0,2.7514,0.4586,0.0144,27268.0,0.2382,0.1667
S13002989,3,2017.0,81.03,0.2931,0.154357119,0.025599999999999956,0.3317,0.6058,7.0,4.0,10516.0,3.5672,0.5096,0.0144,27268.0,0.3857,0.5714
S13002989,2,2017.0,44.71,0.2931,0.154357119,0.025599999999999956,0.3317,0.6058,6.0,1.0,6496.0,2.7514,0.4586,0.0144,27268.0,0.2382,0.1667
S13002989,2,2017.0,44.71,0.2931,0.154357119,0.025599999999999956,0.3317,0.6058,7.0,4.0,10516.0,3.5672,0.5096,0.0144,27268.0,0.3857,0.5714
S13002989,1,2017.0,3.21,0.2931,0.154357119,0.025599999999999956,0.3317,0.6058,6.0,1.0,6496.0,2.7514,0.4586,0.0144,27268.0,0.2382,0.1667
S13002989,1,2017.0,3.21,0.2931,0.154357119,0.025599999999999956,0.3317,0.6058,7.0,4.0,10516.0,3.5672,0.5096,0.0144,27268.0,0.3857,0.5714
S13002989,0,2017.0,3.21,0.2931,0.154357119,0.025599999999999956,0.3317,0.6058,6.0,1.0,6496.0,2.7514,0.4586,0.0144,27268.0,0.2382,0.1667
S13002989,0,2017.0,3.21,0.2931,0.154357119,0.025599999999999956,0.3317,0.6058,7.0,4.0,10516.0,3.5672,0.5096,0.0144,27268.0,0.3857,0.5714
S13002989,0,2022.0,16.73,0.2931,0.154357119,0.025599999999999956,0.3317,0.6058,6.0,1.0,6496.0,2.7514,0.4586,0.0144,21839.0,0.2974,0.1667
S13002989,1,2022.0,2.5300000000000002,0.2931,0.154357119,0.025599999999999956,0.3317,0.6058,7.0,4.0,10516.0,3.5672,0.5096,0.0144,21839.0,0.4815,0.5714
S13002989,1,2022.0,2.5300000000000002,0.2931,0.154357119,0.025599999999999956,0.3317,0.6058,6.0,1.0,6496.0,2.7514,0.4586,0.0144,21839.0,0.2974,0.1667
S13002989,2,2022.0,67.21,0.2931,0.154357119,0.025599999999999956,0.3317,0.6058,7.0,4.0,10516.0,3.5672,0.5096,0.0144,21839.0,0.4815,0.5714
S13002989,2,2022.0,67.21,0.2931,0.154357119,0.025599999999999956,0.3317,0.6058,6.0,1.0,6496.0,2.7514,0.4586,0.0144,21839.0,0.2974,0.1667
S13002989,0,2022.0,16.73,0.2931,0.154357119,0.025599999999999956,0.3317,0.6058,7.0,4.0,10516.0,3.5672,0.5096,0.0144,21839.0,0.4815,0.5714
S13002989,3,2022.0,93.23,0.2931,0.154357119,0.025599999999999956,0.3317,0.6058,7.0,4.0,10516.0,3.5672,0.5096,0.0144,21839.0,0.4815,0.5714
S13002989,3,2022.0,93.23,0.2931,0.154357119,0.025599999999999956,0.3317,0.6058,6.0,1.0,6496.0,2.7514,0.4586,0.0144,21839.0,0.2974,0.1667
S13002990,0,2022.0,10.09,0.4041,0.314453462,0.00039999999999995595,0.593,0.314,8.0,3.0,2807.0,3.4147,0.4268,0.0139,4892.0,0.5738,0.375
S13002990,1,2022.0,6.05,0.4041,0.314453462,0.00039999999999995595,0.593,0.314,8.0,3.0,2807.0,3.4147,0.4268,0.0139,4892.0,0.5738,0.375
S13002990,2,2022.0,63.17,0.4041,0.314453462,0.00039999999999995595,0.593,0.314,8.0,3.0,2807.0,3.4147,0.4268,0.0139,4892.0,0.5738,0.375
S13002990,3,2022.0,85.92,0.4041,0.314453462,0.00039999999999995595,0.593,0.314,8.0,3.0,2807.0,3.4147,0.4268,0.0139,4892.0,0.5738,0.375
S13002990,3,2017.0,75.77,0.4041,0.314453462,0.00039999999999995595,0.593,0.314,8.0,3.0,2807.0,3.4147,0.4268,0.0139,4926.0,0.5698,0.375
S13002990,2,2017.0,34.81,0.4041,0.314453462,0.00039999999999995595,0.593,0.314,8.0,3.0,2807.0,3.4147,0.4268,0.0139,4926.0,0.5698,0.375
S13002990,1,2017.0,4.57,0.4041,0.314453462,0.00039999999999995595,0.593,0.314,8.0,3.0,2807.0,3.4147,0.4268,0.0139,4926.0,0.5698,0.375
S13002990,0,2017.0,20.400000000000002,0.4041,0.314453462,0.00039999999999995595,0.593,0.314,8.0,3.0,2807.0,3.4147,0.4268,0.0139,4926.0,0.5698,0.375
S13002991,0,2017.0,15.7,0.349,0.242581904,0.0017000000000000348,0.5465,0.2436,9.0,4.0,5244.0,3.6148,0.4016,0.0146,10337.0,0.5073,0.4444
S13002991,1,2022.0,1.6800000000000002,0.349,0.242581904,0.0017000000000000348,0.5465,0.2436,9.0,4.0,5244.0,3.6148,0.4016,0.0146,9934.0,0.5279,0.4444
S13002991,2,2017.0,53.87,0.349,0.242581904,0.0017000000000000348,0.5465,0.2436,9.0,4.0,5244.0,3.6148,0.4016,0.0146,10337.0,0.5073,0.4444
S13002991,3,2017.0,82.17,0.349,0.242581904,0.0017000000000000348,0.5465,0.2436,9.0,4.0,5244.0,3.6148,0.4016,0.0146,10337.0,0.5073,0.4444
S13002991,0,2022.0,2.5100000000000002,0.349,0.242581904,0.0017000000000000348,0.5465,0.2436,9.0,4.0,5244.0,3.6148,0.4016,0.0146,9934.0,0.5279,0.4444
S13002991,1,2017.0,8.389999999999999,0.349,0.242581904,0.0017000000000000348,0.5465,0.2436,9.0,4.0,5244.0,3.6148,0.4016,0.0146,10337.0,0.5073,0.4444
S13002991,2,2022.0,65.78999999999999,0.349,0.242581904,0.0017000000000000348,0.5465,0.2436,9.0,4.0,5244.0,3.6148,0.4016,0.0146,9934.0,0.5279,0.4444
S13002991,3,2022.0,92.50999999999999,0.349,0.242581904,0.0017000000000000348,0.5465,0.2436,9.0,4.0,5244.0,3.6148,0.4016,0.0146,9934.0,0.5279,0.4444
S13002992,1,2017.0,10.51,0.357,0.241846774,0.005800000000000027,0.5585,0.2191,9.0,4.0,4676.0,3.6465,0.4052,0.0201,11016.0,0.4245,0.4444
S13002992,2,2022.0,55.12,0.357,0.241846774,0.005800000000000027,0.5585,0.2191,9.0,4.0,4676.0,3.6465,0.4052,0.0201,9895.0,0.4726,0.4444
S13002992,3,2022.0,83.68,0.357,0.241846774,0.005800000000000027,0.5585,0.2191,5.0,1.0,2411.0,2.3791,0.4758,0.0201,9895.0,0.2437,0.2
S13002992,0,2017.0,21.83,0.357,0.241846774,0.005800000000000027,0.5585,0.2191,5.0,1.0,2411.0,2.3791,0.4758,0.0201,11016.0,0.2189,0.2
S13002992,1,2022.0,6.68,0.357,0.241846774,0.005800000000000027,0.5585,0.2191,5.0,1.0,2411.0,2.3791,0.4758,0.0201,9895.0,0.2437,0.2
S13002992,2,2022.0,55.12,0.357,0.241846774,0.005800000000000027,0.5585,0.2191,5.0,1.0,2411.0,2.3791,0.4758,0.0201,9895.0,0.2437,0.2
S13002992,3,2022.0,83.68,0.357,0.241846774,0.005800000000000027,0.5585,0.2191,9.0,4.0,4676.0,3.6465,0.4052,0.0201,9895.0,0.4726,0.4444
S13002992,0,2022.0,12.129999999999999,0.357,0.241846774,0.005800000000000027,0.5585,0.2191,9.0,4.0,4676.0,3.6465,0.4052,0.0201,9895.0,0.4726,0.4444
S13002992,1,2022.0,6.68,0.357,0.241846774,0.005800000000000027,0.5585,0.2191,9.0,4.0,4676.0,3.6465,0.4052,0.0201,9895.0,0.4726,0.4444
S13002992,0,2022.0,12.129999999999999,0.357,0.241846774,0.005800000000000027,0.5585,0.2191,5.0,1.0,2411.0,2.3791,0.4758,0.0201,9895.0,0.2437,0.2
S13002992,0,2017.0,21.83,0.357,0.241846774,0.005800000000000027,0.5585,0.2191,9.0,4.0,4676.0,3.6465,0.4052,0.0201,11016.0,0.4245,0.4444
S13002992,3,2017.0,93.82000000000001,0.357,0.241846774,0.005800000000000027,0.5585,0.2191,5.0,1.0,2411.0,2.3791,0.4758,0.0201,11016.0,0.2189,0.2
S13002992,3,2017.0,93.82000000000001,0.357,0.241846774,0.005800000000000027,0.5585,0.2191,9.0,4.0,4676.0,3.6465,0.4052,0.0201,11016.0,0.4245,0.4444
S13002992,2,2017.0,68.67,0.357,0.241846774,0.005800000000000027,0.5585,0.2191,5.0,1.0,2411.0,2.3791,0.4758,0.0201,11016.0,0.2189,0.2
S13002992,2,2017.0,68.67,0.357,0.241846774,0.005800000000000027,0.5585,0.2191,9.0,4.0,4676.0,3.6465,0.4052,0.0201,11016.0,0.4245,0.4444
S13002992,1,2017.0,10.51,0.357,0.241846774,0.005800000000000027,0.5585,0.2191,5.0,1.0,2411.0,2.3791,0.4758,0.0201,11016.0,0.2189,0.2
S13002993,0,2017.0,17.54,0.4197,0.320556133,0.01749999999999996,0.5895,0.295,7.0,3.0,3561.0,3.1421,0.4489,0.016,6825.0,0.5218,0.4286
S13002993,0,2022.0,4.26,0.4197,0.320556133,0.01749999999999996,0.5895,0.295,7.0,3.0,3561.0,3.1421,0.4489,0.016,6276.0,0.5674,0.4286
S13002993,3,2017.0,78.07,0.4197,0.320556133,0.01749999999999996,0.5895,0.295,7.0,3.0,3561.0,3.1421,0.4489,0.016,6825.0,0.5218,0.4286
S13002993,1,2017.0,6.48,0.4197,0.320556133,0.01749999999999996,0.5895,0.295,7.0,3.0,3561.0,3.1421,0.4489,0.016,6825.0,0.5218,0.4286
S13002993,2,2017.0,40.83,0.4197,0.320556133,0.01749999999999996,0.5895,0.295,7.0,3.0,3561.0,3.1421,0.4489,0.016,6825.0,0.5218,0.4286
S13002993,3,2022.0,88.33,0.4197,0.320556133,0.01749999999999996,0.5895,0.295,7.0,3.0,3561.0,3.1421,0.4489,0.016,6276.0,0.5674,0.4286
S13002993,2,2022.0,62.35,0.4197,0.320556133,0.01749999999999996,0.5895,0.295,7.0,3.0,3561.0,3.1421,0.4489,0.016,6276.0,0.5674,0.4286
S13002993,1,2022.0,3.41,0.4197,0.320556133,0.01749999999999996,0.5895,0.295,7.0,3.0,3561.0,3.1421,0.4489,0.016,6276.0,0.5674,0.4286
S13002994,0,2017.0,12.19,0.364,0.28041981,-0.0015999999999999903,0.5795,0.3769,8.0,4.0,5620.0,3.7977,0.4747,0.0157,10150.0,0.5537,0.5
S13002994,1,2022.0,3.12,0.364,0.28041981,-0.0015999999999999903,0.5795,0.3769,8.0,4.0,5620.0,3.7977,0.4747,0.0157,10120.0,0.5553,0.5
S13002994,2,2017.0,47.88,0.364,0.28041981,-0.0015999999999999903,0.5795,0.3769,8.0,4.0,5620.0,3.7977,0.4747,0.0157,10150.0,0.5537,0.5
S13002994,3,2017.0,88.56,0.364,0.28041981,-0.0015999999999999903,0.5795,0.3769,8.0,4.0,5620.0,3.7977,0.4747,0.0157,10150.0,0.5537,0.5
S13002994,0,2022.0,12.620000000000001,0.364,0.28041981,-0.0015999999999999903,0.5795,0.3769,8.0,4.0,5620.0,3.7977,0.4747,0.0157,10120.0,0.5553,0.5
S13002994,2,2022.0,69.75,0.364,0.28041981,-0.0015999999999999903,0.5795,0.3769,8.0,4.0,5620.0,3.7977,0.4747,0.0157,10120.0,0.5553,0.5
S13002994,1,2017.0,4.84,0.364,0.28041981,-0.0015999999999999903,0.5795,0.3769,8.0,4.0,5620.0,3.7977,0.4747,0.0157,10150.0,0.5537,0.5
S13002994,3,2022.0,90.91,0.364,0.28041981,-0.0015999999999999903,0.5795,0.3769,8.0,4.0,5620.0,3.7977,0.4747,0.0157,10120.0,0.5553,0.5
S13002995,1,2022.0,14.78,0.3401,0.212755943,0.009499999999999953,0.5097,0.2118,9.0,4.0,4102.0,3.8457,0.4273,0.0277,9555.0,0.4293,0.4444
S13002995,3,2022.0,95.82,0.3401,0.212755943,0.009499999999999953,0.5097,0.2118,9.0,4.0,4102.0,3.8457,0.4273,0.0277,9555.0,0.4293,0.4444
S13002995,0,2017.0,20.68,0.3401,0.212755943,0.009499999999999953,0.5097,0.2118,9.0,4.0,4102.0,3.8457,0.4273,0.0277,10051.0,0.4081,0.4444
S13002995,0,2022.0,21.71,0.3401,0.212755943,0.009499999999999953,0.5097,0.2118,9.0,4.0,4102.0,3.8457,0.4273,0.0277,9555.0,0.4293,0.4444
S13002995,2,2017.0,70.53,0.3401,0.212755943,0.009499999999999953,0.5097,0.2118,9.0,4.0,4102.0,3.8457,0.4273,0.0277,10051.0,0.4081,0.4444
S13002995,3,2017.0,91.3,0.3401,0.212755943,0.009499999999999953,0.5097,0.2118,9.0,4.0,4102.0,3.8457,0.4273,0.0277,10051.0,0.4081,0.4444
S13002995,2,2022.0,81.86,0.3401,0.212755943,0.009499999999999953,0.5097,0.2118,9.0,4.0,4102.0,3.8457,0.4273,0.0277,9555.0,0.4293,0.4444
S13002995,1,2017.0,10.32,0.3401,0.212755943,0.009499999999999953,0.5097,0.2118,9.0,4.0,4102.0,3.8457,0.4273,0.0277,10051.0,0.4081,0.4444
S13002996,2,2017.0,44.17,0.3786,0.261042805,0.015499999999999958,0.592,0.267,6.0,3.0,3484.0,3.3358,0.556,0.0183,7506.0,0.4642,0.5
S13002996,3,2017.0,83.69999999999999,0.3786,0.261042805,0.015499999999999958,0.592,0.267,6.0,3.0,3484.0,3.3358,0.556,0.0183,7506.0,0.4642,0.5
S13002996,0,2022.0,3.1500000000000004,0.3786,0.261042805,0.015499999999999958,0.592,0.267,6.0,3.0,3484.0,3.3358,0.556,0.0183,7023.0,0.4961,0.5
S13002996,1,2022.0,3.1500000000000004,0.3786,0.261042805,0.015499999999999958,0.592,0.267,6.0,3.0,3484.0,3.3358,0.556,0.0183,7023.0,0.4961,0.5
S13002996,2,2022.0,30.61,0.3786,0.261042805,0.015499999999999958,0.592,0.267,6.0,3.0,3484.0,3.3358,0.556,0.0183,7023.0,0.4961,0.5
S13002996,3,2022.0,56.58,0.3786,0.261042805,0.015499999999999958,0.592,0.267,6.0,3.0,3484.0,3.3358,0.556,0.0183,7023.0,0.4961,0.5
S13002996,1,2017.0,4.109999999999999,0.3786,0.261042805,0.015499999999999958,0.592,0.267,6.0,3.0,3484.0,3.3358,0.556,0.0183,7506.0,0.4642,0.5
S13002996,0,2017.0,11.419999999999998,0.3786,0.261042805,0.015499999999999958,0.592,0.267,6.0,3.0,3484.0,3.3358,0.556,0.0183,7506.0,0.4642,0.5
S13002997,0,2017.0,14.54,0.3868,0.225343465,0.008099999999999996,0.5447,0.2769,7.0,4.0,4427.0,3.3998,0.4857,0.0154,11011.0,0.4021,0.5714
S13002997,1,2017.0,6.109999999999999,0.3868,0.225343465,0.008099999999999996,0.5447,0.2769,7.0,4.0,4427.0,3.3998,0.4857,0.0154,11011.0,0.4021,0.5714
S13002997,2,2017.0,67.5,0.3868,0.225343465,0.008099999999999996,0.5447,0.2769,7.0,4.0,4427.0,3.3998,0.4857,0.0154,11011.0,0.4021,0.5714
S13002997,3,2017.0,92.47999999999999,0.3868,0.225343465,0.008099999999999996,0.5447,0.2769,7.0,4.0,4427.0,3.3998,0.4857,0.0154,11011.0,0.4021,0.5714
S13002997,0,2022.0,15.44,0.3868,0.225343465,0.008099999999999996,0.5447,0.2769,7.0,4.0,4427.0,3.3998,0.4857,0.0154,10118.0,0.4375,0.5714
S13002997,1,2022.0,7.489999999999999,0.3868,0.225343465,0.008099999999999996,0.5447,0.2769,7.0,4.0,4427.0,3.3998,0.4857,0.0154,10118.0,0.4375,0.5714
S13002997,2,2022.0,63.9,0.3868,0.225343465,0.008099999999999996,0.5447,0.2769,7.0,4.0,4427.0,3.3998,0.4857,0.0154,10118.0,0.4375,0.5714
S13002997,3,2022.0,93.06,0.3868,0.225343465,0.008099999999999996,0.5447,0.2769,7.0,4.0,4427.0,3.3998,0.4857,0.0154,10118.0,0.4375,0.5714
S13002998,2,2022.0,38.33,0.386,0.271940667,0.013900000000000023,0.6346,0.4135,7.0,3.0,4591.0,3.2636,0.4662,0.0107,8611.0,0.5332,0.4286
S13002998,0,2017.0,18.26,0.386,0.271940667,0.013900000000000023,0.6346,0.4135,7.0,3.0,4591.0,3.2636,0.4662,0.0107,8747.0,0.5249,0.4286
S13002998,2,2017.0,46.9,0.386,0.271940667,0.013900000000000023,0.6346,0.4135,7.0,3.0,4591.0,3.2636,0.4662,0.0107,8747.0,0.5249,0.4286
S13002998,3,2017.0,78.66,0.386,0.271940667,0.013900000000000023,0.6346,0.4135,7.0,3.0,4591.0,3.2636,0.4662,0.0107,8747.0,0.5249,0.4286
S13002998,0,2022.0,18.240000000000002,0.386,0.271940667,0.013900000000000023,0.6346,0.4135,7.0,3.0,4591.0,3.2636,0.4662,0.0107,8611.0,0.5332,0.4286
S13002998,1,2022.0,8.67,0.386,0.271940667,0.013900000000000023,0.6346,0.4135,7.0,3.0,4591.0,3.2636,0.4662,0.0107,8611.0,0.5332,0.4286
S13002998,3,2022.0,74.56,0.386,0.271940667,0.013900000000000023,0.6346,0.4135,7.0,3.0,4591.0,3.2636,0.4662,0.0107,8611.0,0.5332,0.4286
S13002998,1,2017.0,7.11,0.386,0.271940667,0.013900000000000023,0.6346,0.4135,7.0,3.0,4591.0,3.2636,0.4662,0.0107,8747.0,0.5249,0.4286
S13002999,0,2017.0,19.240000000000002,0.4018,0.277278682,0.005600000000000049,0.5799,0.3708,12.0,4.0,5001.0,4.2665,0.3555,0.0126,8923.0,0.5605,0.3333
S13002999,1,2017.0,10.61,0.4018,0.277278682,0.005600000000000049,0.5799,0.3708,12.0,4.0,5001.0,4.2665,0.3555,0.0126,8923.0,0.5605,0.3333
S13002999,2,2017.0,55.83,0.4018,0.277278682,0.005600000000000049,0.5799,0.3708,12.0,4.0,5001.0,4.2665,0.3555,0.0126,8923.0,0.5605,0.3333
S13002999,3,2017.0,87.73,0.4018,0.277278682,0.005600000000000049,0.5799,0.3708,12.0,4.0,5001.0,4.2665,0.3555,0.0126,8923.0,0.5605,0.3333
S13003000,0,2017.0,2.71,0.43,0.237826871,0.012399999999999967,0.5749,0.2928,7.0,3.0,3242.0,3.4241,0.4892,0.013,6797.0,0.477,0.4286
S13003000,1,2017.0,0.61,0.43,0.237826871,0.012399999999999967,0.5749,0.2928,7.0,3.0,3242.0,3.4241,0.4892,0.013,6797.0,0.477,0.4286
S13003000,2,2017.0,51.95,0.43,0.237826871,0.012399999999999967,0.5749,0.2928,7.0,3.0,3242.0,3.4241,0.4892,0.013,6797.0,0.477,0.4286
S13003000,3,2017.0,84.82000000000001,0.43,0.237826871,0.012399999999999967,0.5749,0.2928,7.0,3.0,3242.0,3.4241,0.4892,0.013,6797.0,0.477,0.4286
S13003001,2,2017.0,61.71,0.3751,0.251963946,0.006099999999999994,0.6068,0.3844,7.0,4.0,5059.0,3.5811,0.5116,0.011,9532.0,0.5307,0.5714
S13003001,0,2017.0,5.11,0.3751,0.251963946,0.006099999999999994,0.6068,0.3844,6.0,1.0,3520.0,2.7273,0.4545,0.011,9532.0,0.3693,0.1667
S13003001,0,2017.0,5.11,0.3751,0.251963946,0.006099999999999994,0.6068,0.3844,7.0,4.0,5059.0,3.5811,0.5116,0.011,9532.0,0.5307,0.5714
S13003001,3,2022.0,93.11,0.3751,0.251963946,0.006099999999999994,0.6068,0.3844,6.0,1.0,3520.0,2.7273,0.4545,0.011,10006.0,0.3518,0.1667
S13003001,3,2022.0,93.11,0.3751,0.251963946,0.006099999999999994,0.6068,0.3844,7.0,4.0,5059.0,3.5811,0.5116,0.011,10006.0,0.5056,0.5714
S13003001,2,2022.0,70.12,0.3751,0.251963946,0.006099999999999994,0.6068,0.3844,6.0,1.0,3520.0,2.7273,0.4545,0.011,10006.0,0.3518,0.1667
S13003001,2,2022.0,70.12,0.3751,0.251963946,0.006099999999999994,0.6068,0.3844,7.0,4.0,5059.0,3.5811,0.5116,0.011,10006.0,0.5056,0.5714
S13003001,1,2022.0,7.29,0.3751,0.251963946,0.006099999999999994,0.6068,0.3844,6.0,1.0,3520.0,2.7273,0.4545,0.011,10006.0,0.3518,0.1667
S13003001,1,2022.0,7.29,0.3751,0.251963946,0.006099999999999994,0.6068,0.3844,7.0,4.0,5059.0,3.5811,0.5116,0.011,10006.0,0.5056,0.5714
S13003001,0,2022.0,17.55,0.3751,0.251963946,0.006099999999999994,0.6068,0.3844,7.0,4.0,5059.0,3.5811,0.5116,0.011,10006.0,0.5056,0.5714
S13003001,0,2022.0,17.55,0.3751,0.251963946,0.006099999999999994,0.6068,0.3844,6.0,1.0,3520.0,2.7273,0.4545,0.011,10006.0,0.3518,0.1667
S13003001,2,2017.0,61.71,0.3751,0.251963946,0.006099999999999994,0.6068,0.3844,6.0,1.0,3520.0,2.7273,0.4545,0.011,9532.0,0.3693,0.1667
S13003001,1,2017.0,5.11,0.3751,0.251963946,0.006099999999999994,0.6068,0.3844,7.0,4.0,5059.0,3.5811,0.5116,0.011,9532.0,0.5307,0.5714
S13003001,1,2017.0,5.11,0.3751,0.251963946,0.006099999999999994,0.6068,0.3844,6.0,1.0,3520.0,2.7273,0.4545,0.011,9532.0,0.3693,0.1667
S13003001,3,2017.0,95.10000000000001,0.3751,0.251963946,0.006099999999999994,0.6068,0.3844,7.0,4.0,5059.0,3.5811,0.5116,0.011,9532.0,0.5307,0.5714
S13003001,3,2017.0,95.10000000000001,0.3751,0.251963946,0.006099999999999994,0.6068,0.3844,6.0,1.0,3520.0,2.7273,0.4545,0.011,9532.0,0.3693,0.1667
S13003002,2,2022.0,72.85000000000001,0.371,0.211793612,0.01529999999999998,0.4764,0.2843,7.0,1.0,2131.0,2.5448,0.3635,0.0148,8214.0,0.2594,0.1429
S13003002,2,2022.0,72.85000000000001,0.371,0.211793612,0.01529999999999998,0.4764,0.2843,7.0,3.0,3486.0,3.3706,0.4815,0.0148,8214.0,0.4244,0.4286
S13003002,1,2022.0,17.57,0.371,0.211793612,0.01529999999999998,0.4764,0.2843,7.0,1.0,2131.0,2.5448,0.3635,0.0148,8214.0,0.2594,0.1429
S13003002,1,2022.0,17.57,0.371,0.211793612,0.01529999999999998,0.4764,0.2843,7.0,3.0,3486.0,3.3706,0.4815,0.0148,8214.0,0.4244,0.4286
S13003002,0,2022.0,30.29,0.371,0.211793612,0.01529999999999998,0.4764,0.2843,7.0,1.0,2131.0,2.5448,0.3635,0.0148,8214.0,0.2594,0.1429
S13003002,0,2022.0,30.29,0.371,0.211793612,0.01529999999999998,0.4764,0.2843,7.0,3.0,3486.0,3.3706,0.4815,0.0148,8214.0,0.4244,0.4286
S13003002,1,2017.0,4.68,0.371,0.211793612,0.01529999999999998,0.4764,0.2843,7.0,1.0,2131.0,2.5448,0.3635,0.0148,8285.0,0.2572,0.1429
S13003002,0,2017.0,4.68,0.371,0.211793612,0.01529999999999998,0.4764,0.2843,7.0,3.0,3486.0,3.3706,0.4815,0.0148,8285.0,0.4208,0.4286
S13003002,0,2017.0,4.68,0.371,0.211793612,0.01529999999999998,0.4764,0.2843,7.0,1.0,2131.0,2.5448,0.3635,0.0148,8285.0,0.2572,0.1429
S13003002,3,2022.0,91.26,0.371,0.211793612,0.01529999999999998,0.4764,0.2843,7.0,1.0,2131.0,2.5448,0.3635,0.0148,8214.0,0.2594,0.1429
S13003002,1,2017.0,4.68,0.371,0.211793612,0.01529999999999998,0.4764,0.2843,7.0,3.0,3486.0,3.3706,0.4815,0.0148,8285.0,0.4208,0.4286
S13003002,2,2017.0,48.28,0.371,0.211793612,0.01529999999999998,0.4764,0.2843,7.0,3.0,3486.0,3.3706,0.4815,0.0148,8285.0,0.4208,0.4286
S13003002,2,2017.0,48.28,0.371,0.211793612,0.01529999999999998,0.4764,0.2843,7.0,1.0,2131.0,2.5448,0.3635,0.0148,8285.0,0.2572,0.1429
S13003002,3,2017.0,81.59,0.371,0.211793612,0.01529999999999998,0.4764,0.2843,7.0,3.0,3486.0,3.3706,0.4815,0.0148,8285.0,0.4208,0.4286
S13003002,3,2017.0,81.59,0.371,0.211793612,0.01529999999999998,0.4764,0.2843,7.0,1.0,2131.0,2.5448,0.3635,0.0148,8285.0,0.2572,0.1429
S13003002,3,2022.0,91.26,0.371,0.211793612,0.01529999999999998,0.4764,0.2843,7.0,3.0,3486.0,3.3706,0.4815,0.0148,8214.0,0.4244,0.4286
S13003003,0,2022.0,23.560000000000002,0.3404,0.185358639,-0.0009000000000000119,0.3611,0.2622,8.0,3.0,3419.0,3.5323,0.4415,0.0276,8242.0,0.4148,0.375
S13003003,3,2022.0,82.95,0.3404,0.185358639,-0.0009000000000000119,0.3611,0.2622,8.0,3.0,3419.0,3.5323,0.4415,0.0276,8242.0,0.4148,0.375
S13003003,2,2022.0,47.53,0.3404,0.185358639,-0.0009000000000000119,0.3611,0.2622,8.0,3.0,3419.0,3.5323,0.4415,0.0276,8242.0,0.4148,0.375
S13003003,1,2022.0,9.34,0.3404,0.185358639,-0.0009000000000000119,0.3611,0.2622,8.0,3.0,3419.0,3.5323,0.4415,0.0276,8242.0,0.4148,0.375
S13003003,3,2017.0,78.50999999999999,0.3404,0.185358639,-0.0009000000000000119,0.3611,0.2622,8.0,3.0,3419.0,3.5323,0.4415,0.0276,10894.0,0.3138,0.375
S13003003,2,2017.0,49.7,0.3404,0.185358639,-0.0009000000000000119,0.3611,0.2622,8.0,3.0,3419.0,3.5323,0.4415,0.0276,10894.0,0.3138,0.375
S13003003,1,2017.0,9.75,0.3404,0.185358639,-0.0009000000000000119,0.3611,0.2622,8.0,3.0,3419.0,3.5323,0.4415,0.0276,10894.0,0.3138,0.375
S13003003,0,2017.0,18.89,0.3404,0.185358639,-0.0009000000000000119,0.3611,0.2622,8.0,3.0,3419.0,3.5323,0.4415,0.0276,10894.0,0.3138,0.375
S13003004,1,2022.0,16.52,0.3846,0.214234299,0.02300000000000002,0.5464,0.3506,6.0,3.0,4068.0,2.9044,0.4841,0.0145,8704.0,0.4674,0.5
S13003004,0,2022.0,26.6,0.3846,0.214234299,0.02300000000000002,0.5464,0.3506,6.0,3.0,4068.0,2.9044,0.4841,0.0145,8704.0,0.4674,0.5
S13003004,3,2022.0,95.67999999999999,0.3846,0.214234299,0.02300000000000002,0.5464,0.3506,6.0,3.0,4068.0,2.9044,0.4841,0.0145,8704.0,0.4674,0.5
S13003004,2,2022.0,80.07,0.3846,0.214234299,0.02300000000000002,0.5464,0.3506,6.0,3.0,4068.0,2.9044,0.4841,0.0145,8704.0,0.4674,0.5
S13003004,1,2017.0,10.72,0.3846,0.214234299,0.02300000000000002,0.5464,0.3506,6.0,3.0,4068.0,2.9044,0.4841,0.0145,8401.0,0.4842,0.5
S13003004,2,2017.0,68.71,0.3846,0.214234299,0.02300000000000002,0.5464,0.3506,6.0,3.0,4068.0,2.9044,0.4841,0.0145,8401.0,0.4842,0.5
S13003004,3,2017.0,90.17,0.3846,0.214234299,0.02300000000000002,0.5464,0.3506,6.0,3.0,4068.0,2.9044,0.4841,0.0145,8401.0,0.4842,0.5
S13003004,0,2017.0,22.64,0.3846,0.214234299,0.02300000000000002,0.5464,0.3506,6.0,3.0,4068.0,2.9044,0.4841,0.0145,8401.0,0.4842,0.5
S13003005,3,2017.0,77.93,0.3789,0.221662997,0.019000000000000017,0.5278,0.3155,7.0,3.0,3590.0,3.285,0.4693,0.0165,8870.0,0.4047,0.4286
S13003005,0,2017.0,12.29,0.3789,0.221662997,0.019000000000000017,0.5278,0.3155,7.0,3.0,3590.0,3.285,0.4693,0.0165,8870.0,0.4047,0.4286
S13003005,1,2017.0,9.7,0.3789,0.221662997,0.019000000000000017,0.5278,0.3155,7.0,3.0,3590.0,3.285,0.4693,0.0165,8870.0,0.4047,0.4286
S13003005,3,2022.0,89.71,0.3789,0.221662997,0.019000000000000017,0.5278,0.3155,7.0,3.0,3590.0,3.285,0.4693,0.0165,7289.0,0.4925,0.4286
S13003005,2,2022.0,64.56,0.3789,0.221662997,0.019000000000000017,0.5278,0.3155,7.0,3.0,3590.0,3.285,0.4693,0.0165,7289.0,0.4925,0.4286
S13003005,1,2022.0,6.02,0.3789,0.221662997,0.019000000000000017,0.5278,0.3155,7.0,3.0,3590.0,3.285,0.4693,0.0165,7289.0,0.4925,0.4286
S13003005,0,2022.0,18.549999999999997,0.3789,0.221662997,0.019000000000000017,0.5278,0.3155,7.0,3.0,3590.0,3.285,0.4693,0.0165,7289.0,0.4925,0.4286
S13003005,2,2017.0,49.58,0.3789,0.221662997,0.019000000000000017,0.5278,0.3155,7.0,3.0,3590.0,3.285,0.4693,0.0165,8870.0,0.4047,0.4286
S13003006,2,2022.0,37.61,0.3611,0.192410985,0.0007000000000000339,0.5251,0.2992,8.0,3.0,3782.0,3.3326,0.4166,0.0129,9077.0,0.4167,0.375
S13003006,1,2022.0,9.2,0.3611,0.192410985,0.0007000000000000339,0.5251,0.2992,8.0,3.0,3782.0,3.3326,0.4166,0.0129,9077.0,0.4167,0.375
S13003006,3,2022.0,55.41,0.3611,0.192410985,0.0007000000000000339,0.5251,0.2992,8.0,3.0,3782.0,3.3326,0.4166,0.0129,9077.0,0.4167,0.375
S13003006,0,2017.0,18.54,0.3611,0.192410985,0.0007000000000000339,0.5251,0.2992,8.0,3.0,3782.0,3.3326,0.4166,0.0129,8611.0,0.4392,0.375
S13003006,2,2017.0,37.86,0.3611,0.192410985,0.0007000000000000339,0.5251,0.2992,8.0,3.0,3782.0,3.3326,0.4166,0.0129,8611.0,0.4392,0.375
S13003006,3,2017.0,77.42,0.3611,0.192410985,0.0007000000000000339,0.5251,0.2992,8.0,3.0,3782.0,3.3326,0.4166,0.0129,8611.0,0.4392,0.375
S13003006,0,2022.0,15.309999999999999,0.3611,0.192410985,0.0007000000000000339,0.5251,0.2992,8.0,3.0,3782.0,3.3326,0.4166,0.0129,9077.0,0.4167,0.375
S13003006,1,2017.0,8.67,0.3611,0.192410985,0.0007000000000000339,0.5251,0.2992,8.0,3.0,3782.0,3.3326,0.4166,0.0129,8611.0,0.4392,0.375
S13003007,1,2017.0,6.65,0.3633,0.279459674,0.015000000000000013,0.5895,0.3192,10.0,4.0,5303.0,3.9478,0.3948,0.0146,11185.0,0.4741,0.4
S13003007,1,2022.0,7.02,0.3633,0.279459674,0.015000000000000013,0.5895,0.3192,10.0,4.0,5303.0,3.9478,0.3948,0.0146,10434.0,0.5082,0.4
S13003007,2,2022.0,67.36,0.3633,0.279459674,0.015000000000000013,0.5895,0.3192,10.0,4.0,5303.0,3.9478,0.3948,0.0146,10434.0,0.5082,0.4
S13003007,3,2022.0,90.67,0.3633,0.279459674,0.015000000000000013,0.5895,0.3192,10.0,4.0,5303.0,3.9478,0.3948,0.0146,10434.0,0.5082,0.4
S13003007,3,2017.0,87.31,0.3633,0.279459674,0.015000000000000013,0.5895,0.3192,10.0,4.0,5303.0,3.9478,0.3948,0.0146,11185.0,0.4741,0.4
S13003007,2,2017.0,46.86,0.3633,0.279459674,0.015000000000000013,0.5895,0.3192,10.0,4.0,5303.0,3.9478,0.3948,0.0146,11185.0,0.4741,0.4
S13003007,0,2017.0,17.93,0.3633,0.279459674,0.015000000000000013,0.5895,0.3192,10.0,4.0,5303.0,3.9478,0.3948,0.0146,11185.0,0.4741,0.4
S13003007,0,2022.0,17.42,0.3633,0.279459674,0.015000000000000013,0.5895,0.3192,10.0,4.0,5303.0,3.9478,0.3948,0.0146,10434.0,0.5082,0.4
S13003008,0,2022.0,19.33,0.3572,0.155679635,0.022800000000000042,0.5358,0.3579,8.0,4.0,5085.0,3.5583,0.4448,0.0118,12280.0,0.4141,0.5
S13003008,2,2022.0,68.59,0.3572,0.155679635,0.022800000000000042,0.5358,0.3579,8.0,4.0,5085.0,3.5583,0.4448,0.0118,12280.0,0.4141,0.5
S13003008,3,2022.0,93.26,0.3572,0.155679635,0.022800000000000042,0.5358,0.3579,8.0,4.0,5085.0,3.5583,0.4448,0.0118,12280.0,0.4141,0.5
S13003008,3,2017.0,91.44999999999999,0.3572,0.155679635,0.022800000000000042,0.5358,0.3579,8.0,4.0,5085.0,3.5583,0.4448,0.0118,12243.0,0.4153,0.5
S13003008,2,2017.0,61.12,0.3572,0.155679635,0.022800000000000042,0.5358,0.3579,8.0,4.0,5085.0,3.5583,0.4448,0.0118,12243.0,0.4153,0.5
S13003008,1,2017.0,6.0,0.3572,0.155679635,0.022800000000000042,0.5358,0.3579,8.0,4.0,5085.0,3.5583,0.4448,0.0118,12243.0,0.4153,0.5
S13003008,0,2017.0,6.0,0.3572,0.155679635,0.022800000000000042,0.5358,0.3579,8.0,4.0,5085.0,3.5583,0.4448,0.0118,12243.0,0.4153,0.5
S13003008,1,2022.0,9.77,0.3572,0.155679635,0.022800000000000042,0.5358,0.3579,8.0,4.0,5085.0,3.5583,0.4448,0.0118,12280.0,0.4141,0.5
S13003009,2,2017.0,64.21,0.3596,0.265373181,0.01100000000000001,0.5839,0.3753,8.0,4.0,5369.0,3.3354,0.4169,0.0092,11671.0,0.46,0.5
S13003009,1,2017.0,8.12,0.3596,0.265373181,0.01100000000000001,0.5839,0.3753,8.0,4.0,5369.0,3.3354,0.4169,0.0092,11671.0,0.46,0.5
S13003009,3,2017.0,90.67,0.3596,0.265373181,0.01100000000000001,0.5839,0.3753,8.0,4.0,5369.0,3.3354,0.4169,0.0092,11671.0,0.46,0.5
S13003009,0,2022.0,17.97,0.3596,0.265373181,0.01100000000000001,0.5839,0.3753,8.0,4.0,5369.0,3.3354,0.4169,0.0092,10574.0,0.5078,0.5
S13003009,1,2022.0,5.46,0.3596,0.265373181,0.01100000000000001,0.5839,0.3753,8.0,4.0,5369.0,3.3354,0.4169,0.0092,10574.0,0.5078,0.5
S13003009,2,2022.0,54.400000000000006,0.3596,0.265373181,0.01100000000000001,0.5839,0.3753,8.0,4.0,5369.0,3.3354,0.4169,0.0092,10574.0,0.5078,0.5
S13003009,3,2022.0,86.67,0.3596,0.265373181,0.01100000000000001,0.5839,0.3753,8.0,4.0,5369.0,3.3354,0.4169,0.0092,10574.0,0.5078,0.5
S13003009,0,2017.0,17.07,0.3596,0.265373181,0.01100000000000001,0.5839,0.3753,8.0,4.0,5369.0,3.3354,0.4169,0.0092,11671.0,0.46,0.5
S13003010,0,2017.0,19.490000000000002,0.3964,0.221923697,0.007900000000000018,0.5028,0.2993,7.0,4.0,4162.0,3.2338,0.462,0.0134,9644.0,0.4316,0.5714
S13003010,1,2017.0,8.36,0.3964,0.221923697,0.007900000000000018,0.5028,0.2993,7.0,4.0,4162.0,3.2338,0.462,0.0134,9644.0,0.4316,0.5714
S13003010,2,2017.0,72.36,0.3964,0.221923697,0.007900000000000018,0.5028,0.2993,7.0,4.0,4162.0,3.2338,0.462,0.0134,9644.0,0.4316,0.5714
S13003010,3,2017.0,94.78,0.3964,0.221923697,0.007900000000000018,0.5028,0.2993,7.0,4.0,4162.0,3.2338,0.462,0.0134,9644.0,0.4316,0.5714
S13003010,3,2022.0,92.73,0.3964,0.221923697,0.007900000000000018,0.5028,0.2993,7.0,4.0,4162.0,3.2338,0.462,0.0134,8756.0,0.4753,0.5714
S13003010,2,2022.0,70.97,0.3964,0.221923697,0.007900000000000018,0.5028,0.2993,7.0,4.0,4162.0,3.2338,0.462,0.0134,8756.0,0.4753,0.5714
S13003010,1,2022.0,0.0,0.3964,0.221923697,0.007900000000000018,0.5028,0.2993,7.0,4.0,4162.0,3.2338,0.462,0.0134,8756.0,0.4753,0.5714
S13003010,0,2022.0,12.64,0.3964,0.221923697,0.007900000000000018,0.5028,0.2993,7.0,4.0,4162.0,3.2338,0.462,0.0134,8756.0,0.4753,0.5714
S13003011,0,2017.0,5.56,0.5827,0.240840947,0.022199999999999998,0.5733,0.3049,5.0,3.0,4420.0,2.5439,0.5088,0.0197,9382.0,0.4711,0.6
S13003011,3,2017.0,85.7,0.5827,0.240840947,0.022199999999999998,0.5733,0.3049,5.0,3.0,4420.0,2.5439,0.5088,0.0197,9382.0,0.4711,0.6
S13003011,2,2017.0,66.99,0.5827,0.240840947,0.022199999999999998,0.5733,0.3049,5.0,3.0,4420.0,2.5439,0.5088,0.0197,9382.0,0.4711,0.6
S13003011,1,2017.0,5.56,0.5827,0.240840947,0.022199999999999998,0.5733,0.3049,5.0,3.0,4420.0,2.5439,0.5088,0.0197,9382.0,0.4711,0.6
S13003012,1,2022.0,6.040000000000001,0.658,0.212817766,0.01870000000000005,0.4991,0.1934,6.0,3.0,3227.0,2.8791,0.4799,0.0221,7868.0,0.4101,0.5
S13003012,0,2022.0,8.5,0.658,0.212817766,0.01870000000000005,0.4991,0.1934,6.0,3.0,3227.0,2.8791,0.4799,0.0221,7868.0,0.4101,0.5
S13003012,3,2022.0,64.39,0.658,0.212817766,0.01870000000000005,0.4991,0.1934,6.0,3.0,3227.0,2.8791,0.4799,0.0221,7868.0,0.4101,0.5
S13003012,2,2022.0,31.48,0.658,0.212817766,0.01870000000000005,0.4991,0.1934,6.0,3.0,3227.0,2.8791,0.4799,0.0221,7868.0,0.4101,0.5
S13003012,3,2017.0,85.2,0.658,0.212817766,0.01870000000000005,0.4991,0.1934,6.0,3.0,3227.0,2.8791,0.4799,0.0221,8055.0,0.4006,0.5
S13003012,2,2017.0,60.68,0.658,0.212817766,0.01870000000000005,0.4991,0.1934,6.0,3.0,3227.0,2.8791,0.4799,0.0221,8055.0,0.4006,0.5
S13003012,1,2017.0,10.67,0.658,0.212817766,0.01870000000000005,0.4991,0.1934,6.0,3.0,3227.0,2.8791,0.4799,0.0221,8055.0,0.4006,0.5
S13003012,0,2017.0,21.28,0.658,0.212817766,0.01870000000000005,0.4991,0.1934,6.0,3.0,3227.0,2.8791,0.4799,0.0221,8055.0,0.4006,0.5
S13003013,1,2022.0,4.0,0.6119,0.179533214,0.023900000000000032,0.423,0.1478,6.0,3.0,2828.0,3.064,0.5107,0.0272,7650.0,0.3697,0.5
S13003013,2,2022.0,60.86,0.6119,0.179533214,0.023900000000000032,0.423,0.1478,6.0,3.0,2828.0,3.064,0.5107,0.0272,7650.0,0.3697,0.5
S13003013,3,2022.0,93.14,0.6119,0.179533214,0.023900000000000032,0.423,0.1478,6.0,3.0,2828.0,3.064,0.5107,0.0272,7650.0,0.3697,0.5
S13003013,0,2022.0,4.0,0.6119,0.179533214,0.023900000000000032,0.423,0.1478,6.0,3.0,2828.0,3.064,0.5107,0.0272,7650.0,0.3697,0.5
S13003013,3,2017.0,91.22,0.6119,0.179533214,0.023900000000000032,0.423,0.1478,6.0,3.0,2828.0,3.064,0.5107,0.0272,9867.0,0.2866,0.5
S13003013,2,2017.0,64.9,0.6119,0.179533214,0.023900000000000032,0.423,0.1478,6.0,3.0,2828.0,3.064,0.5107,0.0272,9867.0,0.2866,0.5
S13003013,1,2017.0,8.51,0.6119,0.179533214,0.023900000000000032,0.423,0.1478,6.0,3.0,2828.0,3.064,0.5107,0.0272,9867.0,0.2866,0.5
S13003013,0,2017.0,8.51,0.6119,0.179533214,0.023900000000000032,0.423,0.1478,6.0,3.0,2828.0,3.064,0.5107,0.0272,9867.0,0.2866,0.5
S13003014,3,2017.0,93.72999999999999,0.5957,0.281857787,0.013700000000000045,0.5047,0.2961,9.0,4.0,5041.0,3.4317,0.3813,0.0209,12193.0,0.4134,0.4444
S13003014,2,2017.0,60.73,0.5957,0.281857787,0.013700000000000045,0.5047,0.2961,9.0,4.0,5041.0,3.4317,0.3813,0.0209,12193.0,0.4134,0.4444
S13003014,0,2017.0,17.61,0.5957,0.281857787,0.013700000000000045,0.5047,0.2961,9.0,4.0,5041.0,3.4317,0.3813,0.0209,12193.0,0.4134,0.4444
S13003014,1,2017.0,7.78,0.5957,0.281857787,0.013700000000000045,0.5047,0.2961,9.0,4.0,5041.0,3.4317,0.3813,0.0209,12193.0,0.4134,0.4444
S13003014,0,2022.0,17.18,0.5957,0.281857787,0.013700000000000045,0.5047,0.2961,9.0,4.0,5041.0,3.4317,0.3813,0.0209,10112.0,0.4985,0.4444
S13003014,1,2022.0,6.699999999999999,0.5957,0.281857787,0.013700000000000045,0.5047,0.2961,9.0,4.0,5041.0,3.4317,0.3813,0.0209,10112.0,0.4985,0.4444
S13003014,3,2022.0,82.27,0.5957,0.281857787,0.013700000000000045,0.5047,0.2961,9.0,4.0,5041.0,3.4317,0.3813,0.0209,10112.0,0.4985,0.4444
S13003014,2,2022.0,47.73,0.5957,0.281857787,0.013700000000000045,0.5047,0.2961,9.0,4.0,5041.0,3.4317,0.3813,0.0209,10112.0,0.4985,0.4444
S13003015,2,2017.0,69.11,0.6045,0.275989858,0.01200000000000001,0.5773,0.3396,7.0,3.0,4774.0,3.0432,0.4347,0.0126,9149.0,0.5218,0.4286
S13003015,3,2022.0,0.0,0.6045,0.275989858,0.01200000000000001,0.5773,0.3396,7.0,3.0,4774.0,3.0432,0.4347,0.0126,8556.0,0.558,0.4286
S13003015,2,2022.0,0.0,0.6045,0.275989858,0.01200000000000001,0.5773,0.3396,7.0,3.0,4774.0,3.0432,0.4347,0.0126,8556.0,0.558,0.4286
S13003015,1,2022.0,0.0,0.6045,0.275989858,0.01200000000000001,0.5773,0.3396,7.0,3.0,4774.0,3.0432,0.4347,0.0126,8556.0,0.558,0.4286
S13003015,0,2022.0,0.0,0.6045,0.275989858,0.01200000000000001,0.5773,0.3396,7.0,3.0,4774.0,3.0432,0.4347,0.0126,8556.0,0.558,0.4286
S13003015,3,2017.0,87.45,0.6045,0.275989858,0.01200000000000001,0.5773,0.3396,7.0,3.0,4774.0,3.0432,0.4347,0.0126,9149.0,0.5218,0.4286
S13003015,1,2017.0,10.77,0.6045,0.275989858,0.01200000000000001,0.5773,0.3396,7.0,3.0,4774.0,3.0432,0.4347,0.0126,9149.0,0.5218,0.4286
S13003015,0,2017.0,23.14,0.6045,0.275989858,0.01200000000000001,0.5773,0.3396,7.0,3.0,4774.0,3.0432,0.4347,0.0126,9149.0,0.5218,0.4286
S13003016,2,2022.0,58.63,0.5836,0.18318613,0.021700000000000053,0.5642,0.2523,6.0,3.0,4061.0,3.0017,0.5003,0.0165,9286.0,0.4373,0.5
S13003016,1,2022.0,9.25,0.5836,0.18318613,0.021700000000000053,0.5642,0.2523,6.0,3.0,4061.0,3.0017,0.5003,0.0165,9286.0,0.4373,0.5
S13003016,0,2022.0,23.93,0.5836,0.18318613,0.021700000000000053,0.5642,0.2523,6.0,3.0,4061.0,3.0017,0.5003,0.0165,9286.0,0.4373,0.5
S13003016,1,2017.0,9.23,0.5836,0.18318613,0.021700000000000053,0.5642,0.2523,6.0,3.0,4061.0,3.0017,0.5003,0.0165,9565.0,0.4246,0.5
S13003016,0,2017.0,20.240000000000002,0.5836,0.18318613,0.021700000000000053,0.5642,0.2523,6.0,3.0,4061.0,3.0017,0.5003,0.0165,9565.0,0.4246,0.5
S13003016,2,2017.0,44.84,0.5836,0.18318613,0.021700000000000053,0.5642,0.2523,6.0,3.0,4061.0,3.0017,0.5003,0.0165,9565.0,0.4246,0.5
S13003016,3,2017.0,79.81,0.5836,0.18318613,0.021700000000000053,0.5642,0.2523,6.0,3.0,4061.0,3.0017,0.5003,0.0165,9565.0,0.4246,0.5
S13003016,3,2022.0,88.92,0.5836,0.18318613,0.021700000000000053,0.5642,0.2523,6.0,3.0,4061.0,3.0017,0.5003,0.0165,9286.0,0.4373,0.5
S13003017,1,2022.0,1.8199999999999998,0.6172,0.189433237,0.020199999999999996,0.4546,0.1711,5.0,3.0,3157.0,2.6563,0.5313,0.0214,7750.0,0.4074,0.6
S13003017,0,2017.0,20.549999999999997,0.6172,0.189433237,0.020199999999999996,0.4546,0.1711,5.0,3.0,3157.0,2.6563,0.5313,0.0214,7848.0,0.4023,0.6
S13003017,1,2017.0,11.239999999999998,0.6172,0.189433237,0.020199999999999996,0.4546,0.1711,5.0,3.0,3157.0,2.6563,0.5313,0.0214,7848.0,0.4023,0.6
S13003017,2,2017.0,57.51,0.6172,0.189433237,0.020199999999999996,0.4546,0.1711,5.0,3.0,3157.0,2.6563,0.5313,0.0214,7848.0,0.4023,0.6
S13003017,3,2017.0,82.81,0.6172,0.189433237,0.020199999999999996,0.4546,0.1711,5.0,3.0,3157.0,2.6563,0.5313,0.0214,7848.0,0.4023,0.6
S13003017,0,2022.0,4.21,0.6172,0.189433237,0.020199999999999996,0.4546,0.1711,5.0,3.0,3157.0,2.6563,0.5313,0.0214,7750.0,0.4074,0.6
S13003017,2,2022.0,59.01,0.6172,0.189433237,0.020199999999999996,0.4546,0.1711,5.0,3.0,3157.0,2.6563,0.5313,0.0214,7750.0,0.4074,0.6
S13003017,3,2022.0,88.79,0.6172,0.189433237,0.020199999999999996,0.4546,0.1711,5.0,3.0,3157.0,2.6563,0.5313,0.0214,7750.0,0.4074,0.6
S13003018,0,2017.0,8.32,0.311,0.242412972,0.01770000000000005,0.5629,0.2966,6.0,3.0,5793.0,2.9451,0.4909,0.015,11506.0,0.5035,0.5
S13003018,3,2022.0,88.44999999999999,0.311,0.242412972,0.01770000000000005,0.5629,0.2966,6.0,3.0,5793.0,2.9451,0.4909,0.015,11134.0,0.5203,0.5
S13003018,2,2022.0,67.17,0.311,0.242412972,0.01770000000000005,0.5629,0.2966,6.0,3.0,5793.0,2.9451,0.4909,0.015,11134.0,0.5203,0.5
S13003018,1,2022.0,6.68,0.311,0.242412972,0.01770000000000005,0.5629,0.2966,6.0,3.0,5793.0,2.9451,0.4909,0.015,11134.0,0.5203,0.5
S13003018,1,2017.0,8.32,0.311,0.242412972,0.01770000000000005,0.5629,0.2966,6.0,3.0,5793.0,2.9451,0.4909,0.015,11506.0,0.5035,0.5
S13003018,2,2017.0,51.77,0.311,0.242412972,0.01770000000000005,0.5629,0.2966,6.0,3.0,5793.0,2.9451,0.4909,0.015,11506.0,0.5035,0.5
S13003018,3,2017.0,74.16,0.311,0.242412972,0.01770000000000005,0.5629,0.2966,6.0,3.0,5793.0,2.9451,0.4909,0.015,11506.0,0.5035,0.5
S13003018,0,2022.0,25.23,0.311,0.242412972,0.01770000000000005,0.5629,0.2966,6.0,3.0,5793.0,2.9451,0.4909,0.015,11134.0,0.5203,0.5
S13003019,3,2022.0,92.87,0.3362,0.188483685,0.01859999999999995,0.5804,0.2892,7.0,3.0,6553.0,3.1775,0.4539,0.0121,14354.0,0.4565,0.4286
S13003019,2,2022.0,75.55,0.3362,0.188483685,0.01859999999999995,0.5804,0.2892,7.0,3.0,6553.0,3.1775,0.4539,0.0121,14354.0,0.4565,0.4286
S13003019,1,2022.0,5.97,0.3362,0.188483685,0.01859999999999995,0.5804,0.2892,7.0,3.0,6553.0,3.1775,0.4539,0.0121,14354.0,0.4565,0.4286
S13003019,0,2022.0,21.369999999999997,0.3362,0.188483685,0.01859999999999995,0.5804,0.2892,7.0,3.0,6553.0,3.1775,0.4539,0.0121,14354.0,0.4565,0.4286
S13003019,0,2017.0,8.09,0.3362,0.188483685,0.01859999999999995,0.5804,0.2892,7.0,3.0,6553.0,3.1775,0.4539,0.0121,14487.0,0.4523,0.4286
S13003019,1,2017.0,8.09,0.3362,0.188483685,0.01859999999999995,0.5804,0.2892,7.0,3.0,6553.0,3.1775,0.4539,0.0121,14487.0,0.4523,0.4286
S13003019,2,2017.0,47.370000000000005,0.3362,0.188483685,0.01859999999999995,0.5804,0.2892,7.0,3.0,6553.0,3.1775,0.4539,0.0121,14487.0,0.4523,0.4286
S13003019,3,2017.0,81.43,0.3362,0.188483685,0.01859999999999995,0.5804,0.2892,7.0,3.0,6553.0,3.1775,0.4539,0.0121,14487.0,0.4523,0.4286
S13003020,1,2017.0,7.459999999999999,0.31,0.160248281,0.015000000000000013,0.5096,0.2666,7.0,3.0,4198.0,3.1541,0.4506,0.0164,10369.0,0.4049,0.4286
S13003020,3,2022.0,90.57000000000001,0.31,0.160248281,0.015000000000000013,0.5096,0.2666,7.0,3.0,4198.0,3.1541,0.4506,0.0164,11607.0,0.3617,0.4286
S13003020,2,2022.0,50.510000000000005,0.31,0.160248281,0.015000000000000013,0.5096,0.2666,7.0,3.0,4198.0,3.1541,0.4506,0.0164,11607.0,0.3617,0.4286
S13003020,0,2017.0,18.6,0.31,0.160248281,0.015000000000000013,0.5096,0.2666,7.0,3.0,4198.0,3.1541,0.4506,0.0164,10369.0,0.4049,0.4286
S13003020,0,2022.0,6.710000000000001,0.31,0.160248281,0.015000000000000013,0.5096,0.2666,7.0,3.0,4198.0,3.1541,0.4506,0.0164,11607.0,0.3617,0.4286
S13003020,1,2022.0,6.710000000000001,0.31,0.160248281,0.015000000000000013,0.5096,0.2666,7.0,3.0,4198.0,3.1541,0.4506,0.0164,11607.0,0.3617,0.4286
S13003020,2,2017.0,50.45,0.31,0.160248281,0.015000000000000013,0.5096,0.2666,7.0,3.0,4198.0,3.1541,0.4506,0.0164,10369.0,0.4049,0.4286
S13003020,3,2017.0,84.25,0.31,0.160248281,0.015000000000000013,0.5096,0.2666,7.0,3.0,4198.0,3.1541,0.4506,0.0164,10369.0,0.4049,0.4286
S13003021,0,2022.0,23.64,0.3313,0.193374206,0.010499999999999954,0.5646,0.3405,8.0,3.0,5588.0,3.3826,0.4228,0.0129,14257.0,0.3919,0.375
S13003021,3,2022.0,85.75999999999999,0.3313,0.193374206,0.010499999999999954,0.5646,0.3405,8.0,3.0,5588.0,3.3826,0.4228,0.0129,14257.0,0.3919,0.375
S13003021,2,2022.0,44.97,0.3313,0.193374206,0.010499999999999954,0.5646,0.3405,8.0,3.0,5588.0,3.3826,0.4228,0.0129,14257.0,0.3919,0.375
S13003021,1,2022.0,6.71,0.3313,0.193374206,0.010499999999999954,0.5646,0.3405,8.0,3.0,5588.0,3.3826,0.4228,0.0129,14257.0,0.3919,0.375
S13003021,2,2017.0,46.42,0.3313,0.193374206,0.010499999999999954,0.5646,0.3405,8.0,3.0,5588.0,3.3826,0.4228,0.0129,12535.0,0.4458,0.375
S13003021,1,2017.0,8.219999999999999,0.3313,0.193374206,0.010499999999999954,0.5646,0.3405,8.0,3.0,5588.0,3.3826,0.4228,0.0129,12535.0,0.4458,0.375
S13003021,0,2017.0,8.219999999999999,0.3313,0.193374206,0.010499999999999954,0.5646,0.3405,8.0,3.0,5588.0,3.3826,0.4228,0.0129,12535.0,0.4458,0.375
S13003021,3,2017.0,75.82,0.3313,0.193374206,0.010499999999999954,0.5646,0.3405,8.0,3.0,5588.0,3.3826,0.4228,0.0129,12535.0,0.4458,0.375
S13003022,1,2022.0,8.29,0.3202,0.205155611,0.019299999999999984,0.5753,0.3,6.0,3.0,5652.0,2.9016,0.4836,0.0151,12215.0,0.4627,0.5
S13003022,3,2017.0,50.46,0.3202,0.205155611,0.019299999999999984,0.5753,0.3,6.0,3.0,5652.0,2.9016,0.4836,0.0151,13157.0,0.4296,0.5
S13003022,2,2017.0,26.93,0.3202,0.205155611,0.019299999999999984,0.5753,0.3,6.0,3.0,5652.0,2.9016,0.4836,0.0151,13157.0,0.4296,0.5
S13003022,1,2017.0,1.9499999999999997,0.3202,0.205155611,0.019299999999999984,0.5753,0.3,6.0,3.0,5652.0,2.9016,0.4836,0.0151,13157.0,0.4296,0.5
S13003022,0,2017.0,1.9499999999999997,0.3202,0.205155611,0.019299999999999984,0.5753,0.3,6.0,3.0,5652.0,2.9016,0.4836,0.0151,13157.0,0.4296,0.5
S13003022,3,2022.0,75.28999999999999,0.3202,0.205155611,0.019299999999999984,0.5753,0.3,6.0,3.0,5652.0,2.9016,0.4836,0.0151,12215.0,0.4627,0.5
S13003022,0,2022.0,8.29,0.3202,0.205155611,0.019299999999999984,0.5753,0.3,6.0,3.0,5652.0,2.9016,0.4836,0.0151,12215.0,0.4627,0.5
S13003022,2,2022.0,52.19,0.3202,0.205155611,0.019299999999999984,0.5753,0.3,6.0,3.0,5652.0,2.9016,0.4836,0.0151,12215.0,0.4627,0.5
S13003023,1,2022.0,8.31,0.2943,0.156109017,0.01859999999999995,0.5163,0.2691,7.0,3.0,4949.0,3.256,0.4651,0.0163,12575.0,0.3936,0.4286
S13003023,0,2022.0,23.42,0.2943,0.156109017,0.01859999999999995,0.5163,0.2691,7.0,3.0,4949.0,3.256,0.4651,0.0163,12575.0,0.3936,0.4286
S13003023,2,2022.0,46.18,0.2943,0.156109017,0.01859999999999995,0.5163,0.2691,7.0,3.0,4949.0,3.256,0.4651,0.0163,12575.0,0.3936,0.4286
S13003023,1,2017.0,11.69,0.2943,0.156109017,0.01859999999999995,0.5163,0.2691,7.0,3.0,4949.0,3.256,0.4651,0.0163,10807.0,0.4579,0.4286
S13003023,0,2017.0,24.72,0.2943,0.156109017,0.01859999999999995,0.5163,0.2691,7.0,3.0,4949.0,3.256,0.4651,0.0163,10807.0,0.4579,0.4286
S13003023,3,2017.0,84.32,0.2943,0.156109017,0.01859999999999995,0.5163,0.2691,7.0,3.0,4949.0,3.256,0.4651,0.0163,10807.0,0.4579,0.4286
S13003023,3,2022.0,88.37,0.2943,0.156109017,0.01859999999999995,0.5163,0.2691,7.0,3.0,4949.0,3.256,0.4651,0.0163,12575.0,0.3936,0.4286
S13003023,2,2017.0,46.17,0.2943,0.156109017,0.01859999999999995,0.5163,0.2691,7.0,3.0,4949.0,3.256,0.4651,0.0163,10807.0,0.4579,0.4286
S13003024,0,2022.0,5.98,0.3761,0.255247982,0.0,0.615,0.2906,4.0,3.0,3639.0,2.2638,0.566,0.0172,7313.0,0.4976,0.75
S13003024,2,2022.0,70.6,0.3761,0.255247982,0.0,0.615,0.2906,5.0,3.0,3337.0,2.4849,0.497,0.0172,7313.0,0.4563,0.6
S13003024,2,2022.0,70.6,0.3761,0.255247982,0.0,0.615,0.2906,4.0,3.0,3639.0,2.2638,0.566,0.0172,7313.0,0.4976,0.75
S13003024,3,2022.0,90.32,0.3761,0.255247982,0.0,0.615,0.2906,5.0,3.0,3337.0,2.4849,0.497,0.0172,7313.0,0.4563,0.6
S13003024,3,2022.0,90.32,0.3761,0.255247982,0.0,0.615,0.2906,4.0,3.0,3639.0,2.2638,0.566,0.0172,7313.0,0.4976,0.75
S13003024,0,2022.0,5.98,0.3761,0.255247982,0.0,0.615,0.2906,5.0,3.0,3337.0,2.4849,0.497,0.0172,7313.0,0.4563,0.6
S13003024,1,2022.0,5.98,0.3761,0.255247982,0.0,0.615,0.2906,4.0,3.0,3639.0,2.2638,0.566,0.0172,7313.0,0.4976,0.75
S13003024,3,2017.0,80.85,0.3761,0.255247982,0.0,0.615,0.2906,4.0,3.0,3639.0,2.2638,0.566,0.0172,7760.0,0.4689,0.75
S13003024,2,2017.0,59.5,0.3761,0.255247982,0.0,0.615,0.2906,4.0,3.0,3639.0,2.2638,0.566,0.0172,7760.0,0.4689,0.75
S13003024,2,2017.0,59.5,0.3761,0.255247982,0.0,0.615,0.2906,5.0,3.0,3337.0,2.4849,0.497,0.0172,7760.0,0.43,0.6
S13003024,1,2017.0,7.46,0.3761,0.255247982,0.0,0.615,0.2906,4.0,3.0,3639.0,2.2638,0.566,0.0172,7760.0,0.4689,0.75
S13003024,1,2017.0,7.46,0.3761,0.255247982,0.0,0.615,0.2906,5.0,3.0,3337.0,2.4849,0.497,0.0172,7760.0,0.43,0.6
S13003024,0,2017.0,9.92,0.3761,0.255247982,0.0,0.615,0.2906,4.0,3.0,3639.0,2.2638,0.566,0.0172,7760.0,0.4689,0.75
S13003024,0,2017.0,9.92,0.3761,0.255247982,0.0,0.615,0.2906,5.0,3.0,3337.0,2.4849,0.497,0.0172,7760.0,0.43,0.6
S13003024,3,2017.0,80.85,0.3761,0.255247982,0.0,0.615,0.2906,5.0,3.0,3337.0,2.4849,0.497,0.0172,7760.0,0.43,0.6
S13003024,1,2022.0,5.98,0.3761,0.255247982,0.0,0.615,0.2906,5.0,3.0,3337.0,2.4849,0.497,0.0172,7313.0,0.4563,0.6
S13003025,3,2022.0,93.35,0.4056,0.27505441,0.016199999999999992,0.5894,0.2297,5.0,3.0,3690.0,2.7173,0.5435,0.0213,8090.0,0.4561,0.6
S13003025,3,2022.0,93.35,0.4056,0.27505441,0.016199999999999992,0.5894,0.2297,5.0,3.0,3432.0,2.5201,0.504,0.0213,8090.0,0.4242,0.6
S13003025,0,2022.0,22.1,0.4056,0.27505441,0.016199999999999992,0.5894,0.2297,5.0,3.0,3432.0,2.5201,0.504,0.0213,8090.0,0.4242,0.6
S13003025,0,2022.0,22.1,0.4056,0.27505441,0.016199999999999992,0.5894,0.2297,5.0,3.0,3690.0,2.7173,0.5435,0.0213,8090.0,0.4561,0.6
S13003025,1,2022.0,8.95,0.4056,0.27505441,0.016199999999999992,0.5894,0.2297,5.0,3.0,3432.0,2.5201,0.504,0.0213,8090.0,0.4242,0.6
S13003025,2,2022.0,68.24,0.4056,0.27505441,0.016199999999999992,0.5894,0.2297,5.0,3.0,3690.0,2.7173,0.5435,0.0213,8090.0,0.4561,0.6
S13003025,1,2022.0,8.95,0.4056,0.27505441,0.016199999999999992,0.5894,0.2297,5.0,3.0,3690.0,2.7173,0.5435,0.0213,8090.0,0.4561,0.6
S13003025,2,2022.0,68.24,0.4056,0.27505441,0.016199999999999992,0.5894,0.2297,5.0,3.0,3432.0,2.5201,0.504,0.0213,8090.0,0.4242,0.6
S13003025,3,2017.0,89.49,0.4056,0.27505441,0.016199999999999992,0.5894,0.2297,5.0,3.0,3690.0,2.7173,0.5435,0.0213,8097.0,0.4557,0.6
S13003025,3,2017.0,89.49,0.4056,0.27505441,0.016199999999999992,0.5894,0.2297,5.0,3.0,3432.0,2.5201,0.504,0.0213,8097.0,0.4239,0.6
S13003025,2,2017.0,62.22,0.4056,0.27505441,0.016199999999999992,0.5894,0.2297,5.0,3.0,3690.0,2.7173,0.5435,0.0213,8097.0,0.4557,0.6
S13003025,1,2017.0,5.5600000000000005,0.4056,0.27505441,0.016199999999999992,0.5894,0.2297,5.0,3.0,3690.0,2.7173,0.5435,0.0213,8097.0,0.4557,0.6
S13003025,1,2017.0,5.5600000000000005,0.4056,0.27505441,0.016199999999999992,0.5894,0.2297,5.0,3.0,3432.0,2.5201,0.504,0.0213,8097.0,0.4239,0.6
S13003025,0,2017.0,5.5600000000000005,0.4056,0.27505441,0.016199999999999992,0.5894,0.2297,5.0,3.0,3690.0,2.7173,0.5435,0.0213,8097.0,0.4557,0.6
S13003025,2,2017.0,62.22,0.4056,0.27505441,0.016199999999999992,0.5894,0.2297,5.0,3.0,3432.0,2.5201,0.504,0.0213,8097.0,0.4239,0.6
S13003025,0,2017.0,5.5600000000000005,0.4056,0.27505441,0.016199999999999992,0.5894,0.2297,5.0,3.0,3432.0,2.5201,0.504,0.0213,8097.0,0.4239,0.6
S13003026,3,2017.0,78.06,0.3316,0.227831094,0.016599999999999948,0.5571,0.1929,4.0,3.0,3140.0,2.3484,0.5871,0.0215,8740.0,0.3593,0.75
S13003026,0,2017.0,6.32,0.3316,0.227831094,0.016599999999999948,0.5571,0.1929,4.0,3.0,3140.0,2.3484,0.5871,0.0215,8740.0,0.3593,0.75
S13003026,1,2017.0,3.93,0.3316,0.227831094,0.016599999999999948,0.5571,0.1929,4.0,3.0,3140.0,2.3484,0.5871,0.0215,8740.0,0.3593,0.75
S13003026,2,2017.0,55.19,0.3316,0.227831094,0.016599999999999948,0.5571,0.1929,4.0,3.0,3140.0,2.3484,0.5871,0.0215,8740.0,0.3593,0.75
S13003027,1,2022.0,8.73,0.3358,0.257931441,0.012599999999999945,0.6106,0.2924,8.0,3.0,4089.0,3.0704,0.3838,0.0166,8344.0,0.4901,0.375
S13003027,2,2022.0,63.31,0.3358,0.257931441,0.012599999999999945,0.6106,0.2924,5.0,3.0,3996.0,2.7272,0.5454,0.0166,8344.0,0.4789,0.6
S13003027,1,2017.0,19.05,0.3358,0.257931441,0.012599999999999945,0.6106,0.2924,5.0,3.0,3996.0,2.7272,0.5454,0.0166,9007.0,0.4437,0.6
S13003027,2,2022.0,63.31,0.3358,0.257931441,0.012599999999999945,0.6106,0.2924,8.0,3.0,4089.0,3.0704,0.3838,0.0166,8344.0,0.4901,0.375
S13003027,1,2022.0,8.73,0.3358,0.257931441,0.012599999999999945,0.6106,0.2924,5.0,3.0,3996.0,2.7272,0.5454,0.0166,8344.0,0.4789,0.6
S13003027,0,2017.0,32.56,0.3358,0.257931441,0.012599999999999945,0.6106,0.2924,5.0,3.0,3996.0,2.7272,0.5454,0.0166,9007.0,0.4437,0.6
S13003027,0,2022.0,20.47,0.3358,0.257931441,0.012599999999999945,0.6106,0.2924,8.0,3.0,4089.0,3.0704,0.3838,0.0166,8344.0,0.4901,0.375
S13003027,1,2017.0,19.05,0.3358,0.257931441,0.012599999999999945,0.6106,0.2924,8.0,3.0,4089.0,3.0704,0.3838,0.0166,9007.0,0.454,0.375
S13003027,3,2022.0,92.75,0.3358,0.257931441,0.012599999999999945,0.6106,0.2924,8.0,3.0,4089.0,3.0704,0.3838,0.0166,8344.0,0.4901,0.375
S13003027,0,2017.0,32.56,0.3358,0.257931441,0.012599999999999945,0.6106,0.2924,8.0,3.0,4089.0,3.0704,0.3838,0.0166,9007.0,0.454,0.375
S13003027,3,2017.0,89.50999999999999,0.3358,0.257931441,0.012599999999999945,0.6106,0.2924,8.0,3.0,4089.0,3.0704,0.3838,0.0166,9007.0,0.454,0.375
S13003027,3,2017.0,89.50999999999999,0.3358,0.257931441,0.012599999999999945,0.6106,0.2924,5.0,3.0,3996.0,2.7272,0.5454,0.0166,9007.0,0.4437,0.6
S13003027,2,2017.0,76.78999999999999,0.3358,0.257931441,0.012599999999999945,0.6106,0.2924,8.0,3.0,4089.0,3.0704,0.3838,0.0166,9007.0,0.454,0.375
S13003027,2,2017.0,76.78999999999999,0.3358,0.257931441,0.012599999999999945,0.6106,0.2924,5.0,3.0,3996.0,2.7272,0.5454,0.0166,9007.0,0.4437,0.6
S13003027,0,2022.0,20.47,0.3358,0.257931441,0.012599999999999945,0.6106,0.2924,5.0,3.0,3996.0,2.7272,0.5454,0.0166,8344.0,0.4789,0.6
S13003027,3,2022.0,92.75,0.3358,0.257931441,0.012599999999999945,0.6106,0.2924,5.0,3.0,3996.0,2.7272,0.5454,0.0166,8344.0,0.4789,0.6
S13003028,0,2022.0,16.65,0.3562,0.209850725,-0.008199999999999985,0.5716,0.291,7.0,4.0,5142.0,3.1004,0.4429,0.0164,10889.0,0.4722,0.5714
S13003028,1,2022.0,4.26,0.3562,0.209850725,-0.008199999999999985,0.5716,0.291,6.0,4.0,4936.0,2.9998,0.5,0.0164,10889.0,0.4533,0.6667
S13003028,0,2017.0,17.22,0.3562,0.209850725,-0.008199999999999985,0.5716,0.291,6.0,4.0,4936.0,2.9998,0.5,0.0164,12377.0,0.3988,0.6667
S13003028,0,2017.0,17.22,0.3562,0.209850725,-0.008199999999999985,0.5716,0.291,7.0,4.0,5142.0,3.1004,0.4429,0.0164,12377.0,0.4154,0.5714
S13003028,1,2017.0,9.5,0.3562,0.209850725,-0.008199999999999985,0.5716,0.291,6.0,4.0,4936.0,2.9998,0.5,0.0164,12377.0,0.3988,0.6667
S13003028,1,2017.0,9.5,0.3562,0.209850725,-0.008199999999999985,0.5716,0.291,7.0,4.0,5142.0,3.1004,0.4429,0.0164,12377.0,0.4154,0.5714
S13003028,2,2017.0,72.3,0.3562,0.209850725,-0.008199999999999985,0.5716,0.291,6.0,4.0,4936.0,2.9998,0.5,0.0164,12377.0,0.3988,0.6667
S13003028,2,2017.0,72.3,0.3562,0.209850725,-0.008199999999999985,0.5716,0.291,7.0,4.0,5142.0,3.1004,0.4429,0.0164,12377.0,0.4154,0.5714
S13003028,3,2017.0,93.71,0.3562,0.209850725,-0.008199999999999985,0.5716,0.291,6.0,4.0,4936.0,2.9998,0.5,0.0164,12377.0,0.3988,0.6667
S13003028,0,2022.0,16.65,0.3562,0.209850725,-0.008199999999999985,0.5716,0.291,6.0,4.0,4936.0,2.9998,0.5,0.0164,10889.0,0.4533,0.6667
S13003028,3,2017.0,93.71,0.3562,0.209850725,-0.008199999999999985,0.5716,0.291,7.0,4.0,5142.0,3.1004,0.4429,0.0164,12377.0,0.4154,0.5714
S13003028,3,2022.0,96.33,0.3562,0.209850725,-0.008199999999999985,0.5716,0.291,7.0,4.0,5142.0,3.1004,0.4429,0.0164,10889.0,0.4722,0.5714
S13003028,3,2022.0,96.33,0.3562,0.209850725,-0.008199999999999985,0.5716,0.291,6.0,4.0,4936.0,2.9998,0.5,0.0164,10889.0,0.4533,0.6667
S13003028,2,2022.0,74.96,0.3562,0.209850725,-0.008199999999999985,0.5716,0.291,7.0,4.0,5142.0,3.1004,0.4429,0.0164,10889.0,0.4722,0.5714
S13003028,2,2022.0,74.96,0.3562,0.209850725,-0.008199999999999985,0.5716,0.291,6.0,4.0,4936.0,2.9998,0.5,0.0164,10889.0,0.4533,0.6667
S13003028,1,2022.0,4.26,0.3562,0.209850725,-0.008199999999999985,0.5716,0.291,7.0,4.0,5142.0,3.1004,0.4429,0.0164,10889.0,0.4722,0.5714
S13003029,2,2022.0,0.0,0.3164,0.191529761,0.011399999999999966,0.5315,0.2426,6.0,3.0,3678.0,3.0223,0.5037,0.0188,9289.0,0.396,0.5
S13003029,0,2022.0,0.0,0.3164,0.191529761,0.011399999999999966,0.5315,0.2426,6.0,3.0,3579.0,2.8419,0.4736,0.0188,9289.0,0.3853,0.5
S13003029,0,2022.0,0.0,0.3164,0.191529761,0.011399999999999966,0.5315,0.2426,6.0,3.0,3678.0,3.0223,0.5037,0.0188,9289.0,0.396,0.5
S13003029,1,2022.0,0.0,0.3164,0.191529761,0.011399999999999966,0.5315,0.2426,6.0,3.0,3678.0,3.0223,0.5037,0.0188,9289.0,0.396,0.5
S13003029,1,2022.0,0.0,0.3164,0.191529761,0.011399999999999966,0.5315,0.2426,6.0,3.0,3579.0,2.8419,0.4736,0.0188,9289.0,0.3853,0.5
S13003029,3,2022.0,0.0,0.3164,0.191529761,0.011399999999999966,0.5315,0.2426,6.0,3.0,3678.0,3.0223,0.5037,0.0188,9289.0,0.396,0.5
S13003029,0,2017.0,14.26,0.3164,0.191529761,0.011399999999999966,0.5315,0.2426,6.0,3.0,3678.0,3.0223,0.5037,0.0188,9970.0,0.3689,0.5
S13003029,0,2017.0,14.26,0.3164,0.191529761,0.011399999999999966,0.5315,0.2426,6.0,3.0,3579.0,2.8419,0.4736,0.0188,9970.0,0.359,0.5
S13003029,1,2017.0,12.18,0.3164,0.191529761,0.011399999999999966,0.5315,0.2426,6.0,3.0,3678.0,3.0223,0.5037,0.0188,9970.0,0.3689,0.5
S13003029,1,2017.0,12.18,0.3164,0.191529761,0.011399999999999966,0.5315,0.2426,6.0,3.0,3579.0,2.8419,0.4736,0.0188,9970.0,0.359,0.5
S13003029,2,2017.0,47.86,0.3164,0.191529761,0.011399999999999966,0.5315,0.2426,6.0,3.0,3678.0,3.0223,0.5037,0.0188,9970.0,0.3689,0.5
S13003029,2,2017.0,47.86,0.3164,0.191529761,0.011399999999999966,0.5315,0.2426,6.0,3.0,3579.0,2.8419,0.4736,0.0188,9970.0,0.359,0.5
S13003029,3,2017.0,71.39,0.3164,0.191529761,0.011399999999999966,0.5315,0.2426,6.0,3.0,3678.0,3.0223,0.5037,0.0188,9970.0,0.3689,0.5
S13003029,3,2017.0,71.39,0.3164,0.191529761,0.011399999999999966,0.5315,0.2426,6.0,3.0,3579.0,2.8419,0.4736,0.0188,9970.0,0.359,0.5
S13003029,2,2022.0,0.0,0.3164,0.191529761,0.011399999999999966,0.5315,0.2426,6.0,3.0,3579.0,2.8419,0.4736,0.0188,9289.0,0.3853,0.5
S13003029,3,2022.0,0.0,0.3164,0.191529761,0.011399999999999966,0.5315,0.2426,6.0,3.0,3579.0,2.8419,0.4736,0.0188,9289.0,0.3853,0.5
S13003030,0,2022.0,0.0,0.3126,0.19554165,0.012299999999999978,0.5327,0.2566,6.0,3.0,4062.0,2.9594,0.4932,0.0158,10162.0,0.3997,0.5
S13003030,0,2017.0,3.52,0.3126,0.19554165,0.012299999999999978,0.5327,0.2566,6.0,3.0,4062.0,2.9594,0.4932,0.0158,9915.0,0.4097,0.5
S13003030,0,2017.0,3.52,0.3126,0.19554165,0.012299999999999978,0.5327,0.2566,4.0,3.0,4061.0,2.4524,0.6131,0.0158,9915.0,0.4096,0.75
S13003030,1,2017.0,3.52,0.3126,0.19554165,0.012299999999999978,0.5327,0.2566,4.0,3.0,4061.0,2.4524,0.6131,0.0158,9915.0,0.4096,0.75
S13003030,2,2017.0,66.61,0.3126,0.19554165,0.012299999999999978,0.5327,0.2566,4.0,3.0,4061.0,2.4524,0.6131,0.0158,9915.0,0.4096,0.75
S13003030,3,2017.0,90.17,0.3126,0.19554165,0.012299999999999978,0.5327,0.2566,6.0,3.0,4062.0,2.9594,0.4932,0.0158,9915.0,0.4097,0.5
S13003030,3,2017.0,90.17,0.3126,0.19554165,0.012299999999999978,0.5327,0.2566,4.0,3.0,4061.0,2.4524,0.6131,0.0158,9915.0,0.4096,0.75
S13003030,3,2022.0,0.0,0.3126,0.19554165,0.012299999999999978,0.5327,0.2566,6.0,3.0,4062.0,2.9594,0.4932,0.0158,10162.0,0.3997,0.5
S13003030,3,2022.0,0.0,0.3126,0.19554165,0.012299999999999978,0.5327,0.2566,4.0,3.0,4061.0,2.4524,0.6131,0.0158,10162.0,0.3996,0.75
S13003030,2,2022.0,0.0,0.3126,0.19554165,0.012299999999999978,0.5327,0.2566,4.0,3.0,4061.0,2.4524,0.6131,0.0158,10162.0,0.3996,0.75
S13003030,2,2022.0,0.0,0.3126,0.19554165,0.012299999999999978,0.5327,0.2566,6.0,3.0,4062.0,2.9594,0.4932,0.0158,10162.0,0.3997,0.5
S13003030,1,2022.0,0.0,0.3126,0.19554165,0.012299999999999978,0.5327,0.2566,4.0,3.0,4061.0,2.4524,0.6131,0.0158,10162.0,0.3996,0.75
S13003030,1,2022.0,0.0,0.3126,0.19554165,0.012299999999999978,0.5327,0.2566,6.0,3.0,4062.0,2.9594,0.4932,0.0158,10162.0,0.3997,0.5
S13003030,0,2022.0,0.0,0.3126,0.19554165,0.012299999999999978,0.5327,0.2566,4.0,3.0,4061.0,2.4524,0.6131,0.0158,10162.0,0.3996,0.75
S13003030,1,2017.0,3.52,0.3126,0.19554165,0.012299999999999978,0.5327,0.2566,6.0,3.0,4062.0,2.9594,0.4932,0.0158,9915.0,0.4097,0.5
S13003030,2,2017.0,66.61,0.3126,0.19554165,0.012299999999999978,0.5327,0.2566,6.0,3.0,4062.0,2.9594,0.4932,0.0158,9915.0,0.4097,0.5
S13003031,0,2017.0,14.51,0.3332,0.244152515,0.005499999999999949,0.5516,0.3268,7.0,4.0,5911.0,3.3277,0.4754,0.0213,13552.0,0.4362,0.5714
S13003031,3,2017.0,95.03,0.3332,0.244152515,0.005499999999999949,0.5516,0.3268,7.0,4.0,5911.0,3.3277,0.4754,0.0213,13552.0,0.4362,0.5714
S13003031,3,2017.0,95.03,0.3332,0.244152515,0.005499999999999949,0.5516,0.3268,6.0,4.0,6057.0,2.9979,0.4996,0.0213,13552.0,0.4469,0.6667
S13003031,2,2017.0,75.52000000000001,0.3332,0.244152515,0.005499999999999949,0.5516,0.3268,7.0,4.0,5911.0,3.3277,0.4754,0.0213,13552.0,0.4362,0.5714
S13003031,2,2017.0,75.52000000000001,0.3332,0.244152515,0.005499999999999949,0.5516,0.3268,6.0,4.0,6057.0,2.9979,0.4996,0.0213,13552.0,0.4469,0.6667
S13003031,1,2017.0,8.66,0.3332,0.244152515,0.005499999999999949,0.5516,0.3268,7.0,4.0,5911.0,3.3277,0.4754,0.0213,13552.0,0.4362,0.5714
S13003031,1,2017.0,8.66,0.3332,0.244152515,0.005499999999999949,0.5516,0.3268,6.0,4.0,6057.0,2.9979,0.4996,0.0213,13552.0,0.4469,0.6667
S13003031,0,2017.0,14.51,0.3332,0.244152515,0.005499999999999949,0.5516,0.3268,6.0,4.0,6057.0,2.9979,0.4996,0.0213,13552.0,0.4469,0.6667
S13003031,0,2022.0,14.98,0.3332,0.244152515,0.005499999999999949,0.5516,0.3268,7.0,4.0,5911.0,3.3277,0.4754,0.0213,12660.0,0.4669,0.5714
S13003031,0,2022.0,14.98,0.3332,0.244152515,0.005499999999999949,0.5516,0.3268,6.0,4.0,6057.0,2.9979,0.4996,0.0213,12660.0,0.4784,0.6667
S13003031,1,2022.0,6.140000000000001,0.3332,0.244152515,0.005499999999999949,0.5516,0.3268,6.0,4.0,6057.0,2.9979,0.4996,0.0213,12660.0,0.4784,0.6667
S13003031,1,2022.0,6.140000000000001,0.3332,0.244152515,0.005499999999999949,0.5516,0.3268,7.0,4.0,5911.0,3.3277,0.4754,0.0213,12660.0,0.4669,0.5714
S13003031,2,2022.0,75.2,0.3332,0.244152515,0.005499999999999949,0.5516,0.3268,7.0,4.0,5911.0,3.3277,0.4754,0.0213,12660.0,0.4669,0.5714
S13003031,3,2022.0,93.0,0.3332,0.244152515,0.005499999999999949,0.5516,0.3268,6.0,4.0,6057.0,2.9979,0.4996,0.0213,12660.0,0.4784,0.6667
S13003031,3,2022.0,93.0,0.3332,0.244152515,0.005499999999999949,0.5516,0.3268,7.0,4.0,5911.0,3.3277,0.4754,0.0213,12660.0,0.4669,0.5714
S13003031,2,2022.0,75.2,0.3332,0.244152515,0.005499999999999949,0.5516,0.3268,6.0,4.0,6057.0,2.9979,0.4996,0.0213,12660.0,0.4784,0.6667
S13003032,2,2017.0,70.77,0.4001,0.213880655,0.024800000000000044,0.4731,0.1778,7.0,4.0,4505.0,3.0193,0.4313,0.0298,12332.0,0.3653,0.5714
S13003032,2,2017.0,70.77,0.4001,0.213880655,0.024800000000000044,0.4731,0.1778,10.0,4.0,4666.0,3.3706,0.3371,0.0298,12332.0,0.3784,0.4
S13003032,1,2017.0,4.529999999999999,0.4001,0.213880655,0.024800000000000044,0.4731,0.1778,7.0,4.0,4505.0,3.0193,0.4313,0.0298,12332.0,0.3653,0.5714
S13003032,1,2017.0,4.529999999999999,0.4001,0.213880655,0.024800000000000044,0.4731,0.1778,10.0,4.0,4666.0,3.3706,0.3371,0.0298,12332.0,0.3784,0.4
S13003032,0,2017.0,16.35,0.4001,0.213880655,0.024800000000000044,0.4731,0.1778,7.0,4.0,4505.0,3.0193,0.4313,0.0298,12332.0,0.3653,0.5714
S13003032,0,2017.0,16.35,0.4001,0.213880655,0.024800000000000044,0.4731,0.1778,10.0,4.0,4666.0,3.3706,0.3371,0.0298,12332.0,0.3784,0.4
S13003032,3,2017.0,96.91,0.4001,0.213880655,0.024800000000000044,0.4731,0.1778,10.0,4.0,4666.0,3.3706,0.3371,0.0298,12332.0,0.3784,0.4
S13003032,3,2017.0,96.91,0.4001,0.213880655,0.024800000000000044,0.4731,0.1778,7.0,4.0,4505.0,3.0193,0.4313,0.0298,12332.0,0.3653,0.5714
S13003032,3,2022.0,76.69,0.4001,0.213880655,0.024800000000000044,0.4731,0.1778,10.0,4.0,4666.0,3.3706,0.3371,0.0298,11966.0,0.3899,0.4
S13003032,2,2022.0,60.62,0.4001,0.213880655,0.024800000000000044,0.4731,0.1778,7.0,4.0,4505.0,3.0193,0.4313,0.0298,11966.0,0.3765,0.5714
S13003032,2,2022.0,60.62,0.4001,0.213880655,0.024800000000000044,0.4731,0.1778,10.0,4.0,4666.0,3.3706,0.3371,0.0298,11966.0,0.3899,0.4
S13003032,1,2022.0,5.49,0.4001,0.213880655,0.024800000000000044,0.4731,0.1778,7.0,4.0,4505.0,3.0193,0.4313,0.0298,11966.0,0.3765,0.5714
S13003032,1,2022.0,5.49,0.4001,0.213880655,0.024800000000000044,0.4731,0.1778,10.0,4.0,4666.0,3.3706,0.3371,0.0298,11966.0,0.3899,0.4
S13003032,0,2022.0,8.38,0.4001,0.213880655,0.024800000000000044,0.4731,0.1778,7.0,4.0,4505.0,3.0193,0.4313,0.0298,11966.0,0.3765,0.5714
S13003032,0,2022.0,8.38,0.4001,0.213880655,0.024800000000000044,0.4731,0.1778,10.0,4.0,4666.0,3.3706,0.3371,0.0298,11966.0,0.3899,0.4
S13003032,3,2022.0,76.69,0.4001,0.213880655,0.024800000000000044,0.4731,0.1778,7.0,4.0,4505.0,3.0193,0.4313,0.0298,11966.0,0.3765,0.5714
S13003033,1,2017.0,11.65,0.394,0.187558539,0.015000000000000013,0.5519,0.2423,6.0,3.0,3985.0,2.9476,0.4913,0.021,10417.0,0.3825,0.5
S13003033,1,2017.0,11.65,0.394,0.187558539,0.015000000000000013,0.5519,0.2423,7.0,3.0,4025.0,3.1111,0.4444,0.021,10417.0,0.3864,0.4286
S13003033,0,2017.0,14.790000000000001,0.394,0.187558539,0.015000000000000013,0.5519,0.2423,6.0,3.0,3985.0,2.9476,0.4913,0.021,10417.0,0.3825,0.5
S13003033,0,2017.0,14.790000000000001,0.394,0.187558539,0.015000000000000013,0.5519,0.2423,7.0,3.0,4025.0,3.1111,0.4444,0.021,10417.0,0.3864,0.4286
S13003033,2,2017.0,60.2,0.394,0.187558539,0.015000000000000013,0.5519,0.2423,6.0,3.0,3985.0,2.9476,0.4913,0.021,10417.0,0.3825,0.5
S13003033,2,2022.0,63.75,0.394,0.187558539,0.015000000000000013,0.5519,0.2423,7.0,3.0,4025.0,3.1111,0.4444,0.021,10127.0,0.3975,0.4286
S13003033,3,2017.0,82.99,0.394,0.187558539,0.015000000000000013,0.5519,0.2423,7.0,3.0,4025.0,3.1111,0.4444,0.021,10417.0,0.3864,0.4286
S13003033,2,2022.0,63.75,0.394,0.187558539,0.015000000000000013,0.5519,0.2423,6.0,3.0,3985.0,2.9476,0.4913,0.021,10127.0,0.3935,0.5
S13003033,3,2022.0,87.45,0.394,0.187558539,0.015000000000000013,0.5519,0.2423,7.0,3.0,4025.0,3.1111,0.4444,0.021,10127.0,0.3975,0.4286
S13003033,3,2022.0,87.45,0.394,0.187558539,0.015000000000000013,0.5519,0.2423,6.0,3.0,3985.0,2.9476,0.4913,0.021,10127.0,0.3935,0.5
S13003033,1,2022.0,5.5600000000000005,0.394,0.187558539,0.015000000000000013,0.5519,0.2423,6.0,3.0,3985.0,2.9476,0.4913,0.021,10127.0,0.3935,0.5
S13003033,3,2017.0,82.99,0.394,0.187558539,0.015000000000000013,0.5519,0.2423,6.0,3.0,3985.0,2.9476,0.4913,0.021,10417.0,0.3825,0.5
S13003033,2,2017.0,60.2,0.394,0.187558539,0.015000000000000013,0.5519,0.2423,7.0,3.0,4025.0,3.1111,0.4444,0.021,10417.0,0.3864,0.4286
S13003033,0,2022.0,22.71,0.394,0.187558539,0.015000000000000013,0.5519,0.2423,6.0,3.0,3985.0,2.9476,0.4913,0.021,10127.0,0.3935,0.5
S13003033,0,2022.0,22.71,0.394,0.187558539,0.015000000000000013,0.5519,0.2423,7.0,3.0,4025.0,3.1111,0.4444,0.021,10127.0,0.3975,0.4286
S13003033,1,2022.0,5.5600000000000005,0.394,0.187558539,0.015000000000000013,0.5519,0.2423,7.0,3.0,4025.0,3.1111,0.4444,0.021,10127.0,0.3975,0.4286
S13003034,0,2017.0,5.04,0.4057,0.205747262,0.023499999999999965,0.5266,0.2244,6.0,4.0,5553.0,3.2471,0.5412,0.0252,14110.0,0.3936,0.6667
S13003034,2,2022.0,68.09,0.4057,0.205747262,0.023499999999999965,0.5266,0.2244,7.0,4.0,5754.0,3.1524,0.4503,0.0252,13550.0,0.4246,0.5714
S13003034,3,2022.0,92.31,0.4057,0.205747262,0.023499999999999965,0.5266,0.2244,6.0,4.0,5553.0,3.2471,0.5412,0.0252,13550.0,0.4098,0.6667
S13003034,3,2022.0,92.31,0.4057,0.205747262,0.023499999999999965,0.5266,0.2244,7.0,4.0,5754.0,3.1524,0.4503,0.0252,13550.0,0.4246,0.5714
S13003034,1,2022.0,4.4399999999999995,0.4057,0.205747262,0.023499999999999965,0.5266,0.2244,6.0,4.0,5553.0,3.2471,0.5412,0.0252,13550.0,0.4098,0.6667
S13003034,0,2022.0,16.66,0.4057,0.205747262,0.023499999999999965,0.5266,0.2244,7.0,4.0,5754.0,3.1524,0.4503,0.0252,13550.0,0.4246,0.5714
S13003034,0,2022.0,16.66,0.4057,0.205747262,0.023499999999999965,0.5266,0.2244,6.0,4.0,5553.0,3.2471,0.5412,0.0252,13550.0,0.4098,0.6667
S13003034,2,2022.0,68.09,0.4057,0.205747262,0.023499999999999965,0.5266,0.2244,6.0,4.0,5553.0,3.2471,0.5412,0.0252,13550.0,0.4098,0.6667
S13003034,0,2017.0,5.04,0.4057,0.205747262,0.023499999999999965,0.5266,0.2244,7.0,4.0,5754.0,3.1524,0.4503,0.0252,14110.0,0.4078,0.5714
S13003034,1,2017.0,3.09,0.4057,0.205747262,0.023499999999999965,0.5266,0.2244,7.0,4.0,5754.0,3.1524,0.4503,0.0252,14110.0,0.4078,0.5714
S13003034,2,2017.0,80.62,0.4057,0.205747262,0.023499999999999965,0.5266,0.2244,6.0,4.0,5553.0,3.2471,0.5412,0.0252,14110.0,0.3936,0.6667
S13003034,2,2017.0,80.62,0.4057,0.205747262,0.023499999999999965,0.5266,0.2244,7.0,4.0,5754.0,3.1524,0.4503,0.0252,14110.0,0.4078,0.5714
S13003034,3,2017.0,98.23,0.4057,0.205747262,0.023499999999999965,0.5266,0.2244,6.0,4.0,5553.0,3.2471,0.5412,0.0252,14110.0,0.3936,0.6667
S13003034,3,2017.0,98.23,0.4057,0.205747262,0.023499999999999965,0.5266,0.2244,7.0,4.0,5754.0,3.1524,0.4503,0.0252,14110.0,0.4078,0.5714
S13003034,1,2017.0,3.09,0.4057,0.205747262,0.023499999999999965,0.5266,0.2244,6.0,4.0,5553.0,3.2471,0.5412,0.0252,14110.0,0.3936,0.6667
S13003034,1,2022.0,4.4399999999999995,0.4057,0.205747262,0.023499999999999965,0.5266,0.2244,7.0,4.0,5754.0,3.1524,0.4503,0.0252,13550.0,0.4246,0.5714
S13003041,2,2022.0,48.629999999999995,0.3993,0.212340699,0.0232,0.5018,0.1927,7.0,3.0,3356.0,3.1031,0.4433,0.0259,8898.0,0.3772,0.4286
S13003041,3,2022.0,86.3,0.3993,0.212340699,0.0232,0.5018,0.1927,7.0,3.0,3356.0,3.1031,0.4433,0.0259,8898.0,0.3772,0.4286
S13003041,0,2022.0,23.459999999999997,0.3993,0.212340699,0.0232,0.5018,0.1927,7.0,3.0,3357.0,2.955,0.4221,0.0259,8898.0,0.3773,0.4286
S13003041,2,2017.0,41.97,0.3993,0.212340699,0.0232,0.5018,0.1927,7.0,3.0,3357.0,2.955,0.4221,0.0259,9294.0,0.3612,0.4286
S13003041,3,2022.0,86.3,0.3993,0.212340699,0.0232,0.5018,0.1927,7.0,3.0,3357.0,2.955,0.4221,0.0259,8898.0,0.3773,0.4286
S13003041,2,2022.0,48.629999999999995,0.3993,0.212340699,0.0232,0.5018,0.1927,7.0,3.0,3357.0,2.955,0.4221,0.0259,8898.0,0.3773,0.4286
S13003041,0,2022.0,23.459999999999997,0.3993,0.212340699,0.0232,0.5018,0.1927,7.0,3.0,3356.0,3.1031,0.4433,0.0259,8898.0,0.3772,0.4286
S13003041,2,2017.0,41.97,0.3993,0.212340699,0.0232,0.5018,0.1927,7.0,3.0,3356.0,3.1031,0.4433,0.0259,9294.0,0.3611,0.4286
S13003041,1,2022.0,5.63,0.3993,0.212340699,0.0232,0.5018,0.1927,7.0,3.0,3356.0,3.1031,0.4433,0.0259,8898.0,0.3772,0.4286
S13003041,1,2017.0,5.85,0.3993,0.212340699,0.0232,0.5018,0.1927,7.0,3.0,3357.0,2.955,0.4221,0.0259,9294.0,0.3612,0.4286
S13003041,1,2017.0,5.85,0.3993,0.212340699,0.0232,0.5018,0.1927,7.0,3.0,3356.0,3.1031,0.4433,0.0259,9294.0,0.3611,0.4286
S13003041,0,2017.0,21.81,0.3993,0.212340699,0.0232,0.5018,0.1927,7.0,3.0,3357.0,2.955,0.4221,0.0259,9294.0,0.3612,0.4286
S13003041,0,2017.0,21.81,0.3993,0.212340699,0.0232,0.5018,0.1927,7.0,3.0,3356.0,3.1031,0.4433,0.0259,9294.0,0.3611,0.4286
S13003041,3,2017.0,83.65,0.3993,0.212340699,0.0232,0.5018,0.1927,7.0,3.0,3356.0,3.1031,0.4433,0.0259,9294.0,0.3611,0.4286
S13003041,3,2017.0,83.65,0.3993,0.212340699,0.0232,0.5018,0.1927,7.0,3.0,3357.0,2.955,0.4221,0.0259,9294.0,0.3612,0.4286
S13003041,1,2022.0,5.63,0.3993,0.212340699,0.0232,0.5018,0.1927,7.0,3.0,3357.0,2.955,0.4221,0.0259,8898.0,0.3773,0.4286
S13003042,3,2022.0,0.0,0.5259,0.208205852,0.017000000000000015,0.509,0.2349,7.0,3.0,4439.0,3.0345,0.4335,0.0207,9844.0,0.4509,0.4286
S13003042,2,2022.0,0.0,0.5259,0.208205852,0.017000000000000015,0.509,0.2349,7.0,3.0,4365.0,3.1162,0.4452,0.0207,9844.0,0.4434,0.4286
S13003042,2,2022.0,0.0,0.5259,0.208205852,0.017000000000000015,0.509,0.2349,7.0,3.0,4439.0,3.0345,0.4335,0.0207,9844.0,0.4509,0.4286
S13003042,1,2022.0,0.0,0.5259,0.208205852,0.017000000000000015,0.509,0.2349,7.0,3.0,4365.0,3.1162,0.4452,0.0207,9844.0,0.4434,0.4286
S13003042,1,2022.0,0.0,0.5259,0.208205852,0.017000000000000015,0.509,0.2349,7.0,3.0,4439.0,3.0345,0.4335,0.0207,9844.0,0.4509,0.4286
S13003042,0,2017.0,14.100000000000001,0.5259,0.208205852,0.017000000000000015,0.509,0.2349,7.0,3.0,4439.0,3.0345,0.4335,0.0207,10824.0,0.4101,0.4286
S13003042,1,2017.0,11.63,0.5259,0.208205852,0.017000000000000015,0.509,0.2349,7.0,3.0,4439.0,3.0345,0.4335,0.0207,10824.0,0.4101,0.4286
S13003042,3,2022.0,0.0,0.5259,0.208205852,0.017000000000000015,0.509,0.2349,7.0,3.0,4365.0,3.1162,0.4452,0.0207,9844.0,0.4434,0.4286
S13003042,1,2017.0,11.63,0.5259,0.208205852,0.017000000000000015,0.509,0.2349,7.0,3.0,4365.0,3.1162,0.4452,0.0207,10824.0,0.4033,0.4286
S13003042,2,2017.0,51.27,0.5259,0.208205852,0.017000000000000015,0.509,0.2349,7.0,3.0,4439.0,3.0345,0.4335,0.0207,10824.0,0.4101,0.4286
S13003042,2,2017.0,51.27,0.5259,0.208205852,0.017000000000000015,0.509,0.2349,7.0,3.0,4365.0,3.1162,0.4452,0.0207,10824.0,0.4033,0.4286
S13003042,3,2017.0,72.63,0.5259,0.208205852,0.017000000000000015,0.509,0.2349,7.0,3.0,4439.0,3.0345,0.4335,0.0207,10824.0,0.4101,0.4286
S13003042,3,2017.0,72.63,0.5259,0.208205852,0.017000000000000015,0.509,0.2349,7.0,3.0,4365.0,3.1162,0.4452,0.0207,10824.0,0.4033,0.4286
S13003042,0,2022.0,0.0,0.5259,0.208205852,0.017000000000000015,0.509,0.2349,7.0,3.0,4365.0,3.1162,0.4452,0.0207,9844.0,0.4434,0.4286
S13003042,0,2022.0,0.0,0.5259,0.208205852,0.017000000000000015,0.509,0.2349,7.0,3.0,4439.0,3.0345,0.4335,0.0207,9844.0,0.4509,0.4286
S13003042,0,2017.0,14.100000000000001,0.5259,0.208205852,0.017000000000000015,0.509,0.2349,7.0,3.0,4365.0,3.1162,0.4452,0.0207,10824.0,0.4033,0.4286
S13003043,0,2022.0,19.82,0.4754,0.17180709,0.01539999999999997,0.6131,0.339,10.0,4.0,7176.0,3.6458,0.3646,0.0115,15330.0,0.4681,0.4
S13003043,1,2017.0,5.99,0.4754,0.17180709,0.01539999999999997,0.6131,0.339,8.0,4.0,7075.0,3.4148,0.4269,0.0115,14802.0,0.478,0.5
S13003043,1,2022.0,10.94,0.4754,0.17180709,0.01539999999999997,0.6131,0.339,10.0,4.0,7176.0,3.6458,0.3646,0.0115,15330.0,0.4681,0.4
S13003043,1,2022.0,10.94,0.4754,0.17180709,0.01539999999999997,0.6131,0.339,8.0,4.0,7075.0,3.4148,0.4269,0.0115,15330.0,0.4615,0.5
S13003043,2,2022.0,70.44,0.4754,0.17180709,0.01539999999999997,0.6131,0.339,10.0,4.0,7176.0,3.6458,0.3646,0.0115,15330.0,0.4681,0.4
S13003043,2,2022.0,70.44,0.4754,0.17180709,0.01539999999999997,0.6131,0.339,8.0,4.0,7075.0,3.4148,0.4269,0.0115,15330.0,0.4615,0.5
S13003043,1,2017.0,5.99,0.4754,0.17180709,0.01539999999999997,0.6131,0.339,10.0,4.0,7176.0,3.6458,0.3646,0.0115,14802.0,0.4848,0.4
S13003043,3,2022.0,90.78,0.4754,0.17180709,0.01539999999999997,0.6131,0.339,8.0,4.0,7075.0,3.4148,0.4269,0.0115,15330.0,0.4615,0.5
S13003043,0,2017.0,16.04,0.4754,0.17180709,0.01539999999999997,0.6131,0.339,10.0,4.0,7176.0,3.6458,0.3646,0.0115,14802.0,0.4848,0.4
S13003043,0,2017.0,16.04,0.4754,0.17180709,0.01539999999999997,0.6131,0.339,8.0,4.0,7075.0,3.4148,0.4269,0.0115,14802.0,0.478,0.5
S13003043,3,2017.0,78.43,0.4754,0.17180709,0.01539999999999997,0.6131,0.339,8.0,4.0,7075.0,3.4148,0.4269,0.0115,14802.0,0.478,0.5
S13003043,3,2017.0,78.43,0.4754,0.17180709,0.01539999999999997,0.6131,0.339,10.0,4.0,7176.0,3.6458,0.3646,0.0115,14802.0,0.4848,0.4
S13003043,2,2017.0,51.5,0.4754,0.17180709,0.01539999999999997,0.6131,0.339,8.0,4.0,7075.0,3.4148,0.4269,0.0115,14802.0,0.478,0.5
S13003043,2,2017.0,51.5,0.4754,0.17180709,0.01539999999999997,0.6131,0.339,10.0,4.0,7176.0,3.6458,0.3646,0.0115,14802.0,0.4848,0.4
S13003043,0,2022.0,19.82,0.4754,0.17180709,0.01539999999999997,0.6131,0.339,8.0,4.0,7075.0,3.4148,0.4269,0.0115,15330.0,0.4615,0.5
S13003043,3,2022.0,90.78,0.4754,0.17180709,0.01539999999999997,0.6131,0.339,10.0,4.0,7176.0,3.6458,0.3646,0.0115,15330.0,0.4681,0.4
S13003044,3,2022.0,55.019999999999996,0.4432,0.206562538,0.014100000000000001,0.5108,0.2189,9.0,4.0,5919.0,3.5366,0.393,0.0218,12717.0,0.4654,0.4444
S13003044,0,2022.0,6.700000000000001,0.4432,0.206562538,0.014100000000000001,0.5108,0.2189,9.0,4.0,5713.0,3.38,0.3756,0.0218,12717.0,0.4492,0.4444
S13003044,3,2017.0,90.1,0.4432,0.206562538,0.014100000000000001,0.5108,0.2189,9.0,4.0,5713.0,3.38,0.3756,0.0218,13310.0,0.4292,0.4444
S13003044,3,2017.0,90.1,0.4432,0.206562538,0.014100000000000001,0.5108,0.2189,9.0,4.0,5919.0,3.5366,0.393,0.0218,13310.0,0.4447,0.4444
S13003044,2,2017.0,67.17,0.4432,0.206562538,0.014100000000000001,0.5108,0.2189,9.0,4.0,5713.0,3.38,0.3756,0.0218,13310.0,0.4292,0.4444
S13003044,2,2017.0,67.17,0.4432,0.206562538,0.014100000000000001,0.5108,0.2189,9.0,4.0,5919.0,3.5366,0.393,0.0218,13310.0,0.4447,0.4444
S13003044,1,2017.0,8.21,0.4432,0.206562538,0.014100000000000001,0.5108,0.2189,9.0,4.0,5713.0,3.38,0.3756,0.0218,13310.0,0.4292,0.4444
S13003044,1,2017.0,8.21,0.4432,0.206562538,0.014100000000000001,0.5108,0.2189,9.0,4.0,5919.0,3.5366,0.393,0.0218,13310.0,0.4447,0.4444
S13003044,0,2017.0,22.12,0.4432,0.206562538,0.014100000000000001,0.5108,0.2189,9.0,4.0,5713.0,3.38,0.3756,0.0218,13310.0,0.4292,0.4444
S13003044,0,2022.0,6.700000000000001,0.4432,0.206562538,0.014100000000000001,0.5108,0.2189,9.0,4.0,5919.0,3.5366,0.393,0.0218,12717.0,0.4654,0.4444
S13003044,3,2022.0,55.019999999999996,0.4432,0.206562538,0.014100000000000001,0.5108,0.2189,9.0,4.0,5713.0,3.38,0.3756,0.0218,12717.0,0.4492,0.4444
S13003044,2,2022.0,35.53,0.4432,0.206562538,0.014100000000000001,0.5108,0.2189,9.0,4.0,5919.0,3.5366,0.393,0.0218,12717.0,0.4654,0.4444
S13003044,0,2017.0,22.12,0.4432,0.206562538,0.014100000000000001,0.5108,0.2189,9.0,4.0,5919.0,3.5366,0.393,0.0218,13310.0,0.4447,0.4444
S13003044,2,2022.0,35.53,0.4432,0.206562538,0.014100000000000001,0.5108,0.2189,9.0,4.0,5713.0,3.38,0.3756,0.0218,12717.0,0.4492,0.4444
S13003044,1,2022.0,5.870000000000001,0.4432,0.206562538,0.014100000000000001,0.5108,0.2189,9.0,4.0,5919.0,3.5366,0.393,0.0218,12717.0,0.4654,0.4444
S13003044,1,2022.0,5.870000000000001,0.4432,0.206562538,0.014100000000000001,0.5108,0.2189,9.0,4.0,5713.0,3.38,0.3756,0.0218,12717.0,0.4492,0.4444
S13003045,2,2017.0,58.099999999999994,0.4089,0.201621135,0.018100000000000005,0.4556,0.1992,8.0,4.0,5931.0,3.5227,0.4403,0.021,13712.0,0.4325,0.5
S13003045,2,2017.0,58.099999999999994,0.4089,0.201621135,0.018100000000000005,0.4556,0.1992,8.0,4.0,5355.0,3.6556,0.457,0.021,13712.0,0.3905,0.5
S13003045,3,2017.0,89.02,0.4089,0.201621135,0.018100000000000005,0.4556,0.1992,8.0,4.0,5931.0,3.5227,0.4403,0.021,13712.0,0.4325,0.5
S13003045,3,2017.0,89.02,0.4089,0.201621135,0.018100000000000005,0.4556,0.1992,8.0,4.0,5355.0,3.6556,0.457,0.021,13712.0,0.3905,0.5
S13003045,0,2017.0,18.759999999999998,0.4089,0.201621135,0.018100000000000005,0.4556,0.1992,8.0,4.0,5355.0,3.6556,0.457,0.021,13712.0,0.3905,0.5
S13003045,0,2017.0,18.759999999999998,0.4089,0.201621135,0.018100000000000005,0.4556,0.1992,8.0,4.0,5931.0,3.5227,0.4403,0.021,13712.0,0.4325,0.5
S13003045,1,2017.0,4.92,0.4089,0.201621135,0.018100000000000005,0.4556,0.1992,8.0,4.0,5355.0,3.6556,0.457,0.021,13712.0,0.3905,0.5
S13003045,2,2022.0,69.00999999999999,0.4089,0.201621135,0.018100000000000005,0.4556,0.1992,8.0,4.0,5355.0,3.6556,0.457,0.021,12989.0,0.4123,0.5
S13003045,2,2022.0,69.00999999999999,0.4089,0.201621135,0.018100000000000005,0.4556,0.1992,8.0,4.0,5931.0,3.5227,0.4403,0.021,12989.0,0.4566,0.5
S13003045,1,2022.0,4.33,0.4089,0.201621135,0.018100000000000005,0.4556,0.1992,8.0,4.0,5355.0,3.6556,0.457,0.021,12989.0,0.4123,0.5
S13003045,1,2022.0,4.33,0.4089,0.201621135,0.018100000000000005,0.4556,0.1992,8.0,4.0,5931.0,3.5227,0.4403,0.021,12989.0,0.4566,0.5
S13003045,0,2022.0,8.52,0.4089,0.201621135,0.018100000000000005,0.4556,0.1992,8.0,4.0,5355.0,3.6556,0.457,0.021,12989.0,0.4123,0.5
S13003045,0,2022.0,8.52,0.4089,0.201621135,0.018100000000000005,0.4556,0.1992,8.0,4.0,5931.0,3.5227,0.4403,0.021,12989.0,0.4566,0.5
S13003045,3,2022.0,92.87,0.4089,0.201621135,0.018100000000000005,0.4556,0.1992,8.0,4.0,5931.0,3.5227,0.4403,0.021,12989.0,0.4566,0.5
S13003045,3,2022.0,92.87,0.4089,0.201621135,0.018100000000000005,0.4556,0.1992,8.0,4.0,5355.0,3.6556,0.457,0.021,12989.0,0.4123,0.5
S13003045,1,2017.0,4.92,0.4089,0.201621135,0.018100000000000005,0.4556,0.1992,8.0,4.0,5931.0,3.5227,0.4403,0.021,13712.0,0.4325,0.5
S13003047,2,2017.0,57.06,0.5118,0.1491338,0.011399999999999966,0.5428,0.2758,6.0,3.0,4472.0,3.1496,0.5249,0.0152,10629.0,0.4207,0.5
S13003047,2,2022.0,30.52,0.5118,0.1491338,0.011399999999999966,0.5428,0.2758,6.0,3.0,4472.0,3.1496,0.5249,0.0152,10803.0,0.414,0.5
S13003047,2,2022.0,30.52,0.5118,0.1491338,0.011399999999999966,0.5428,0.2758,7.0,3.0,4339.0,3.2187,0.4598,0.0152,10803.0,0.4016,0.4286
S13003047,3,2017.0,86.31,0.5118,0.1491338,0.011399999999999966,0.5428,0.2758,6.0,3.0,4472.0,3.1496,0.5249,0.0152,10629.0,0.4207,0.5
S13003047,3,2017.0,86.31,0.5118,0.1491338,0.011399999999999966,0.5428,0.2758,7.0,3.0,4339.0,3.2187,0.4598,0.0152,10629.0,0.4082,0.4286
S13003047,2,2017.0,57.06,0.5118,0.1491338,0.011399999999999966,0.5428,0.2758,7.0,3.0,4339.0,3.2187,0.4598,0.0152,10629.0,0.4082,0.4286
S13003047,3,2022.0,60.78,0.5118,0.1491338,0.011399999999999966,0.5428,0.2758,6.0,3.0,4472.0,3.1496,0.5249,0.0152,10803.0,0.414,0.5
S13003047,1,2017.0,8.67,0.5118,0.1491338,0.011399999999999966,0.5428,0.2758,6.0,3.0,4472.0,3.1496,0.5249,0.0152,10629.0,0.4207,0.5
S13003047,0,2017.0,18.41,0.5118,0.1491338,0.011399999999999966,0.5428,0.2758,6.0,3.0,4472.0,3.1496,0.5249,0.0152,10629.0,0.4207,0.5
S13003047,0,2017.0,18.41,0.5118,0.1491338,0.011399999999999966,0.5428,0.2758,7.0,3.0,4339.0,3.2187,0.4598,0.0152,10629.0,0.4082,0.4286
S13003047,1,2022.0,4.81,0.5118,0.1491338,0.011399999999999966,0.5428,0.2758,6.0,3.0,4472.0,3.1496,0.5249,0.0152,10803.0,0.414,0.5
S13003047,1,2022.0,4.81,0.5118,0.1491338,0.011399999999999966,0.5428,0.2758,7.0,3.0,4339.0,3.2187,0.4598,0.0152,10803.0,0.4016,0.4286
S13003047,0,2022.0,7.539999999999999,0.5118,0.1491338,0.011399999999999966,0.5428,0.2758,6.0,3.0,4472.0,3.1496,0.5249,0.0152,10803.0,0.414,0.5
S13003047,0,2022.0,7.539999999999999,0.5118,0.1491338,0.011399999999999966,0.5428,0.2758,7.0,3.0,4339.0,3.2187,0.4598,0.0152,10803.0,0.4016,0.4286
S13003047,1,2017.0,8.67,0.5118,0.1491338,0.011399999999999966,0.5428,0.2758,7.0,3.0,4339.0,3.2187,0.4598,0.0152,10629.0,0.4082,0.4286
S13003047,3,2022.0,60.78,0.5118,0.1491338,0.011399999999999966,0.5428,0.2758,7.0,3.0,4339.0,3.2187,0.4598,0.0152,10803.0,0.4016,0.4286
S13003048,2,2022.0,66.8,0.6126,0.18939794,0.010399999999999965,0.4739,0.2328,9.0,4.0,4956.0,3.2528,0.3614,0.025,11944.0,0.4149,0.4444
S13003048,2,2022.0,66.8,0.6126,0.18939794,0.010399999999999965,0.4739,0.2328,8.0,4.0,4877.0,3.4675,0.4334,0.025,11944.0,0.4083,0.5
S13003048,0,2022.0,15.989999999999998,0.6126,0.18939794,0.010399999999999965,0.4739,0.2328,9.0,4.0,4956.0,3.2528,0.3614,0.025,11944.0,0.4149,0.4444
S13003048,3,2022.0,88.36,0.6126,0.18939794,0.010399999999999965,0.4739,0.2328,8.0,4.0,4877.0,3.4675,0.4334,0.025,11944.0,0.4083,0.5
S13003048,0,2022.0,15.989999999999998,0.6126,0.18939794,0.010399999999999965,0.4739,0.2328,8.0,4.0,4877.0,3.4675,0.4334,0.025,11944.0,0.4083,0.5
S13003048,3,2022.0,88.36,0.6126,0.18939794,0.010399999999999965,0.4739,0.2328,9.0,4.0,4956.0,3.2528,0.3614,0.025,11944.0,0.4149,0.4444
S13003048,3,2017.0,86.98,0.6126,0.18939794,0.010399999999999965,0.4739,0.2328,8.0,4.0,4877.0,3.4675,0.4334,0.025,12826.0,0.3802,0.5
S13003048,3,2017.0,86.98,0.6126,0.18939794,0.010399999999999965,0.4739,0.2328,9.0,4.0,4956.0,3.2528,0.3614,0.025,12826.0,0.3864,0.4444
S13003048,1,2022.0,9.77,0.6126,0.18939794,0.010399999999999965,0.4739,0.2328,8.0,4.0,4877.0,3.4675,0.4334,0.025,11944.0,0.4083,0.5
S13003048,2,2017.0,57.14,0.6126,0.18939794,0.010399999999999965,0.4739,0.2328,9.0,4.0,4956.0,3.2528,0.3614,0.025,12826.0,0.3864,0.4444
S13003048,2,2017.0,57.14,0.6126,0.18939794,0.010399999999999965,0.4739,0.2328,8.0,4.0,4877.0,3.4675,0.4334,0.025,12826.0,0.3802,0.5
S13003048,1,2017.0,5.37,0.6126,0.18939794,0.010399999999999965,0.4739,0.2328,9.0,4.0,4956.0,3.2528,0.3614,0.025,12826.0,0.3864,0.4444
S13003048,1,2017.0,5.37,0.6126,0.18939794,0.010399999999999965,0.4739,0.2328,8.0,4.0,4877.0,3.4675,0.4334,0.025,12826.0,0.3802,0.5
S13003048,0,2017.0,18.869999999999997,0.6126,0.18939794,0.010399999999999965,0.4739,0.2328,9.0,4.0,4956.0,3.2528,0.3614,0.025,12826.0,0.3864,0.4444
S13003048,0,2017.0,18.869999999999997,0.6126,0.18939794,0.010399999999999965,0.4739,0.2328,8.0,4.0,4877.0,3.4675,0.4334,0.025,12826.0,0.3802,0.5
S13003048,1,2022.0,9.77,0.6126,0.18939794,0.010399999999999965,0.4739,0.2328,9.0,4.0,4956.0,3.2528,0.3614,0.025,11944.0,0.4149,0.4444
S13003049,2,2022.0,79.12,0.5549,0.168783561,0.015499999999999958,0.5295,0.2212,8.0,4.0,5939.0,3.2899,0.4112,0.0254,14911.0,0.3983,0.5
S13003049,1,2022.0,9.41,0.5549,0.168783561,0.015499999999999958,0.5295,0.2212,8.0,4.0,5565.0,3.2552,0.4069,0.0254,14911.0,0.3732,0.5
S13003049,1,2022.0,9.41,0.5549,0.168783561,0.015499999999999958,0.5295,0.2212,8.0,4.0,5939.0,3.2899,0.4112,0.0254,14911.0,0.3983,0.5
S13003049,0,2022.0,21.509999999999998,0.5549,0.168783561,0.015499999999999958,0.5295,0.2212,8.0,4.0,5565.0,3.2552,0.4069,0.0254,14911.0,0.3732,0.5
S13003049,0,2022.0,21.509999999999998,0.5549,0.168783561,0.015499999999999958,0.5295,0.2212,8.0,4.0,5939.0,3.2899,0.4112,0.0254,14911.0,0.3983,0.5
S13003049,3,2022.0,95.33000000000001,0.5549,0.168783561,0.015499999999999958,0.5295,0.2212,8.0,4.0,5939.0,3.2899,0.4112,0.0254,14911.0,0.3983,0.5
S13003049,2,2022.0,79.12,0.5549,0.168783561,0.015499999999999958,0.5295,0.2212,8.0,4.0,5565.0,3.2552,0.4069,0.0254,14911.0,0.3732,0.5
S13003049,2,2017.0,59.739999999999995,0.5549,0.168783561,0.015499999999999958,0.5295,0.2212,8.0,4.0,5939.0,3.2899,0.4112,0.0254,16196.0,0.3667,0.5
S13003049,3,2017.0,90.28,0.5549,0.168783561,0.015499999999999958,0.5295,0.2212,8.0,4.0,5565.0,3.2552,0.4069,0.0254,16196.0,0.3436,0.5
S13003049,3,2017.0,90.28,0.5549,0.168783561,0.015499999999999958,0.5295,0.2212,8.0,4.0,5939.0,3.2899,0.4112,0.0254,16196.0,0.3667,0.5
S13003049,2,2017.0,59.739999999999995,0.5549,0.168783561,0.015499999999999958,0.5295,0.2212,8.0,4.0,5565.0,3.2552,0.4069,0.0254,16196.0,0.3436,0.5
S13003049,3,2022.0,95.33000000000001,0.5549,0.168783561,0.015499999999999958,0.5295,0.2212,8.0,4.0,5565.0,3.2552,0.4069,0.0254,14911.0,0.3732,0.5
S13003049,1,2017.0,5.029999999999999,0.5549,0.168783561,0.015499999999999958,0.5295,0.2212,8.0,4.0,5565.0,3.2552,0.4069,0.0254,16196.0,0.3436,0.5
S13003049,1,2017.0,5.029999999999999,0.5549,0.168783561,0.015499999999999958,0.5295,0.2212,8.0,4.0,5939.0,3.2899,0.4112,0.0254,16196.0,0.3667,0.5
S13003049,0,2017.0,15.639999999999999,0.5549,0.168783561,0.015499999999999958,0.5295,0.2212,8.0,4.0,5565.0,3.2552,0.4069,0.0254,16196.0,0.3436,0.5
S13003049,0,2017.0,15.639999999999999,0.5549,0.168783561,0.015499999999999958,0.5295,0.2212,8.0,4.0,5939.0,3.2899,0.4112,0.0254,16196.0,0.3667,0.5
S13003050,2,2017.0,62.489999999999995,0.568,0.188338011,0.020199999999999996,0.4718,0.2162,8.0,4.0,4887.0,3.2844,0.4106,0.0293,13558.0,0.3605,0.5
S13003050,1,2022.0,0.84,0.568,0.188338011,0.020199999999999996,0.4718,0.2162,8.0,4.0,4887.0,3.2844,0.4106,0.0293,12682.0,0.3853,0.5
S13003050,1,2017.0,6.7700000000000005,0.568,0.188338011,0.020199999999999996,0.4718,0.2162,6.0,4.0,4679.0,2.9506,0.4918,0.0293,13558.0,0.3451,0.6667
S13003050,1,2017.0,6.7700000000000005,0.568,0.188338011,0.020199999999999996,0.4718,0.2162,8.0,4.0,4887.0,3.2844,0.4106,0.0293,13558.0,0.3605,0.5
S13003050,3,2022.0,94.04,0.568,0.188338011,0.020199999999999996,0.4718,0.2162,6.0,4.0,4679.0,2.9506,0.4918,0.0293,12682.0,0.3689,0.6667
S13003050,2,2022.0,73.56,0.568,0.188338011,0.020199999999999996,0.4718,0.2162,8.0,4.0,4887.0,3.2844,0.4106,0.0293,12682.0,0.3853,0.5
S13003050,2,2022.0,73.56,0.568,0.188338011,0.020199999999999996,0.4718,0.2162,6.0,4.0,4679.0,2.9506,0.4918,0.0293,12682.0,0.3689,0.6667
S13003050,3,2022.0,94.04,0.568,0.188338011,0.020199999999999996,0.4718,0.2162,8.0,4.0,4887.0,3.2844,0.4106,0.0293,12682.0,0.3853,0.5
S13003050,3,2017.0,85.16,0.568,0.188338011,0.020199999999999996,0.4718,0.2162,8.0,4.0,4887.0,3.2844,0.4106,0.0293,13558.0,0.3605,0.5
S13003050,1,2022.0,0.84,0.568,0.188338011,0.020199999999999996,0.4718,0.2162,6.0,4.0,4679.0,2.9506,0.4918,0.0293,12682.0,0.3689,0.6667
S13003050,3,2017.0,85.16,0.568,0.188338011,0.020199999999999996,0.4718,0.2162,6.0,4.0,4679.0,2.9506,0.4918,0.0293,13558.0,0.3451,0.6667
S13003050,2,2017.0,62.489999999999995,0.568,0.188338011,0.020199999999999996,0.4718,0.2162,6.0,4.0,4679.0,2.9506,0.4918,0.0293,13558.0,0.3451,0.6667
S13003050,0,2022.0,0.84,0.568,0.188338011,0.020199999999999996,0.4718,0.2162,6.0,4.0,4679.0,2.9506,0.4918,0.0293,12682.0,0.3689,0.6667
S13003050,0,2022.0,0.84,0.568,0.188338011,0.020199999999999996,0.4718,0.2162,8.0,4.0,4887.0,3.2844,0.4106,0.0293,12682.0,0.3853,0.5
S13003050,0,2017.0,18.66,0.568,0.188338011,0.020199999999999996,0.4718,0.2162,8.0,4.0,4887.0,3.2844,0.4106,0.0293,13558.0,0.3605,0.5
S13003050,0,2017.0,18.66,0.568,0.188338011,0.020199999999999996,0.4718,0.2162,6.0,4.0,4679.0,2.9506,0.4918,0.0293,13558.0,0.3451,0.6667
S13003051,0,2017.0,18.240000000000002,0.642,0.16082779,0.023900000000000032,0.4721,0.1799,5.0,3.0,3773.0,2.8691,0.5738,0.0229,12082.0,0.3123,0.6
S13003051,2,2022.0,61.97,0.642,0.16082779,0.023900000000000032,0.4721,0.1799,6.0,3.0,3894.0,3.0889,0.5148,0.0229,10350.0,0.3762,0.5
S13003051,2,2022.0,61.97,0.642,0.16082779,0.023900000000000032,0.4721,0.1799,5.0,3.0,3773.0,2.8691,0.5738,0.0229,10350.0,0.3645,0.6
S13003051,1,2022.0,5.11,0.642,0.16082779,0.023900000000000032,0.4721,0.1799,6.0,3.0,3894.0,3.0889,0.5148,0.0229,10350.0,0.3762,0.5
S13003051,1,2022.0,5.11,0.642,0.16082779,0.023900000000000032,0.4721,0.1799,5.0,3.0,3773.0,2.8691,0.5738,0.0229,10350.0,0.3645,0.6
S13003051,0,2022.0,5.11,0.642,0.16082779,0.023900000000000032,0.4721,0.1799,6.0,3.0,3894.0,3.0889,0.5148,0.0229,10350.0,0.3762,0.5
S13003051,0,2022.0,5.11,0.642,0.16082779,0.023900000000000032,0.4721,0.1799,5.0,3.0,3773.0,2.8691,0.5738,0.0229,10350.0,0.3645,0.6
S13003051,3,2022.0,94.27,0.642,0.16082779,0.023900000000000032,0.4721,0.1799,5.0,3.0,3773.0,2.8691,0.5738,0.0229,10350.0,0.3645,0.6
S13003051,3,2017.0,94.14,0.642,0.16082779,0.023900000000000032,0.4721,0.1799,6.0,3.0,3894.0,3.0889,0.5148,0.0229,12082.0,0.3223,0.5
S13003051,3,2017.0,94.14,0.642,0.16082779,0.023900000000000032,0.4721,0.1799,5.0,3.0,3773.0,2.8691,0.5738,0.0229,12082.0,0.3123,0.6
S13003051,2,2017.0,71.32,0.642,0.16082779,0.023900000000000032,0.4721,0.1799,6.0,3.0,3894.0,3.0889,0.5148,0.0229,12082.0,0.3223,0.5
S13003051,2,2017.0,71.32,0.642,0.16082779,0.023900000000000032,0.4721,0.1799,5.0,3.0,3773.0,2.8691,0.5738,0.0229,12082.0,0.3123,0.6
S13003051,1,2017.0,6.92,0.642,0.16082779,0.023900000000000032,0.4721,0.1799,6.0,3.0,3894.0,3.0889,0.5148,0.0229,12082.0,0.3223,0.5
S13003051,1,2017.0,6.92,0.642,0.16082779,0.023900000000000032,0.4721,0.1799,5.0,3.0,3773.0,2.8691,0.5738,0.0229,12082.0,0.3123,0.6
S13003051,0,2017.0,18.240000000000002,0.642,0.16082779,0.023900000000000032,0.4721,0.1799,6.0,3.0,3894.0,3.0889,0.5148,0.0229,12082.0,0.3223,0.5
S13003051,3,2022.0,94.27,0.642,0.16082779,0.023900000000000032,0.4721,0.1799,6.0,3.0,3894.0,3.0889,0.5148,0.0229,10350.0,0.3762,0.5
S13003052,0,2022.0,11.54,0.631,0.161449173,0.0121,0.5044,0.2073,7.0,4.0,4849.0,3.2867,0.4695,0.0192,13141.0,0.369,0.5714
S13003052,3,2017.0,85.06,0.631,0.161449173,0.0121,0.5044,0.2073,7.0,4.0,4849.0,3.2867,0.4695,0.0192,13267.0,0.3655,0.5714
S13003052,2,2022.0,75.87,0.631,0.161449173,0.0121,0.5044,0.2073,8.0,4.0,4647.0,3.402,0.4252,0.0192,13141.0,0.3536,0.5
S13003052,1,2022.0,7.169999999999999,0.631,0.161449173,0.0121,0.5044,0.2073,7.0,4.0,4849.0,3.2867,0.4695,0.0192,13141.0,0.369,0.5714
S13003052,1,2022.0,7.169999999999999,0.631,0.161449173,0.0121,0.5044,0.2073,8.0,4.0,4647.0,3.402,0.4252,0.0192,13141.0,0.3536,0.5
S13003052,3,2017.0,85.06,0.631,0.161449173,0.0121,0.5044,0.2073,8.0,4.0,4647.0,3.402,0.4252,0.0192,13267.0,0.3503,0.5
S13003052,2,2017.0,65.44,0.631,0.161449173,0.0121,0.5044,0.2073,7.0,4.0,4849.0,3.2867,0.4695,0.0192,13267.0,0.3655,0.5714
S13003052,2,2017.0,65.44,0.631,0.161449173,0.0121,0.5044,0.2073,8.0,4.0,4647.0,3.402,0.4252,0.0192,13267.0,0.3503,0.5
S13003052,1,2017.0,10.99,0.631,0.161449173,0.0121,0.5044,0.2073,7.0,4.0,4849.0,3.2867,0.4695,0.0192,13267.0,0.3655,0.5714
S13003052,2,2022.0,75.87,0.631,0.161449173,0.0121,0.5044,0.2073,7.0,4.0,4849.0,3.2867,0.4695,0.0192,13141.0,0.369,0.5714
S13003052,0,2017.0,19.9,0.631,0.161449173,0.0121,0.5044,0.2073,7.0,4.0,4849.0,3.2867,0.4695,0.0192,13267.0,0.3655,0.5714
S13003052,0,2017.0,19.9,0.631,0.161449173,0.0121,0.5044,0.2073,8.0,4.0,4647.0,3.402,0.4252,0.0192,13267.0,0.3503,0.5
S13003052,0,2022.0,11.54,0.631,0.161449173,0.0121,0.5044,0.2073,8.0,4.0,4647.0,3.402,0.4252,0.0192,13141.0,0.3536,0.5
S13003052,1,2017.0,10.99,0.631,0.161449173,0.0121,0.5044,0.2073,8.0,4.0,4647.0,3.402,0.4252,0.0192,13267.0,0.3503,0.5
S13003052,3,2022.0,94.08,0.631,0.161449173,0.0121,0.5044,0.2073,7.0,4.0,4849.0,3.2867,0.4695,0.0192,13141.0,0.369,0.5714
S13003052,3,2022.0,94.08,0.631,0.161449173,0.0121,0.5044,0.2073,8.0,4.0,4647.0,3.402,0.4252,0.0192,13141.0,0.3536,0.5
S13003053,3,2017.0,81.72999999999999,0.5891,0.178004476,0.016199999999999992,0.5506,0.2264,5.0,4.0,6015.0,2.8509,0.5702,0.0201,15963.0,0.3768,0.8
S13003053,3,2017.0,81.72999999999999,0.5891,0.178004476,0.016199999999999992,0.5506,0.2264,8.0,4.0,6203.0,3.3123,0.414,0.0201,15963.0,0.3886,0.5
S13003053,2,2017.0,60.79,0.5891,0.178004476,0.016199999999999992,0.5506,0.2264,5.0,4.0,6015.0,2.8509,0.5702,0.0201,15963.0,0.3768,0.8
S13003053,2,2017.0,60.79,0.5891,0.178004476,0.016199999999999992,0.5506,0.2264,8.0,4.0,6203.0,3.3123,0.414,0.0201,15963.0,0.3886,0.5
S13003053,1,2017.0,7.23,0.5891,0.178004476,0.016199999999999992,0.5506,0.2264,5.0,4.0,6015.0,2.8509,0.5702,0.0201,15963.0,0.3768,0.8
S13003053,1,2017.0,7.23,0.5891,0.178004476,0.016199999999999992,0.5506,0.2264,8.0,4.0,6203.0,3.3123,0.414,0.0201,15963.0,0.3886,0.5
S13003053,0,2017.0,10.14,0.5891,0.178004476,0.016199999999999992,0.5506,0.2264,5.0,4.0,6015.0,2.8509,0.5702,0.0201,15963.0,0.3768,0.8
S13003053,0,2017.0,10.14,0.5891,0.178004476,0.016199999999999992,0.5506,0.2264,8.0,4.0,6203.0,3.3123,0.414,0.0201,15963.0,0.3886,0.5
S13003053,3,2022.0,91.83,0.5891,0.178004476,0.016199999999999992,0.5506,0.2264,8.0,4.0,6203.0,3.3123,0.414,0.0201,14949.0,0.4149,0.5
S13003053,2,2022.0,70.62,0.5891,0.178004476,0.016199999999999992,0.5506,0.2264,5.0,4.0,6015.0,2.8509,0.5702,0.0201,14949.0,0.4024,0.8
S13003053,2,2022.0,70.62,0.5891,0.178004476,0.016199999999999992,0.5506,0.2264,8.0,4.0,6203.0,3.3123,0.414,0.0201,14949.0,0.4149,0.5
S13003053,1,2022.0,4.79,0.5891,0.178004476,0.016199999999999992,0.5506,0.2264,5.0,4.0,6015.0,2.8509,0.5702,0.0201,14949.0,0.4024,0.8
S13003053,1,2022.0,4.79,0.5891,0.178004476,0.016199999999999992,0.5506,0.2264,8.0,4.0,6203.0,3.3123,0.414,0.0201,14949.0,0.4149,0.5
S13003053,0,2022.0,13.469999999999999,0.5891,0.178004476,0.016199999999999992,0.5506,0.2264,5.0,4.0,6015.0,2.8509,0.5702,0.0201,14949.0,0.4024,0.8
S13003053,0,2022.0,13.469999999999999,0.5891,0.178004476,0.016199999999999992,0.5506,0.2264,8.0,4.0,6203.0,3.3123,0.414,0.0201,14949.0,0.4149,0.5
S13003053,3,2022.0,91.83,0.5891,0.178004476,0.016199999999999992,0.5506,0.2264,5.0,4.0,6015.0,2.8509,0.5702,0.0201,14949.0,0.4024,0.8
S13003054,2,2022.0,62.2,0.5266,0.183296103,-0.0040000000000000036,0.5004,0.1914,7.0,4.0,5043.0,3.0291,0.4327,0.0197,12088.0,0.4172,0.5714
S13003054,2,2022.0,62.2,0.5266,0.183296103,-0.0040000000000000036,0.5004,0.1914,7.0,4.0,4559.0,3.0827,0.4404,0.0197,12088.0,0.3772,0.5714
S13003054,3,2022.0,95.09,0.5266,0.183296103,-0.0040000000000000036,0.5004,0.1914,7.0,4.0,5043.0,3.0291,0.4327,0.0197,12088.0,0.4172,0.5714
S13003054,2,2017.0,49.43,0.5266,0.183296103,-0.0040000000000000036,0.5004,0.1914,7.0,4.0,5043.0,3.0291,0.4327,0.0197,12940.0,0.3897,0.5714
S13003054,1,2022.0,6.470000000000001,0.5266,0.183296103,-0.0040000000000000036,0.5004,0.1914,7.0,4.0,4559.0,3.0827,0.4404,0.0197,12088.0,0.3772,0.5714
S13003054,3,2017.0,78.94,0.5266,0.183296103,-0.0040000000000000036,0.5004,0.1914,7.0,4.0,5043.0,3.0291,0.4327,0.0197,12940.0,0.3897,0.5714
S13003054,3,2017.0,78.94,0.5266,0.183296103,-0.0040000000000000036,0.5004,0.1914,7.0,4.0,4559.0,3.0827,0.4404,0.0197,12940.0,0.3523,0.5714
S13003054,0,2017.0,15.61,0.5266,0.183296103,-0.0040000000000000036,0.5004,0.1914,7.0,4.0,4559.0,3.0827,0.4404,0.0197,12940.0,0.3523,0.5714
S13003054,0,2017.0,15.61,0.5266,0.183296103,-0.0040000000000000036,0.5004,0.1914,7.0,4.0,5043.0,3.0291,0.4327,0.0197,12940.0,0.3897,0.5714
S13003054,1,2022.0,6.470000000000001,0.5266,0.183296103,-0.0040000000000000036,0.5004,0.1914,7.0,4.0,5043.0,3.0291,0.4327,0.0197,12088.0,0.4172,0.5714
S13003054,3,2022.0,95.09,0.5266,0.183296103,-0.0040000000000000036,0.5004,0.1914,7.0,4.0,4559.0,3.0827,0.4404,0.0197,12088.0,0.3772,0.5714
S13003054,0,2022.0,6.470000000000001,0.5266,0.183296103,-0.0040000000000000036,0.5004,0.1914,7.0,4.0,5043.0,3.0291,0.4327,0.0197,12088.0,0.4172,0.5714
S13003054,0,2022.0,6.470000000000001,0.5266,0.183296103,-0.0040000000000000036,0.5004,0.1914,7.0,4.0,4559.0,3.0827,0.4404,0.0197,12088.0,0.3772,0.5714
S13003054,2,2017.0,49.43,0.5266,0.183296103,-0.0040000000000000036,0.5004,0.1914,7.0,4.0,4559.0,3.0827,0.4404,0.0197,12940.0,0.3523,0.5714
S13003054,1,2017.0,8.57,0.5266,0.183296103,-0.0040000000000000036,0.5004,0.1914,7.0,4.0,4559.0,3.0827,0.4404,0.0197,12940.0,0.3523,0.5714
S13003054,1,2017.0,8.57,0.5266,0.183296103,-0.0040000000000000036,0.5004,0.1914,7.0,4.0,5043.0,3.0291,0.4327,0.0197,12940.0,0.3897,0.5714
S13003055,3,2022.0,92.57,0.5662,0.187317572,0.020100000000000007,0.5166,0.2295,5.0,3.0,4468.0,2.7762,0.5552,0.0198,10807.0,0.4134,0.6
S13003055,3,2017.0,93.72,0.5662,0.187317572,0.020100000000000007,0.5166,0.2295,5.0,3.0,4468.0,2.7762,0.5552,0.0198,11552.0,0.3868,0.6
S13003055,0,2022.0,17.32,0.5662,0.187317572,0.020100000000000007,0.5166,0.2295,5.0,3.0,4684.0,2.8198,0.564,0.0198,10807.0,0.4334,0.6
S13003055,0,2022.0,17.32,0.5662,0.187317572,0.020100000000000007,0.5166,0.2295,5.0,3.0,4468.0,2.7762,0.5552,0.0198,10807.0,0.4134,0.6
S13003055,1,2022.0,6.6,0.5662,0.187317572,0.020100000000000007,0.5166,0.2295,5.0,3.0,4468.0,2.7762,0.5552,0.0198,10807.0,0.4134,0.6
S13003055,2,2022.0,63.16,0.5662,0.187317572,0.020100000000000007,0.5166,0.2295,5.0,3.0,4684.0,2.8198,0.564,0.0198,10807.0,0.4334,0.6
S13003055,2,2022.0,63.16,0.5662,0.187317572,0.020100000000000007,0.5166,0.2295,5.0,3.0,4468.0,2.7762,0.5552,0.0198,10807.0,0.4134,0.6
S13003055,3,2022.0,92.57,0.5662,0.187317572,0.020100000000000007,0.5166,0.2295,5.0,3.0,4684.0,2.8198,0.564,0.0198,10807.0,0.4334,0.6
S13003055,3,2017.0,93.72,0.5662,0.187317572,0.020100000000000007,0.5166,0.2295,5.0,3.0,4684.0,2.8198,0.564,0.0198,11552.0,0.4055,0.6
S13003055,1,2022.0,6.6,0.5662,0.187317572,0.020100000000000007,0.5166,0.2295,5.0,3.0,4684.0,2.8198,0.564,0.0198,10807.0,0.4334,0.6
S13003055,1,2017.0,1.29,0.5662,0.187317572,0.020100000000000007,0.5166,0.2295,5.0,3.0,4468.0,2.7762,0.5552,0.0198,11552.0,0.3868,0.6
S13003055,0,2017.0,6.67,0.5662,0.187317572,0.020100000000000007,0.5166,0.2295,5.0,3.0,4684.0,2.8198,0.564,0.0198,11552.0,0.4055,0.6
S13003055,0,2017.0,6.67,0.5662,0.187317572,0.020100000000000007,0.5166,0.2295,5.0,3.0,4468.0,2.7762,0.5552,0.0198,11552.0,0.3868,0.6
S13003055,1,2017.0,1.29,0.5662,0.187317572,0.020100000000000007,0.5166,0.2295,5.0,3.0,4684.0,2.8198,0.564,0.0198,11552.0,0.4055,0.6
S13003055,2,2017.0,64.65,0.5662,0.187317572,0.020100000000000007,0.5166,0.2295,5.0,3.0,4684.0,2.8198,0.564,0.0198,11552.0,0.4055,0.6
S13003055,2,2017.0,64.65,0.5662,0.187317572,0.020100000000000007,0.5166,0.2295,5.0,3.0,4468.0,2.7762,0.5552,0.0198,11552.0,0.3868,0.6
S13003056,2,2022.0,53.16,0.5268,0.188047202,0.014700000000000046,0.4796,0.175,7.0,4.0,4631.0,3.0611,0.4373,0.0229,12174.0,0.3804,0.5714
S13003056,2,2022.0,53.16,0.5268,0.188047202,0.014700000000000046,0.4796,0.175,7.0,4.0,4918.0,3.0679,0.4383,0.0229,12174.0,0.404,0.5714
S13003056,1,2022.0,3.7800000000000002,0.5268,0.188047202,0.014700000000000046,0.4796,0.175,7.0,4.0,4631.0,3.0611,0.4373,0.0229,12174.0,0.3804,0.5714
S13003056,1,2022.0,3.7800000000000002,0.5268,0.188047202,0.014700000000000046,0.4796,0.175,7.0,4.0,4918.0,3.0679,0.4383,0.0229,12174.0,0.404,0.5714
S13003056,0,2022.0,3.7800000000000002,0.5268,0.188047202,0.014700000000000046,0.4796,0.175,7.0,4.0,4631.0,3.0611,0.4373,0.0229,12174.0,0.3804,0.5714
S13003056,0,2022.0,3.7800000000000002,0.5268,0.188047202,0.014700000000000046,0.4796,0.175,7.0,4.0,4918.0,3.0679,0.4383,0.0229,12174.0,0.404,0.5714
S13003056,0,2017.0,15.5,0.5268,0.188047202,0.014700000000000046,0.4796,0.175,7.0,4.0,4631.0,3.0611,0.4373,0.0229,12540.0,0.3693,0.5714
S13003056,3,2017.0,84.85,0.5268,0.188047202,0.014700000000000046,0.4796,0.175,7.0,4.0,4631.0,3.0611,0.4373,0.0229,12540.0,0.3693,0.5714
S13003056,0,2017.0,15.5,0.5268,0.188047202,0.014700000000000046,0.4796,0.175,7.0,4.0,4918.0,3.0679,0.4383,0.0229,12540.0,0.3922,0.5714
S13003056,3,2017.0,84.85,0.5268,0.188047202,0.014700000000000046,0.4796,0.175,7.0,4.0,4918.0,3.0679,0.4383,0.0229,12540.0,0.3922,0.5714
S13003056,1,2017.0,3.4699999999999998,0.5268,0.188047202,0.014700000000000046,0.4796,0.175,7.0,4.0,4918.0,3.0679,0.4383,0.0229,12540.0,0.3922,0.5714
S13003056,1,2017.0,3.4699999999999998,0.5268,0.188047202,0.014700000000000046,0.4796,0.175,7.0,4.0,4631.0,3.0611,0.4373,0.0229,12540.0,0.3693,0.5714
S13003056,3,2022.0,89.14,0.5268,0.188047202,0.014700000000000046,0.4796,0.175,7.0,4.0,4918.0,3.0679,0.4383,0.0229,12174.0,0.404,0.5714
S13003056,2,2017.0,46.69,0.5268,0.188047202,0.014700000000000046,0.4796,0.175,7.0,4.0,4918.0,3.0679,0.4383,0.0229,12540.0,0.3922,0.5714
S13003056,3,2022.0,89.14,0.5268,0.188047202,0.014700000000000046,0.4796,0.175,7.0,4.0,4631.0,3.0611,0.4373,0.0229,12174.0,0.3804,0.5714
S13003056,2,2017.0,46.69,0.5268,0.188047202,0.014700000000000046,0.4796,0.175,7.0,4.0,4631.0,3.0611,0.4373,0.0229,12540.0,0.3693,0.5714
S13003057,3,2017.0,90.54,0.5174,0.1516065,0.008499999999999952,0.4783,0.2012,6.0,3.0,3796.0,2.9979,0.4996,0.0215,11096.0,0.3421,0.5
S13003057,3,2017.0,90.54,0.5174,0.1516065,0.008499999999999952,0.4783,0.2012,5.0,3.0,3719.0,2.8236,0.5647,0.0215,11096.0,0.3352,0.6
S13003057,2,2017.0,58.97,0.5174,0.1516065,0.008499999999999952,0.4783,0.2012,6.0,3.0,3796.0,2.9979,0.4996,0.0215,11096.0,0.3421,0.5
S13003057,0,2022.0,21.09,0.5174,0.1516065,0.008499999999999952,0.4783,0.2012,5.0,3.0,3719.0,2.8236,0.5647,0.0215,10334.0,0.3599,0.6
S13003057,1,2017.0,9.37,0.5174,0.1516065,0.008499999999999952,0.4783,0.2012,6.0,3.0,3796.0,2.9979,0.4996,0.0215,11096.0,0.3421,0.5
S13003057,0,2017.0,18.299999999999997,0.5174,0.1516065,0.008499999999999952,0.4783,0.2012,5.0,3.0,3719.0,2.8236,0.5647,0.0215,11096.0,0.3352,0.6
S13003057,0,2017.0,18.299999999999997,0.5174,0.1516065,0.008499999999999952,0.4783,0.2012,6.0,3.0,3796.0,2.9979,0.4996,0.0215,11096.0,0.3421,0.5
S13003057,0,2022.0,21.09,0.5174,0.1516065,0.008499999999999952,0.4783,0.2012,6.0,3.0,3796.0,2.9979,0.4996,0.0215,10334.0,0.3673,0.5
S13003057,3,2022.0,92.02,0.5174,0.1516065,0.008499999999999952,0.4783,0.2012,6.0,3.0,3796.0,2.9979,0.4996,0.0215,10334.0,0.3673,0.5
S13003057,3,2022.0,92.02,0.5174,0.1516065,0.008499999999999952,0.4783,0.2012,5.0,3.0,3719.0,2.8236,0.5647,0.0215,10334.0,0.3599,0.6
S13003057,2,2022.0,55.48,0.5174,0.1516065,0.008499999999999952,0.4783,0.2012,6.0,3.0,3796.0,2.9979,0.4996,0.0215,10334.0,0.3673,0.5
S13003057,2,2022.0,55.48,0.5174,0.1516065,0.008499999999999952,0.4783,0.2012,5.0,3.0,3719.0,2.8236,0.5647,0.0215,10334.0,0.3599,0.6
S13003057,1,2022.0,7.800000000000001,0.5174,0.1516065,0.008499999999999952,0.4783,0.2012,6.0,3.0,3796.0,2.9979,0.4996,0.0215,10334.0,0.3673,0.5
S13003057,1,2022.0,7.800000000000001,0.5174,0.1516065,0.008499999999999952,0.4783,0.2012,5.0,3.0,3719.0,2.8236,0.5647,0.0215,10334.0,0.3599,0.6
S13003057,1,2017.0,9.37,0.5174,0.1516065,0.008499999999999952,0.4783,0.2012,5.0,3.0,3719.0,2.8236,0.5647,0.0215,11096.0,0.3352,0.6
S13003057,2,2017.0,58.97,0.5174,0.1516065,0.008499999999999952,0.4783,0.2012,5.0,3.0,3719.0,2.8236,0.5647,0.0215,11096.0,0.3352,0.6
S13003058,0,2017.0,9.29,0.532,0.187846818,0.02190000000000003,0.5158,0.2693,7.0,3.0,4557.0,3.0779,0.4397,0.0205,11439.0,0.3984,0.4286
S13003058,0,2017.0,9.29,0.532,0.187846818,0.02190000000000003,0.5158,0.2693,6.0,3.0,4596.0,3.1449,0.5242,0.0205,11439.0,0.4018,0.5
S13003058,1,2017.0,7.17,0.532,0.187846818,0.02190000000000003,0.5158,0.2693,7.0,3.0,4557.0,3.0779,0.4397,0.0205,11439.0,0.3984,0.4286
S13003058,1,2017.0,7.17,0.532,0.187846818,0.02190000000000003,0.5158,0.2693,6.0,3.0,4596.0,3.1449,0.5242,0.0205,11439.0,0.4018,0.5
S13003058,2,2017.0,42.11,0.532,0.187846818,0.02190000000000003,0.5158,0.2693,7.0,3.0,4557.0,3.0779,0.4397,0.0205,11439.0,0.3984,0.4286
S13003058,2,2017.0,42.11,0.532,0.187846818,0.02190000000000003,0.5158,0.2693,6.0,3.0,4596.0,3.1449,0.5242,0.0205,11439.0,0.4018,0.5
S13003058,3,2017.0,71.69,0.532,0.187846818,0.02190000000000003,0.5158,0.2693,6.0,3.0,4596.0,3.1449,0.5242,0.0205,11439.0,0.4018,0.5
S13003058,2,2022.0,51.480000000000004,0.532,0.187846818,0.02190000000000003,0.5158,0.2693,6.0,3.0,4596.0,3.1449,0.5242,0.0205,11115.0,0.4135,0.5
S13003058,3,2017.0,71.69,0.532,0.187846818,0.02190000000000003,0.5158,0.2693,7.0,3.0,4557.0,3.0779,0.4397,0.0205,11439.0,0.3984,0.4286
S13003058,0,2022.0,22.3,0.532,0.187846818,0.02190000000000003,0.5158,0.2693,7.0,3.0,4557.0,3.0779,0.4397,0.0205,11115.0,0.41,0.4286
S13003058,0,2022.0,22.3,0.532,0.187846818,0.02190000000000003,0.5158,0.2693,6.0,3.0,4596.0,3.1449,0.5242,0.0205,11115.0,0.4135,0.5
S13003058,1,2022.0,6.34,0.532,0.187846818,0.02190000000000003,0.5158,0.2693,7.0,3.0,4557.0,3.0779,0.4397,0.0205,11115.0,0.41,0.4286
S13003058,1,2022.0,6.34,0.532,0.187846818,0.02190000000000003,0.5158,0.2693,6.0,3.0,4596.0,3.1449,0.5242,0.0205,11115.0,0.4135,0.5
S13003058,2,2022.0,51.480000000000004,0.532,0.187846818,0.02190000000000003,0.5158,0.2693,7.0,3.0,4557.0,3.0779,0.4397,0.0205,11115.0,0.41,0.4286
S13003058,3,2022.0,86.1,0.532,0.187846818,0.02190000000000003,0.5158,0.2693,7.0,3.0,4557.0,3.0779,0.4397,0.0205,11115.0,0.41,0.4286
S13003058,3,2022.0,86.1,0.532,0.187846818,0.02190000000000003,0.5158,0.2693,6.0,3.0,4596.0,3.1449,0.5242,0.0205,11115.0,0.4135,0.5
S13003059,3,2017.0,85.73,0.5692,0.154745415,0.011099999999999999,0.5037,0.2195,6.0,4.0,5202.0,3.0759,0.5127,0.0198,14334.0,0.3629,0.6667
S13003059,3,2017.0,85.73,0.5692,0.154745415,0.011099999999999999,0.5037,0.2195,6.0,4.0,5663.0,3.1072,0.5179,0.0198,14334.0,0.3951,0.6667
S13003059,2,2017.0,57.58,0.5692,0.154745415,0.011099999999999999,0.5037,0.2195,6.0,4.0,5202.0,3.0759,0.5127,0.0198,14334.0,0.3629,0.6667
S13003059,0,2017.0,12.05,0.5692,0.154745415,0.011099999999999999,0.5037,0.2195,6.0,4.0,5202.0,3.0759,0.5127,0.0198,14334.0,0.3629,0.6667
S13003059,0,2017.0,12.05,0.5692,0.154745415,0.011099999999999999,0.5037,0.2195,6.0,4.0,5663.0,3.1072,0.5179,0.0198,14334.0,0.3951,0.6667
S13003059,1,2017.0,3.3000000000000003,0.5692,0.154745415,0.011099999999999999,0.5037,0.2195,6.0,4.0,5202.0,3.0759,0.5127,0.0198,14334.0,0.3629,0.6667
S13003059,2,2017.0,57.58,0.5692,0.154745415,0.011099999999999999,0.5037,0.2195,6.0,4.0,5663.0,3.1072,0.5179,0.0198,14334.0,0.3951,0.6667
S13003059,1,2017.0,3.3000000000000003,0.5692,0.154745415,0.011099999999999999,0.5037,0.2195,6.0,4.0,5663.0,3.1072,0.5179,0.0198,14334.0,0.3951,0.6667
S13003059,2,2022.0,74.06,0.5692,0.154745415,0.011099999999999999,0.5037,0.2195,6.0,4.0,5663.0,3.1072,0.5179,0.0198,13604.0,0.4163,0.6667
S13003059,3,2022.0,92.77,0.5692,0.154745415,0.011099999999999999,0.5037,0.2195,6.0,4.0,5202.0,3.0759,0.5127,0.0198,13604.0,0.3824,0.6667
S13003059,3,2022.0,92.77,0.5692,0.154745415,0.011099999999999999,0.5037,0.2195,6.0,4.0,5663.0,3.1072,0.5179,0.0198,13604.0,0.4163,0.6667
S13003059,0,2022.0,7.529999999999999,0.5692,0.154745415,0.011099999999999999,0.5037,0.2195,6.0,4.0,5663.0,3.1072,0.5179,0.0198,13604.0,0.4163,0.6667
S13003059,0,2022.0,7.529999999999999,0.5692,0.154745415,0.011099999999999999,0.5037,0.2195,6.0,4.0,5202.0,3.0759,0.5127,0.0198,13604.0,0.3824,0.6667
S13003059,1,2022.0,7.529999999999999,0.5692,0.154745415,0.011099999999999999,0.5037,0.2195,6.0,4.0,5663.0,3.1072,0.5179,0.0198,13604.0,0.4163,0.6667
S13003059,1,2022.0,7.529999999999999,0.5692,0.154745415,0.011099999999999999,0.5037,0.2195,6.0,4.0,5202.0,3.0759,0.5127,0.0198,13604.0,0.3824,0.6667
S13003059,2,2022.0,74.06,0.5692,0.154745415,0.011099999999999999,0.5037,0.2195,6.0,4.0,5202.0,3.0759,0.5127,0.0198,13604.0,0.3824,0.6667
S13003060,3,2017.0,76.75,0.5046,0.149043977,0.0009000000000000119,0.4697,0.259,8.0,4.0,6063.0,3.1851,0.3981,0.026,15016.0,0.4038,0.5
S13003060,0,2017.0,13.39,0.5046,0.149043977,0.0009000000000000119,0.4697,0.259,12.0,4.0,5984.0,3.5037,0.292,0.026,15016.0,0.3985,0.3333
S13003060,0,2017.0,13.39,0.5046,0.149043977,0.0009000000000000119,0.4697,0.259,8.0,4.0,6063.0,3.1851,0.3981,0.026,15016.0,0.4038,0.5
S13003060,1,2017.0,10.010000000000002,0.5046,0.149043977,0.0009000000000000119,0.4697,0.259,12.0,4.0,5984.0,3.5037,0.292,0.026,15016.0,0.3985,0.3333
S13003060,1,2017.0,10.010000000000002,0.5046,0.149043977,0.0009000000000000119,0.4697,0.259,8.0,4.0,6063.0,3.1851,0.3981,0.026,15016.0,0.4038,0.5
S13003060,2,2017.0,61.14,0.5046,0.149043977,0.0009000000000000119,0.4697,0.259,12.0,4.0,5984.0,3.5037,0.292,0.026,15016.0,0.3985,0.3333
S13003060,2,2017.0,61.14,0.5046,0.149043977,0.0009000000000000119,0.4697,0.259,8.0,4.0,6063.0,3.1851,0.3981,0.026,15016.0,0.4038,0.5
S13003060,3,2017.0,76.75,0.5046,0.149043977,0.0009000000000000119,0.4697,0.259,12.0,4.0,5984.0,3.5037,0.292,0.026,15016.0,0.3985,0.3333
S13003060,3,2022.0,88.07,0.5046,0.149043977,0.0009000000000000119,0.4697,0.259,8.0,4.0,6063.0,3.1851,0.3981,0.026,15490.0,0.3914,0.5
S13003060,3,2022.0,88.07,0.5046,0.149043977,0.0009000000000000119,0.4697,0.259,12.0,4.0,5984.0,3.5037,0.292,0.026,15490.0,0.3863,0.3333
S13003060,2,2022.0,65.35,0.5046,0.149043977,0.0009000000000000119,0.4697,0.259,8.0,4.0,6063.0,3.1851,0.3981,0.026,15490.0,0.3914,0.5
S13003060,2,2022.0,65.35,0.5046,0.149043977,0.0009000000000000119,0.4697,0.259,12.0,4.0,5984.0,3.5037,0.292,0.026,15490.0,0.3863,0.3333
S13003060,1,2022.0,7.59,0.5046,0.149043977,0.0009000000000000119,0.4697,0.259,8.0,4.0,6063.0,3.1851,0.3981,0.026,15490.0,0.3914,0.5
S13003060,1,2022.0,7.59,0.5046,0.149043977,0.0009000000000000119,0.4697,0.259,12.0,4.0,5984.0,3.5037,0.292,0.026,15490.0,0.3863,0.3333
S13003060,0,2022.0,18.28,0.5046,0.149043977,0.0009000000000000119,0.4697,0.259,8.0,4.0,6063.0,3.1851,0.3981,0.026,15490.0,0.3914,0.5
S13003060,0,2022.0,18.28,0.5046,0.149043977,0.0009000000000000119,0.4697,0.259,12.0,4.0,5984.0,3.5037,0.292,0.026,15490.0,0.3863,0.3333
S13003061,2,2017.0,70.17,0.536,0.193185488,0.012900000000000023,0.5149,0.2132,7.0,4.0,5689.0,3.3287,0.4755,0.0227,16348.0,0.348,0.5714
S13003061,0,2017.0,22.81,0.536,0.193185488,0.012900000000000023,0.5149,0.2132,9.0,4.0,6406.0,3.4354,0.3817,0.0227,16348.0,0.3919,0.4444
S13003061,1,2017.0,12.7,0.536,0.193185488,0.012900000000000023,0.5149,0.2132,7.0,4.0,5689.0,3.3287,0.4755,0.0227,16348.0,0.348,0.5714
S13003061,2,2017.0,70.17,0.536,0.193185488,0.012900000000000023,0.5149,0.2132,9.0,4.0,6406.0,3.4354,0.3817,0.0227,16348.0,0.3919,0.4444
S13003061,3,2017.0,92.41,0.536,0.193185488,0.012900000000000023,0.5149,0.2132,9.0,4.0,6406.0,3.4354,0.3817,0.0227,16348.0,0.3919,0.4444
S13003061,3,2017.0,92.41,0.536,0.193185488,0.012900000000000023,0.5149,0.2132,7.0,4.0,5689.0,3.3287,0.4755,0.0227,16348.0,0.348,0.5714
S13003061,0,2017.0,22.81,0.536,0.193185488,0.012900000000000023,0.5149,0.2132,7.0,4.0,5689.0,3.3287,0.4755,0.0227,16348.0,0.348,0.5714
S13003061,3,2022.0,93.99,0.536,0.193185488,0.012900000000000023,0.5149,0.2132,7.0,4.0,5689.0,3.3287,0.4755,0.0227,14357.0,0.3963,0.5714
S13003061,2,2022.0,61.59,0.536,0.193185488,0.012900000000000023,0.5149,0.2132,7.0,4.0,5689.0,3.3287,0.4755,0.0227,14357.0,0.3963,0.5714
S13003061,2,2022.0,61.59,0.536,0.193185488,0.012900000000000023,0.5149,0.2132,9.0,4.0,6406.0,3.4354,0.3817,0.0227,14357.0,0.4462,0.4444
S13003061,1,2022.0,9.100000000000001,0.536,0.193185488,0.012900000000000023,0.5149,0.2132,7.0,4.0,5689.0,3.3287,0.4755,0.0227,14357.0,0.3963,0.5714
S13003061,1,2022.0,9.100000000000001,0.536,0.193185488,0.012900000000000023,0.5149,0.2132,9.0,4.0,6406.0,3.4354,0.3817,0.0227,14357.0,0.4462,0.4444
S13003061,0,2022.0,16.830000000000002,0.536,0.193185488,0.012900000000000023,0.5149,0.2132,7.0,4.0,5689.0,3.3287,0.4755,0.0227,14357.0,0.3963,0.5714
S13003061,0,2022.0,16.830000000000002,0.536,0.193185488,0.012900000000000023,0.5149,0.2132,9.0,4.0,6406.0,3.4354,0.3817,0.0227,14357.0,0.4462,0.4444
S13003061,3,2022.0,93.99,0.536,0.193185488,0.012900000000000023,0.5149,0.2132,9.0,4.0,6406.0,3.4354,0.3817,0.0227,14357.0,0.4462,0.4444
S13003061,1,2017.0,12.7,0.536,0.193185488,0.012900000000000023,0.5149,0.2132,9.0,4.0,6406.0,3.4354,0.3817,0.0227,16348.0,0.3919,0.4444
S13003062,3,2017.0,91.09,0.5466,0.208895265,0.019000000000000017,0.5006,0.2053,5.0,4.0,5295.0,2.8865,0.5773,0.0199,15120.0,0.3502,0.8
S13003062,3,2017.0,91.09,0.5466,0.208895265,0.019000000000000017,0.5006,0.2053,7.0,4.0,5688.0,3.1204,0.4458,0.0199,15120.0,0.3762,0.5714
S13003062,2,2017.0,63.010000000000005,0.5466,0.208895265,0.019000000000000017,0.5006,0.2053,5.0,4.0,5295.0,2.8865,0.5773,0.0199,15120.0,0.3502,0.8
S13003062,2,2017.0,63.010000000000005,0.5466,0.208895265,0.019000000000000017,0.5006,0.2053,7.0,4.0,5688.0,3.1204,0.4458,0.0199,15120.0,0.3762,0.5714
S13003062,1,2017.0,3.9999999999999996,0.5466,0.208895265,0.019000000000000017,0.5006,0.2053,5.0,4.0,5295.0,2.8865,0.5773,0.0199,15120.0,0.3502,0.8
S13003062,1,2017.0,3.9999999999999996,0.5466,0.208895265,0.019000000000000017,0.5006,0.2053,7.0,4.0,5688.0,3.1204,0.4458,0.0199,15120.0,0.3762,0.5714
S13003062,0,2017.0,17.5,0.5466,0.208895265,0.019000000000000017,0.5006,0.2053,5.0,4.0,5295.0,2.8865,0.5773,0.0199,15120.0,0.3502,0.8
S13003062,0,2017.0,17.5,0.5466,0.208895265,0.019000000000000017,0.5006,0.2053,7.0,4.0,5688.0,3.1204,0.4458,0.0199,15120.0,0.3762,0.5714
S13003062,3,2022.0,91.85,0.5466,0.208895265,0.019000000000000017,0.5006,0.2053,5.0,4.0,5295.0,2.8865,0.5773,0.0199,13341.0,0.3969,0.8
S13003062,3,2022.0,91.85,0.5466,0.208895265,0.019000000000000017,0.5006,0.2053,7.0,4.0,5688.0,3.1204,0.4458,0.0199,13341.0,0.4264,0.5714
S13003062,2,2022.0,66.93,0.5466,0.208895265,0.019000000000000017,0.5006,0.2053,5.0,4.0,5295.0,2.8865,0.5773,0.0199,13341.0,0.3969,0.8
S13003062,2,2022.0,66.93,0.5466,0.208895265,0.019000000000000017,0.5006,0.2053,7.0,4.0,5688.0,3.1204,0.4458,0.0199,13341.0,0.4264,0.5714
S13003062,1,2022.0,3.1,0.5466,0.208895265,0.019000000000000017,0.5006,0.2053,5.0,4.0,5295.0,2.8865,0.5773,0.0199,13341.0,0.3969,0.8
S13003062,1,2022.0,3.1,0.5466,0.208895265,0.019000000000000017,0.5006,0.2053,7.0,4.0,5688.0,3.1204,0.4458,0.0199,13341.0,0.4264,0.5714
S13003062,0,2022.0,13.82,0.5466,0.208895265,0.019000000000000017,0.5006,0.2053,5.0,4.0,5295.0,2.8865,0.5773,0.0199,13341.0,0.3969,0.8
S13003062,0,2022.0,13.82,0.5466,0.208895265,0.019000000000000017,0.5006,0.2053,7.0,4.0,5688.0,3.1204,0.4458,0.0199,13341.0,0.4264,0.5714
S13003063,1,2022.0,3.9399999999999995,0.4065,0.231544978,0.010000000000000009,0.6396,0.4329,6.0,3.0,4418.0,2.8395,0.4733,0.0111,8224.0,0.5372,0.5
S13003063,0,2022.0,13.64,0.4065,0.231544978,0.010000000000000009,0.6396,0.4329,6.0,3.0,4418.0,2.8395,0.4733,0.0111,8224.0,0.5372,0.5
S13003063,3,2022.0,79.92,0.4065,0.231544978,0.010000000000000009,0.6396,0.4329,6.0,3.0,4418.0,2.8395,0.4733,0.0111,8224.0,0.5372,0.5
S13003063,3,2022.0,79.92,0.4065,0.231544978,0.010000000000000009,0.6396,0.4329,8.0,3.0,4547.0,3.4779,0.4347,0.0111,8224.0,0.5529,0.375
S13003063,0,2017.0,14.229999999999999,0.4065,0.231544978,0.010000000000000009,0.6396,0.4329,8.0,3.0,4547.0,3.4779,0.4347,0.0111,8285.0,0.5488,0.375
S13003063,1,2022.0,3.9399999999999995,0.4065,0.231544978,0.010000000000000009,0.6396,0.4329,8.0,3.0,4547.0,3.4779,0.4347,0.0111,8224.0,0.5529,0.375
S13003063,0,2017.0,14.229999999999999,0.4065,0.231544978,0.010000000000000009,0.6396,0.4329,6.0,3.0,4418.0,2.8395,0.4733,0.0111,8285.0,0.5333,0.5
S13003063,2,2017.0,58.22,0.4065,0.231544978,0.010000000000000009,0.6396,0.4329,6.0,3.0,4418.0,2.8395,0.4733,0.0111,8285.0,0.5333,0.5
S13003063,1,2017.0,13.159999999999998,0.4065,0.231544978,0.010000000000000009,0.6396,0.4329,6.0,3.0,4418.0,2.8395,0.4733,0.0111,8285.0,0.5333,0.5
S13003063,0,2022.0,13.64,0.4065,0.231544978,0.010000000000000009,0.6396,0.4329,8.0,3.0,4547.0,3.4779,0.4347,0.0111,8224.0,0.5529,0.375
S13003063,1,2017.0,13.159999999999998,0.4065,0.231544978,0.010000000000000009,0.6396,0.4329,8.0,3.0,4547.0,3.4779,0.4347,0.0111,8285.0,0.5488,0.375
S13003063,3,2017.0,77.77,0.4065,0.231544978,0.010000000000000009,0.6396,0.4329,6.0,3.0,4418.0,2.8395,0.4733,0.0111,8285.0,0.5333,0.5
S13003063,2,2022.0,50.19,0.4065,0.231544978,0.010000000000000009,0.6396,0.4329,8.0,3.0,4547.0,3.4779,0.4347,0.0111,8224.0,0.5529,0.375
S13003063,3,2017.0,77.77,0.4065,0.231544978,0.010000000000000009,0.6396,0.4329,8.0,3.0,4547.0,3.4779,0.4347,0.0111,8285.0,0.5488,0.375
S13003063,2,2022.0,50.19,0.4065,0.231544978,0.010000000000000009,0.6396,0.4329,6.0,3.0,4418.0,2.8395,0.4733,0.0111,8224.0,0.5372,0.5
S13003063,2,2017.0,58.22,0.4065,0.231544978,0.010000000000000009,0.6396,0.4329,8.0,3.0,4547.0,3.4779,0.4347,0.0111,8285.0,0.5488,0.375
S13003064,0,2017.0,5.68,0.41,0.286130159,0.01629999999999998,0.6133,0.3347,7.0,4.0,6764.0,3.3255,0.4751,0.0136,13128.0,0.5152,0.5714
S13003064,3,2022.0,80.09,0.41,0.286130159,0.01629999999999998,0.6133,0.3347,7.0,4.0,6764.0,3.3255,0.4751,0.0136,12719.0,0.5318,0.5714
S13003064,2,2022.0,43.68,0.41,0.286130159,0.01629999999999998,0.6133,0.3347,7.0,4.0,6877.0,3.1223,0.446,0.0136,12719.0,0.5407,0.5714
S13003064,2,2022.0,43.68,0.41,0.286130159,0.01629999999999998,0.6133,0.3347,7.0,4.0,6764.0,3.3255,0.4751,0.0136,12719.0,0.5318,0.5714
S13003064,1,2022.0,5.45,0.41,0.286130159,0.01629999999999998,0.6133,0.3347,7.0,4.0,6877.0,3.1223,0.446,0.0136,12719.0,0.5407,0.5714
S13003064,1,2022.0,5.45,0.41,0.286130159,0.01629999999999998,0.6133,0.3347,7.0,4.0,6764.0,3.3255,0.4751,0.0136,12719.0,0.5318,0.5714
S13003064,0,2022.0,7.96,0.41,0.286130159,0.01629999999999998,0.6133,0.3347,7.0,4.0,6877.0,3.1223,0.446,0.0136,12719.0,0.5407,0.5714
S13003064,0,2022.0,7.96,0.41,0.286130159,0.01629999999999998,0.6133,0.3347,7.0,4.0,6764.0,3.3255,0.4751,0.0136,12719.0,0.5318,0.5714
S13003064,3,2017.0,78.83,0.41,0.286130159,0.01629999999999998,0.6133,0.3347,7.0,4.0,6877.0,3.1223,0.446,0.0136,13128.0,0.5238,0.5714
S13003064,3,2017.0,78.83,0.41,0.286130159,0.01629999999999998,0.6133,0.3347,7.0,4.0,6764.0,3.3255,0.4751,0.0136,13128.0,0.5152,0.5714
S13003064,2,2017.0,61.379999999999995,0.41,0.286130159,0.01629999999999998,0.6133,0.3347,7.0,4.0,6877.0,3.1223,0.446,0.0136,13128.0,0.5238,0.5714
S13003064,2,2017.0,61.379999999999995,0.41,0.286130159,0.01629999999999998,0.6133,0.3347,7.0,4.0,6764.0,3.3255,0.4751,0.0136,13128.0,0.5152,0.5714
S13003064,1,2017.0,1.98,0.41,0.286130159,0.01629999999999998,0.6133,0.3347,7.0,4.0,6877.0,3.1223,0.446,0.0136,13128.0,0.5238,0.5714
S13003064,1,2017.0,1.98,0.41,0.286130159,0.01629999999999998,0.6133,0.3347,7.0,4.0,6764.0,3.3255,0.4751,0.0136,13128.0,0.5152,0.5714
S13003064,0,2017.0,5.68,0.41,0.286130159,0.01629999999999998,0.6133,0.3347,7.0,4.0,6877.0,3.1223,0.446,0.0136,13128.0,0.5238,0.5714
S13003064,3,2022.0,80.09,0.41,0.286130159,0.01629999999999998,0.6133,0.3347,7.0,4.0,6877.0,3.1223,0.446,0.0136,12719.0,0.5407,0.5714
S13003065,3,2017.0,69.30000000000001,0.4131,0.298453058,0.01749999999999996,0.5991,0.3216,6.0,3.0,4507.0,2.8551,0.4759,0.0144,9461.0,0.4764,0.5
S13003065,0,2022.0,23.29,0.4131,0.298453058,0.01749999999999996,0.5991,0.3216,9.0,3.0,4662.0,3.2079,0.3564,0.0144,9229.0,0.5051,0.3333
S13003065,2,2022.0,49.400000000000006,0.4131,0.298453058,0.01749999999999996,0.5991,0.3216,6.0,3.0,4507.0,2.8551,0.4759,0.0144,9229.0,0.4884,0.5
S13003065,1,2022.0,7.539999999999999,0.4131,0.298453058,0.01749999999999996,0.5991,0.3216,9.0,3.0,4662.0,3.2079,0.3564,0.0144,9229.0,0.5051,0.3333
S13003065,1,2022.0,7.539999999999999,0.4131,0.298453058,0.01749999999999996,0.5991,0.3216,6.0,3.0,4507.0,2.8551,0.4759,0.0144,9229.0,0.4884,0.5
S13003065,2,2022.0,49.400000000000006,0.4131,0.298453058,0.01749999999999996,0.5991,0.3216,9.0,3.0,4662.0,3.2079,0.3564,0.0144,9229.0,0.5051,0.3333
S13003065,3,2022.0,88.85,0.4131,0.298453058,0.01749999999999996,0.5991,0.3216,9.0,3.0,4662.0,3.2079,0.3564,0.0144,9229.0,0.5051,0.3333
S13003065,3,2022.0,88.85,0.4131,0.298453058,0.01749999999999996,0.5991,0.3216,6.0,3.0,4507.0,2.8551,0.4759,0.0144,9229.0,0.4884,0.5
S13003065,2,2017.0,56.309999999999995,0.4131,0.298453058,0.01749999999999996,0.5991,0.3216,6.0,3.0,4507.0,2.8551,0.4759,0.0144,9461.0,0.4764,0.5
S13003065,2,2017.0,56.309999999999995,0.4131,0.298453058,0.01749999999999996,0.5991,0.3216,9.0,3.0,4662.0,3.2079,0.3564,0.0144,9461.0,0.4928,0.3333
S13003065,1,2017.0,3.2,0.4131,0.298453058,0.01749999999999996,0.5991,0.3216,6.0,3.0,4507.0,2.8551,0.4759,0.0144,9461.0,0.4764,0.5
S13003065,1,2017.0,3.2,0.4131,0.298453058,0.01749999999999996,0.5991,0.3216,9.0,3.0,4662.0,3.2079,0.3564,0.0144,9461.0,0.4928,0.3333
S13003065,0,2017.0,9.23,0.4131,0.298453058,0.01749999999999996,0.5991,0.3216,6.0,3.0,4507.0,2.8551,0.4759,0.0144,9461.0,0.4764,0.5
S13003065,0,2017.0,9.23,0.4131,0.298453058,0.01749999999999996,0.5991,0.3216,9.0,3.0,4662.0,3.2079,0.3564,0.0144,9461.0,0.4928,0.3333
S13003065,0,2022.0,23.29,0.4131,0.298453058,0.01749999999999996,0.5991,0.3216,6.0,3.0,4507.0,2.8551,0.4759,0.0144,9229.0,0.4884,0.5
S13003065,3,2017.0,69.30000000000001,0.4131,0.298453058,0.01749999999999996,0.5991,0.3216,9.0,3.0,4662.0,3.2079,0.3564,0.0144,9461.0,0.4928,0.3333
S13003066,2,2022.0,46.85,0.4075,0.313095105,0.01629999999999998,0.6189,0.3899,7.0,1.0,4086.0,2.4821,0.3546,0.0099,7605.0,0.5373,0.1429
S13003066,0,2022.0,10.92,0.4075,0.313095105,0.01629999999999998,0.6189,0.3899,6.0,3.0,4241.0,2.7866,0.4644,0.0099,7605.0,0.5577,0.5
S13003066,3,2022.0,76.46000000000001,0.4075,0.313095105,0.01629999999999998,0.6189,0.3899,7.0,1.0,4086.0,2.4821,0.3546,0.0099,7605.0,0.5373,0.1429
S13003066,2,2022.0,46.85,0.4075,0.313095105,0.01629999999999998,0.6189,0.3899,6.0,3.0,4241.0,2.7866,0.4644,0.0099,7605.0,0.5577,0.5
S13003066,0,2022.0,10.92,0.4075,0.313095105,0.01629999999999998,0.6189,0.3899,7.0,1.0,4086.0,2.4821,0.3546,0.0099,7605.0,0.5373,0.1429
S13003066,1,2022.0,8.52,0.4075,0.313095105,0.01629999999999998,0.6189,0.3899,7.0,1.0,4086.0,2.4821,0.3546,0.0099,7605.0,0.5373,0.1429
S13003066,3,2022.0,76.46000000000001,0.4075,0.313095105,0.01629999999999998,0.6189,0.3899,6.0,3.0,4241.0,2.7866,0.4644,0.0099,7605.0,0.5577,0.5
S13003066,3,2017.0,91.96000000000001,0.4075,0.313095105,0.01629999999999998,0.6189,0.3899,7.0,1.0,4086.0,2.4821,0.3546,0.0099,8226.0,0.4967,0.1429
S13003066,3,2017.0,91.96000000000001,0.4075,0.313095105,0.01629999999999998,0.6189,0.3899,6.0,3.0,4241.0,2.7866,0.4644,0.0099,8226.0,0.5156,0.5
S13003066,2,2017.0,64.66,0.4075,0.313095105,0.01629999999999998,0.6189,0.3899,7.0,1.0,4086.0,2.4821,0.3546,0.0099,8226.0,0.4967,0.1429
S13003066,1,2017.0,11.620000000000001,0.4075,0.313095105,0.01629999999999998,0.6189,0.3899,6.0,3.0,4241.0,2.7866,0.4644,0.0099,8226.0,0.5156,0.5
S13003066,1,2017.0,11.620000000000001,0.4075,0.313095105,0.01629999999999998,0.6189,0.3899,7.0,1.0,4086.0,2.4821,0.3546,0.0099,8226.0,0.4967,0.1429
S13003066,0,2017.0,20.950000000000003,0.4075,0.313095105,0.01629999999999998,0.6189,0.3899,6.0,3.0,4241.0,2.7866,0.4644,0.0099,8226.0,0.5156,0.5
S13003066,0,2017.0,20.950000000000003,0.4075,0.313095105,0.01629999999999998,0.6189,0.3899,7.0,1.0,4086.0,2.4821,0.3546,0.0099,8226.0,0.4967,0.1429
S13003066,1,2022.0,8.52,0.4075,0.313095105,0.01629999999999998,0.6189,0.3899,6.0,3.0,4241.0,2.7866,0.4644,0.0099,7605.0,0.5577,0.5
S13003066,2,2017.0,64.66,0.4075,0.313095105,0.01629999999999998,0.6189,0.3899,6.0,3.0,4241.0,2.7866,0.4644,0.0099,8226.0,0.5156,0.5
S13003067,3,2022.0,91.03999999999999,0.3774,0.240773858,0.011399999999999966,0.6054,0.3527,7.0,3.0,5170.0,3.1431,0.449,0.0104,10042.0,0.5148,0.4286
S13003067,3,2022.0,91.03999999999999,0.3774,0.240773858,0.011399999999999966,0.6054,0.3527,5.0,3.0,5159.0,2.7251,0.545,0.0104,10042.0,0.5137,0.6
S13003067,2,2022.0,44.58,0.3774,0.240773858,0.011399999999999966,0.6054,0.3527,7.0,3.0,5170.0,3.1431,0.449,0.0104,10042.0,0.5148,0.4286
S13003067,2,2022.0,44.58,0.3774,0.240773858,0.011399999999999966,0.6054,0.3527,5.0,3.0,5159.0,2.7251,0.545,0.0104,10042.0,0.5137,0.6
S13003067,0,2022.0,14.7,0.3774,0.240773858,0.011399999999999966,0.6054,0.3527,5.0,3.0,5159.0,2.7251,0.545,0.0104,10042.0,0.5137,0.6
S13003067,2,2017.0,44.8,0.3774,0.240773858,0.011399999999999966,0.6054,0.3527,7.0,3.0,5170.0,3.1431,0.449,0.0104,10699.0,0.4832,0.4286
S13003067,1,2022.0,4.5200000000000005,0.3774,0.240773858,0.011399999999999966,0.6054,0.3527,5.0,3.0,5159.0,2.7251,0.545,0.0104,10042.0,0.5137,0.6
S13003067,1,2022.0,4.5200000000000005,0.3774,0.240773858,0.011399999999999966,0.6054,0.3527,7.0,3.0,5170.0,3.1431,0.449,0.0104,10042.0,0.5148,0.4286
S13003067,3,2017.0,90.42,0.3774,0.240773858,0.011399999999999966,0.6054,0.3527,7.0,3.0,5170.0,3.1431,0.449,0.0104,10699.0,0.4832,0.4286
S13003067,3,2017.0,90.42,0.3774,0.240773858,0.011399999999999966,0.6054,0.3527,5.0,3.0,5159.0,2.7251,0.545,0.0104,10699.0,0.4822,0.6
S13003067,2,2017.0,44.8,0.3774,0.240773858,0.011399999999999966,0.6054,0.3527,5.0,3.0,5159.0,2.7251,0.545,0.0104,10699.0,0.4822,0.6
S13003067,1,2017.0,7.3100000000000005,0.3774,0.240773858,0.011399999999999966,0.6054,0.3527,7.0,3.0,5170.0,3.1431,0.449,0.0104,10699.0,0.4832,0.4286
S13003067,0,2017.0,22.46,0.3774,0.240773858,0.011399999999999966,0.6054,0.3527,7.0,3.0,5170.0,3.1431,0.449,0.0104,10699.0,0.4832,0.4286
S13003067,0,2017.0,22.46,0.3774,0.240773858,0.011399999999999966,0.6054,0.3527,5.0,3.0,5159.0,2.7251,0.545,0.0104,10699.0,0.4822,0.6
S13003067,0,2022.0,14.7,0.3774,0.240773858,0.011399999999999966,0.6054,0.3527,7.0,3.0,5170.0,3.1431,0.449,0.0104,10042.0,0.5148,0.4286
S13003067,1,2017.0,7.3100000000000005,0.3774,0.240773858,0.011399999999999966,0.6054,0.3527,5.0,3.0,5159.0,2.7251,0.545,0.0104,10699.0,0.4822,0.6
S13003068,3,2022.0,83.59,0.4116,0.291102793,0.020000000000000018,0.6137,0.3875,6.0,3.0,4466.0,3.062,0.5103,0.0152,8786.0,0.5083,0.5
S13003068,0,2017.0,6.449999999999999,0.4116,0.291102793,0.020000000000000018,0.6137,0.3875,8.0,3.0,4536.0,3.3768,0.4221,0.0152,9325.0,0.4864,0.375
S13003068,3,2022.0,83.59,0.4116,0.291102793,0.020000000000000018,0.6137,0.3875,8.0,3.0,4536.0,3.3768,0.4221,0.0152,8786.0,0.5163,0.375
S13003068,2,2022.0,57.34,0.4116,0.291102793,0.020000000000000018,0.6137,0.3875,6.0,3.0,4466.0,3.062,0.5103,0.0152,8786.0,0.5083,0.5
S13003068,1,2022.0,2.22,0.4116,0.291102793,0.020000000000000018,0.6137,0.3875,8.0,3.0,4536.0,3.3768,0.4221,0.0152,8786.0,0.5163,0.375
S13003068,1,2022.0,2.22,0.4116,0.291102793,0.020000000000000018,0.6137,0.3875,6.0,3.0,4466.0,3.062,0.5103,0.0152,8786.0,0.5083,0.5
S13003068,0,2022.0,5.35,0.4116,0.291102793,0.020000000000000018,0.6137,0.3875,8.0,3.0,4536.0,3.3768,0.4221,0.0152,8786.0,0.5163,0.375
S13003068,0,2017.0,6.449999999999999,0.4116,0.291102793,0.020000000000000018,0.6137,0.3875,6.0,3.0,4466.0,3.062,0.5103,0.0152,9325.0,0.4789,0.5
S13003068,2,2022.0,57.34,0.4116,0.291102793,0.020000000000000018,0.6137,0.3875,8.0,3.0,4536.0,3.3768,0.4221,0.0152,8786.0,0.5163,0.375
S13003068,0,2022.0,5.35,0.4116,0.291102793,0.020000000000000018,0.6137,0.3875,6.0,3.0,4466.0,3.062,0.5103,0.0152,8786.0,0.5083,0.5
S13003068,1,2017.0,6.449999999999999,0.4116,0.291102793,0.020000000000000018,0.6137,0.3875,8.0,3.0,4536.0,3.3768,0.4221,0.0152,9325.0,0.4864,0.375
S13003068,1,2017.0,6.449999999999999,0.4116,0.291102793,0.020000000000000018,0.6137,0.3875,6.0,3.0,4466.0,3.062,0.5103,0.0152,9325.0,0.4789,0.5
S13003068,2,2017.0,51.05,0.4116,0.291102793,0.020000000000000018,0.6137,0.3875,6.0,3.0,4466.0,3.062,0.5103,0.0152,9325.0,0.4789,0.5
S13003068,2,2017.0,51.05,0.4116,0.291102793,0.020000000000000018,0.6137,0.3875,8.0,3.0,4536.0,3.3768,0.4221,0.0152,9325.0,0.4864,0.375
S13003068,3,2017.0,83.47,0.4116,0.291102793,0.020000000000000018,0.6137,0.3875,6.0,3.0,4466.0,3.062,0.5103,0.0152,9325.0,0.4789,0.5
S13003068,3,2017.0,83.47,0.4116,0.291102793,0.020000000000000018,0.6137,0.3875,8.0,3.0,4536.0,3.3768,0.4221,0.0152,9325.0,0.4864,0.375
S13003069,0,2022.0,7.43,0.4166,0.251215145,0.009099999999999997,0.6335,0.4007,6.0,3.0,4785.0,3.0376,0.5063,0.0109,9553.0,0.5009,0.5
S13003069,0,2022.0,7.43,0.4166,0.251215145,0.009099999999999997,0.6335,0.4007,8.0,3.0,4564.0,3.303,0.4129,0.0109,9553.0,0.4778,0.375
S13003069,1,2022.0,7.43,0.4166,0.251215145,0.009099999999999997,0.6335,0.4007,6.0,3.0,4785.0,3.0376,0.5063,0.0109,9553.0,0.5009,0.5
S13003069,1,2022.0,7.43,0.4166,0.251215145,0.009099999999999997,0.6335,0.4007,8.0,3.0,4564.0,3.303,0.4129,0.0109,9553.0,0.4778,0.375
S13003069,2,2022.0,29.68,0.4166,0.251215145,0.009099999999999997,0.6335,0.4007,6.0,3.0,4785.0,3.0376,0.5063,0.0109,9553.0,0.5009,0.5
S13003069,2,2022.0,29.68,0.4166,0.251215145,0.009099999999999997,0.6335,0.4007,8.0,3.0,4564.0,3.303,0.4129,0.0109,9553.0,0.4778,0.375
S13003069,3,2022.0,58.85,0.4166,0.251215145,0.009099999999999997,0.6335,0.4007,6.0,3.0,4785.0,3.0376,0.5063,0.0109,9553.0,0.5009,0.5
S13003069,3,2022.0,58.85,0.4166,0.251215145,0.009099999999999997,0.6335,0.4007,8.0,3.0,4564.0,3.303,0.4129,0.0109,9553.0,0.4778,0.375
S13003069,0,2017.0,4.63,0.4166,0.251215145,0.009099999999999997,0.6335,0.4007,8.0,3.0,4564.0,3.303,0.4129,0.0109,9464.0,0.4822,0.375
S13003069,0,2017.0,4.63,0.4166,0.251215145,0.009099999999999997,0.6335,0.4007,6.0,3.0,4785.0,3.0376,0.5063,0.0109,9464.0,0.5056,0.5
S13003069,1,2017.0,4.63,0.4166,0.251215145,0.009099999999999997,0.6335,0.4007,6.0,3.0,4785.0,3.0376,0.5063,0.0109,9464.0,0.5056,0.5
S13003069,1,2017.0,4.63,0.4166,0.251215145,0.009099999999999997,0.6335,0.4007,8.0,3.0,4564.0,3.303,0.4129,0.0109,9464.0,0.4822,0.375
S13003069,2,2017.0,51.69,0.4166,0.251215145,0.009099999999999997,0.6335,0.4007,6.0,3.0,4785.0,3.0376,0.5063,0.0109,9464.0,0.5056,0.5
S13003069,2,2017.0,51.69,0.4166,0.251215145,0.009099999999999997,0.6335,0.4007,8.0,3.0,4564.0,3.303,0.4129,0.0109,9464.0,0.4822,0.375
S13003069,3,2017.0,67.53,0.4166,0.251215145,0.009099999999999997,0.6335,0.4007,6.0,3.0,4785.0,3.0376,0.5063,0.0109,9464.0,0.5056,0.5
S13003069,3,2017.0,67.53,0.4166,0.251215145,0.009099999999999997,0.6335,0.4007,8.0,3.0,4564.0,3.303,0.4129,0.0109,9464.0,0.4822,0.375
S13003071,3,2022.0,90.96,0.4086,0.231942531,0.0121,0.6049,0.3709,6.0,3.0,4097.0,2.868,0.478,0.0112,8031.0,0.5101,0.5
S13003071,2,2022.0,61.74,0.4086,0.231942531,0.0121,0.6049,0.3709,5.0,1.0,3431.0,2.1755,0.4351,0.0112,8031.0,0.4272,0.2
S13003071,1,2022.0,6.529999999999999,0.4086,0.231942531,0.0121,0.6049,0.3709,6.0,3.0,4097.0,2.868,0.478,0.0112,8031.0,0.5101,0.5
S13003071,1,2022.0,6.529999999999999,0.4086,0.231942531,0.0121,0.6049,0.3709,5.0,1.0,3431.0,2.1755,0.4351,0.0112,8031.0,0.4272,0.2
S13003071,0,2022.0,6.529999999999999,0.4086,0.231942531,0.0121,0.6049,0.3709,6.0,3.0,4097.0,2.868,0.478,0.0112,8031.0,0.5101,0.5
S13003071,0,2022.0,6.529999999999999,0.4086,0.231942531,0.0121,0.6049,0.3709,5.0,1.0,3431.0,2.1755,0.4351,0.0112,8031.0,0.4272,0.2
S13003071,1,2017.0,6.31,0.4086,0.231942531,0.0121,0.6049,0.3709,6.0,3.0,4097.0,2.868,0.478,0.0112,7432.0,0.5513,0.5
S13003071,0,2017.0,7.05,0.4086,0.231942531,0.0121,0.6049,0.3709,5.0,1.0,3431.0,2.1755,0.4351,0.0112,7432.0,0.4617,0.2
S13003071,0,2017.0,7.05,0.4086,0.231942531,0.0121,0.6049,0.3709,6.0,3.0,4097.0,2.868,0.478,0.0112,7432.0,0.5513,0.5
S13003071,3,2022.0,90.96,0.4086,0.231942531,0.0121,0.6049,0.3709,5.0,1.0,3431.0,2.1755,0.4351,0.0112,8031.0,0.4272,0.2
S13003071,2,2017.0,59.58,0.4086,0.231942531,0.0121,0.6049,0.3709,5.0,1.0,3431.0,2.1755,0.4351,0.0112,7432.0,0.4617,0.2
S13003071,2,2017.0,59.58,0.4086,0.231942531,0.0121,0.6049,0.3709,6.0,3.0,4097.0,2.868,0.478,0.0112,7432.0,0.5513,0.5
S13003071,3,2017.0,71.91,0.4086,0.231942531,0.0121,0.6049,0.3709,5.0,1.0,3431.0,2.1755,0.4351,0.0112,7432.0,0.4617,0.2
S13003071,3,2017.0,71.91,0.4086,0.231942531,0.0121,0.6049,0.3709,6.0,3.0,4097.0,2.868,0.478,0.0112,7432.0,0.5513,0.5
S13003071,1,2017.0,6.31,0.4086,0.231942531,0.0121,0.6049,0.3709,5.0,1.0,3431.0,2.1755,0.4351,0.0112,7432.0,0.4617,0.2
S13003071,2,2022.0,61.74,0.4086,0.231942531,0.0121,0.6049,0.3709,6.0,3.0,4097.0,2.868,0.478,0.0112,8031.0,0.5101,0.5
S13003072,1,2017.0,15.34,0.3863,0.232317769,0.022599999999999953,0.574,0.378,8.0,4.0,6973.0,3.1948,0.3993,0.0143,13391.0,0.5207,0.5
S13003072,0,2022.0,18.17,0.3863,0.232317769,0.022599999999999953,0.574,0.378,6.0,1.0,5552.0,2.3761,0.396,0.0143,13517.0,0.4107,0.1667
S13003072,0,2022.0,18.17,0.3863,0.232317769,0.022599999999999953,0.574,0.378,8.0,4.0,6973.0,3.1948,0.3993,0.0143,13517.0,0.5159,0.5
S13003072,1,2022.0,4.29,0.3863,0.232317769,0.022599999999999953,0.574,0.378,6.0,1.0,5552.0,2.3761,0.396,0.0143,13517.0,0.4107,0.1667
S13003072,1,2022.0,4.29,0.3863,0.232317769,0.022599999999999953,0.574,0.378,8.0,4.0,6973.0,3.1948,0.3993,0.0143,13517.0,0.5159,0.5
S13003072,2,2022.0,70.87,0.3863,0.232317769,0.022599999999999953,0.574,0.378,6.0,1.0,5552.0,2.3761,0.396,0.0143,13517.0,0.4107,0.1667
S13003072,2,2022.0,70.87,0.3863,0.232317769,0.022599999999999953,0.574,0.378,8.0,4.0,6973.0,3.1948,0.3993,0.0143,13517.0,0.5159,0.5
S13003072,3,2022.0,96.67999999999999,0.3863,0.232317769,0.022599999999999953,0.574,0.378,6.0,1.0,5552.0,2.3761,0.396,0.0143,13517.0,0.4107,0.1667
S13003072,3,2022.0,96.67999999999999,0.3863,0.232317769,0.022599999999999953,0.574,0.378,8.0,4.0,6973.0,3.1948,0.3993,0.0143,13517.0,0.5159,0.5
S13003072,0,2017.0,24.64,0.3863,0.232317769,0.022599999999999953,0.574,0.378,6.0,1.0,5552.0,2.3761,0.396,0.0143,13391.0,0.4146,0.1667
S13003072,3,2017.0,95.89,0.3863,0.232317769,0.022599999999999953,0.574,0.378,8.0,4.0,6973.0,3.1948,0.3993,0.0143,13391.0,0.5207,0.5
S13003072,3,2017.0,95.89,0.3863,0.232317769,0.022599999999999953,0.574,0.378,6.0,1.0,5552.0,2.3761,0.396,0.0143,13391.0,0.4146,0.1667
S13003072,2,2017.0,85.57,0.3863,0.232317769,0.022599999999999953,0.574,0.378,8.0,4.0,6973.0,3.1948,0.3993,0.0143,13391.0,0.5207,0.5
S13003072,2,2017.0,85.57,0.3863,0.232317769,0.022599999999999953,0.574,0.378,6.0,1.0,5552.0,2.3761,0.396,0.0143,13391.0,0.4146,0.1667
S13003072,0,2017.0,24.64,0.3863,0.232317769,0.022599999999999953,0.574,0.378,8.0,4.0,6973.0,3.1948,0.3993,0.0143,13391.0,0.5207,0.5
S13003072,1,2017.0,15.34,0.3863,0.232317769,0.022599999999999953,0.574,0.378,6.0,1.0,5552.0,2.3761,0.396,0.0143,13391.0,0.4146,0.1667
S13003073,0,2017.0,21.270000000000003,0.3534,0.162533323,0.022599999999999953,0.4576,0.217,7.0,3.0,3457.0,3.0683,0.4383,0.0242,10051.0,0.3439,0.4286
S13003073,1,2017.0,6.3100000000000005,0.3534,0.162533323,0.022599999999999953,0.4576,0.217,7.0,3.0,3457.0,3.0683,0.4383,0.0242,10051.0,0.3439,0.4286
S13003073,1,2017.0,6.3100000000000005,0.3534,0.162533323,0.022599999999999953,0.4576,0.217,8.0,3.0,3647.0,3.0376,0.3797,0.0242,10051.0,0.3628,0.375
S13003073,2,2017.0,60.95,0.3534,0.162533323,0.022599999999999953,0.4576,0.217,7.0,3.0,3457.0,3.0683,0.4383,0.0242,10051.0,0.3439,0.4286
S13003073,2,2017.0,60.95,0.3534,0.162533323,0.022599999999999953,0.4576,0.217,8.0,3.0,3647.0,3.0376,0.3797,0.0242,10051.0,0.3628,0.375
S13003073,3,2017.0,85.17,0.3534,0.162533323,0.022599999999999953,0.4576,0.217,7.0,3.0,3457.0,3.0683,0.4383,0.0242,10051.0,0.3439,0.4286
S13003073,3,2017.0,85.17,0.3534,0.162533323,0.022599999999999953,0.4576,0.217,8.0,3.0,3647.0,3.0376,0.3797,0.0242,10051.0,0.3628,0.375
S13003073,0,2022.0,18.4,0.3534,0.162533323,0.022599999999999953,0.4576,0.217,8.0,3.0,3647.0,3.0376,0.3797,0.0242,9077.0,0.4018,0.375
S13003073,1,2022.0,7.47,0.3534,0.162533323,0.022599999999999953,0.4576,0.217,7.0,3.0,3457.0,3.0683,0.4383,0.0242,9077.0,0.3809,0.4286
S13003073,1,2022.0,7.47,0.3534,0.162533323,0.022599999999999953,0.4576,0.217,8.0,3.0,3647.0,3.0376,0.3797,0.0242,9077.0,0.4018,0.375
S13003073,2,2022.0,55.19,0.3534,0.162533323,0.022599999999999953,0.4576,0.217,7.0,3.0,3457.0,3.0683,0.4383,0.0242,9077.0,0.3809,0.4286
S13003073,0,2022.0,18.4,0.3534,0.162533323,0.022599999999999953,0.4576,0.217,7.0,3.0,3457.0,3.0683,0.4383,0.0242,9077.0,0.3809,0.4286
S13003073,0,2017.0,21.270000000000003,0.3534,0.162533323,0.022599999999999953,0.4576,0.217,8.0,3.0,3647.0,3.0376,0.3797,0.0242,10051.0,0.3628,0.375
S13003073,3,2022.0,67.9,0.3534,0.162533323,0.022599999999999953,0.4576,0.217,8.0,3.0,3647.0,3.0376,0.3797,0.0242,9077.0,0.4018,0.375
S13003073,3,2022.0,67.9,0.3534,0.162533323,0.022599999999999953,0.4576,0.217,7.0,3.0,3457.0,3.0683,0.4383,0.0242,9077.0,0.3809,0.4286
S13003073,2,2022.0,55.19,0.3534,0.162533323,0.022599999999999953,0.4576,0.217,8.0,3.0,3647.0,3.0376,0.3797,0.0242,9077.0,0.4018,0.375
S13003074,0,2022.0,3.62,0.362,0.209435351,-0.014500000000000013,0.4161,0.3045,8.0,4.0,5383.0,3.1168,0.3896,0.0274,12882.0,0.4179,0.5
S13003074,1,2022.0,3.17,0.362,0.209435351,-0.014500000000000013,0.4161,0.3045,5.0,1.0,7027.0,2.1604,0.4321,0.0274,12882.0,0.5455,0.2
S13003074,1,2022.0,3.17,0.362,0.209435351,-0.014500000000000013,0.4161,0.3045,8.0,4.0,5383.0,3.1168,0.3896,0.0274,12882.0,0.4179,0.5
S13003074,2,2022.0,59.699999999999996,0.362,0.209435351,-0.014500000000000013,0.4161,0.3045,5.0,1.0,7027.0,2.1604,0.4321,0.0274,12882.0,0.5455,0.2
S13003074,2,2022.0,59.699999999999996,0.362,0.209435351,-0.014500000000000013,0.4161,0.3045,8.0,4.0,5383.0,3.1168,0.3896,0.0274,12882.0,0.4179,0.5
S13003074,0,2022.0,3.62,0.362,0.209435351,-0.014500000000000013,0.4161,0.3045,5.0,1.0,7027.0,2.1604,0.4321,0.0274,12882.0,0.5455,0.2
S13003074,3,2022.0,83.55,0.362,0.209435351,-0.014500000000000013,0.4161,0.3045,8.0,4.0,5383.0,3.1168,0.3896,0.0274,12882.0,0.4179,0.5
S13003074,3,2022.0,83.55,0.362,0.209435351,-0.014500000000000013,0.4161,0.3045,5.0,1.0,7027.0,2.1604,0.4321,0.0274,12882.0,0.5455,0.2
S13003074,3,2017.0,94.75999999999999,0.362,0.209435351,-0.014500000000000013,0.4161,0.3045,5.0,1.0,7027.0,2.1604,0.4321,0.0274,15669.0,0.4485,0.2
S13003074,3,2017.0,94.75999999999999,0.362,0.209435351,-0.014500000000000013,0.4161,0.3045,8.0,4.0,5383.0,3.1168,0.3896,0.0274,15669.0,0.3435,0.5
S13003074,2,2017.0,72.02000000000001,0.362,0.209435351,-0.014500000000000013,0.4161,0.3045,8.0,4.0,5383.0,3.1168,0.3896,0.0274,15669.0,0.3435,0.5
S13003074,2,2017.0,72.02000000000001,0.362,0.209435351,-0.014500000000000013,0.4161,0.3045,5.0,1.0,7027.0,2.1604,0.4321,0.0274,15669.0,0.4485,0.2
S13003074,1,2017.0,9.59,0.362,0.209435351,-0.014500000000000013,0.4161,0.3045,5.0,1.0,7027.0,2.1604,0.4321,0.0274,15669.0,0.4485,0.2
S13003074,0,2017.0,19.79,0.362,0.209435351,-0.014500000000000013,0.4161,0.3045,8.0,4.0,5383.0,3.1168,0.3896,0.0274,15669.0,0.3435,0.5
S13003074,0,2017.0,19.79,0.362,0.209435351,-0.014500000000000013,0.4161,0.3045,5.0,1.0,7027.0,2.1604,0.4321,0.0274,15669.0,0.4485,0.2
S13003074,1,2017.0,9.59,0.362,0.209435351,-0.014500000000000013,0.4161,0.3045,8.0,4.0,5383.0,3.1168,0.3896,0.0274,15669.0,0.3435,0.5
S13003075,3,2017.0,95.21,0.4301,0.174814987,0.010000000000000009,0.4998,0.3053,8.0,4.0,5421.0,3.3451,0.4181,0.0174,13752.0,0.3942,0.5
S13003075,2,2017.0,64.99000000000001,0.4301,0.174814987,0.010000000000000009,0.4998,0.3053,8.0,4.0,5421.0,3.3451,0.4181,0.0174,13752.0,0.3942,0.5
S13003075,1,2017.0,0.83,0.4301,0.174814987,0.010000000000000009,0.4998,0.3053,8.0,4.0,5421.0,3.3451,0.4181,0.0174,13752.0,0.3942,0.5
S13003075,0,2017.0,2.2,0.4301,0.174814987,0.010000000000000009,0.4998,0.3053,8.0,4.0,5421.0,3.3451,0.4181,0.0174,13752.0,0.3942,0.5
S13003076,3,2022.0,93.54,0.4227,0.21093815,0.030100000000000016,0.4618,0.2216,7.0,3.0,3999.0,3.0588,0.437,0.0227,9205.0,0.4344,0.4286
S13003076,0,2017.0,24.86,0.4227,0.21093815,0.030100000000000016,0.4618,0.2216,7.0,3.0,3999.0,3.0588,0.437,0.0227,10261.0,0.3897,0.4286
S13003076,0,2017.0,24.86,0.4227,0.21093815,0.030100000000000016,0.4618,0.2216,5.0,3.0,3761.0,2.9147,0.5829,0.0227,10261.0,0.3665,0.6
S13003076,3,2022.0,93.54,0.4227,0.21093815,0.030100000000000016,0.4618,0.2216,5.0,3.0,3761.0,2.9147,0.5829,0.0227,9205.0,0.4086,0.6
S13003076,0,2022.0,0.27,0.4227,0.21093815,0.030100000000000016,0.4618,0.2216,5.0,3.0,3761.0,2.9147,0.5829,0.0227,9205.0,0.4086,0.6
S13003076,0,2022.0,0.27,0.4227,0.21093815,0.030100000000000016,0.4618,0.2216,7.0,3.0,3999.0,3.0588,0.437,0.0227,9205.0,0.4344,0.4286
S13003076,1,2022.0,0.27,0.4227,0.21093815,0.030100000000000016,0.4618,0.2216,5.0,3.0,3761.0,2.9147,0.5829,0.0227,9205.0,0.4086,0.6
S13003076,1,2017.0,6.86,0.4227,0.21093815,0.030100000000000016,0.4618,0.2216,5.0,3.0,3761.0,2.9147,0.5829,0.0227,10261.0,0.3665,0.6
S13003076,1,2022.0,0.27,0.4227,0.21093815,0.030100000000000016,0.4618,0.2216,7.0,3.0,3999.0,3.0588,0.437,0.0227,9205.0,0.4344,0.4286
S13003076,2,2022.0,56.69,0.4227,0.21093815,0.030100000000000016,0.4618,0.2216,5.0,3.0,3761.0,2.9147,0.5829,0.0227,9205.0,0.4086,0.6
S13003076,2,2022.0,56.69,0.4227,0.21093815,0.030100000000000016,0.4618,0.2216,7.0,3.0,3999.0,3.0588,0.437,0.0227,9205.0,0.4344,0.4286
S13003076,2,2017.0,44.68,0.4227,0.21093815,0.030100000000000016,0.4618,0.2216,5.0,3.0,3761.0,2.9147,0.5829,0.0227,10261.0,0.3665,0.6
S13003076,1,2017.0,6.86,0.4227,0.21093815,0.030100000000000016,0.4618,0.2216,7.0,3.0,3999.0,3.0588,0.437,0.0227,10261.0,0.3897,0.4286
S13003076,2,2017.0,44.68,0.4227,0.21093815,0.030100000000000016,0.4618,0.2216,7.0,3.0,3999.0,3.0588,0.437,0.0227,10261.0,0.3897,0.4286
S13003076,3,2017.0,87.17,0.4227,0.21093815,0.030100000000000016,0.4618,0.2216,5.0,3.0,3761.0,2.9147,0.5829,0.0227,10261.0,0.3665,0.6
S13003076,3,2017.0,87.17,0.4227,0.21093815,0.030100000000000016,0.4618,0.2216,7.0,3.0,3999.0,3.0588,0.437,0.0227,10261.0,0.3897,0.4286
S13003077,0,2017.0,10.780000000000001,0.4526,0.233018285,0.010099999999999998,0.5027,0.3767,9.0,3.0,4804.0,3.4036,0.3782,0.0218,11102.0,0.4327,0.3333
S13003077,1,2017.0,8.58,0.4526,0.233018285,0.010099999999999998,0.5027,0.3767,9.0,3.0,4804.0,3.4036,0.3782,0.0218,11102.0,0.4327,0.3333
S13003077,2,2017.0,40.09,0.4526,0.233018285,0.010099999999999998,0.5027,0.3767,9.0,3.0,4804.0,3.4036,0.3782,0.0218,11102.0,0.4327,0.3333
S13003077,3,2017.0,68.28,0.4526,0.233018285,0.010099999999999998,0.5027,0.3767,9.0,3.0,4804.0,3.4036,0.3782,0.0218,11102.0,0.4327,0.3333
S13003078,1,2017.0,9.340000000000002,0.4096,0.141295628,0.007099999999999995,0.3713,0.2893,11.0,4.0,4779.0,3.629,0.3299,0.0254,13860.0,0.3448,0.3636
S13003078,0,2017.0,20.6,0.4096,0.141295628,0.007099999999999995,0.3713,0.2893,11.0,4.0,4779.0,3.629,0.3299,0.0254,13860.0,0.3448,0.3636
S13003078,0,2017.0,20.6,0.4096,0.141295628,0.007099999999999995,0.3713,0.2893,10.0,4.0,4863.0,3.658,0.3658,0.0254,13860.0,0.3509,0.4
S13003078,0,2022.0,17.2,0.4096,0.141295628,0.007099999999999995,0.3713,0.2893,11.0,4.0,4779.0,3.629,0.3299,0.0254,13584.0,0.3518,0.3636
S13003078,1,2022.0,10.54,0.4096,0.141295628,0.007099999999999995,0.3713,0.2893,10.0,4.0,4863.0,3.658,0.3658,0.0254,13584.0,0.358,0.4
S13003078,1,2022.0,10.54,0.4096,0.141295628,0.007099999999999995,0.3713,0.2893,11.0,4.0,4779.0,3.629,0.3299,0.0254,13584.0,0.3518,0.3636
S13003078,3,2022.0,88.44,0.4096,0.141295628,0.007099999999999995,0.3713,0.2893,11.0,4.0,4779.0,3.629,0.3299,0.0254,13584.0,0.3518,0.3636
S13003078,2,2022.0,62.949999999999996,0.4096,0.141295628,0.007099999999999995,0.3713,0.2893,11.0,4.0,4779.0,3.629,0.3299,0.0254,13584.0,0.3518,0.3636
S13003078,3,2022.0,88.44,0.4096,0.141295628,0.007099999999999995,0.3713,0.2893,10.0,4.0,4863.0,3.658,0.3658,0.0254,13584.0,0.358,0.4
S13003078,0,2022.0,17.2,0.4096,0.141295628,0.007099999999999995,0.3713,0.2893,10.0,4.0,4863.0,3.658,0.3658,0.0254,13584.0,0.358,0.4
S13003078,1,2017.0,9.340000000000002,0.4096,0.141295628,0.007099999999999995,0.3713,0.2893,10.0,4.0,4863.0,3.658,0.3658,0.0254,13860.0,0.3509,0.4
S13003078,2,2022.0,62.949999999999996,0.4096,0.141295628,0.007099999999999995,0.3713,0.2893,10.0,4.0,4863.0,3.658,0.3658,0.0254,13584.0,0.358,0.4
S13003078,2,2017.0,74.46000000000001,0.4096,0.141295628,0.007099999999999995,0.3713,0.2893,10.0,4.0,4863.0,3.658,0.3658,0.0254,13860.0,0.3509,0.4
S13003078,3,2017.0,93.42999999999999,0.4096,0.141295628,0.007099999999999995,0.3713,0.2893,11.0,4.0,4779.0,3.629,0.3299,0.0254,13860.0,0.3448,0.3636
S13003078,3,2017.0,93.42999999999999,0.4096,0.141295628,0.007099999999999995,0.3713,0.2893,10.0,4.0,4863.0,3.658,0.3658,0.0254,13860.0,0.3509,0.4
S13003078,2,2017.0,74.46000000000001,0.4096,0.141295628,0.007099999999999995,0.3713,0.2893,11.0,4.0,4779.0,3.629,0.3299,0.0254,13860.0,0.3448,0.3636
S13003079,3,2017.0,88.39,0.4134,0.14641278,0.006099999999999994,0.4235,0.3111,7.0,3.0,3798.0,3.3257,0.4751,0.0182,9819.0,0.3868,0.4286
S13003079,0,2022.0,8.870000000000001,0.4134,0.14641278,0.006099999999999994,0.4235,0.3111,7.0,3.0,3829.0,3.3609,0.4801,0.0182,10097.0,0.3792,0.4286
S13003079,0,2022.0,8.870000000000001,0.4134,0.14641278,0.006099999999999994,0.4235,0.3111,7.0,3.0,3798.0,3.3257,0.4751,0.0182,10097.0,0.3762,0.4286
S13003079,1,2022.0,2.39,0.4134,0.14641278,0.006099999999999994,0.4235,0.3111,7.0,3.0,3829.0,3.3609,0.4801,0.0182,10097.0,0.3792,0.4286
S13003079,1,2022.0,2.39,0.4134,0.14641278,0.006099999999999994,0.4235,0.3111,7.0,3.0,3798.0,3.3257,0.4751,0.0182,10097.0,0.3762,0.4286
S13003079,2,2022.0,59.57,0.4134,0.14641278,0.006099999999999994,0.4235,0.3111,7.0,3.0,3829.0,3.3609,0.4801,0.0182,10097.0,0.3792,0.4286
S13003079,2,2022.0,59.57,0.4134,0.14641278,0.006099999999999994,0.4235,0.3111,7.0,3.0,3798.0,3.3257,0.4751,0.0182,10097.0,0.3762,0.4286
S13003079,3,2022.0,91.88,0.4134,0.14641278,0.006099999999999994,0.4235,0.3111,7.0,3.0,3798.0,3.3257,0.4751,0.0182,10097.0,0.3762,0.4286
S13003079,3,2017.0,88.39,0.4134,0.14641278,0.006099999999999994,0.4235,0.3111,7.0,3.0,3829.0,3.3609,0.4801,0.0182,9819.0,0.39,0.4286
S13003079,2,2017.0,64.14,0.4134,0.14641278,0.006099999999999994,0.4235,0.3111,7.0,3.0,3798.0,3.3257,0.4751,0.0182,9819.0,0.3868,0.4286
S13003079,2,2017.0,64.14,0.4134,0.14641278,0.006099999999999994,0.4235,0.3111,7.0,3.0,3829.0,3.3609,0.4801,0.0182,9819.0,0.39,0.4286
S13003079,1,2017.0,8.120000000000001,0.4134,0.14641278,0.006099999999999994,0.4235,0.3111,7.0,3.0,3798.0,3.3257,0.4751,0.0182,9819.0,0.3868,0.4286
S13003079,1,2017.0,8.120000000000001,0.4134,0.14641278,0.006099999999999994,0.4235,0.3111,7.0,3.0,3829.0,3.3609,0.4801,0.0182,9819.0,0.39,0.4286
S13003079,0,2017.0,25.28,0.4134,0.14641278,0.006099999999999994,0.4235,0.3111,7.0,3.0,3798.0,3.3257,0.4751,0.0182,9819.0,0.3868,0.4286
S13003079,0,2017.0,25.28,0.4134,0.14641278,0.006099999999999994,0.4235,0.3111,7.0,3.0,3829.0,3.3609,0.4801,0.0182,9819.0,0.39,0.4286
S13003079,3,2022.0,91.88,0.4134,0.14641278,0.006099999999999994,0.4235,0.3111,7.0,3.0,3829.0,3.3609,0.4801,0.0182,10097.0,0.3792,0.4286
S13003080,1,2017.0,3.63,0.4463,0.232821205,0.023700000000000054,0.4978,0.2987,9.0,3.0,4597.0,3.3067,0.3674,0.0187,10999.0,0.4179,0.3333
S13003080,0,2022.0,26.53,0.4463,0.232821205,0.023700000000000054,0.4978,0.2987,9.0,3.0,4597.0,3.3067,0.3674,0.0187,9415.0,0.4883,0.3333
S13003080,1,2017.0,3.63,0.4463,0.232821205,0.023700000000000054,0.4978,0.2987,9.0,3.0,4080.0,3.4002,0.3778,0.0187,10999.0,0.3709,0.3333
S13003080,1,2022.0,10.979999999999999,0.4463,0.232821205,0.023700000000000054,0.4978,0.2987,9.0,3.0,4080.0,3.4002,0.3778,0.0187,9415.0,0.4334,0.3333
S13003080,1,2022.0,10.979999999999999,0.4463,0.232821205,0.023700000000000054,0.4978,0.2987,9.0,3.0,4597.0,3.3067,0.3674,0.0187,9415.0,0.4883,0.3333
S13003080,2,2022.0,57.72999999999999,0.4463,0.232821205,0.023700000000000054,0.4978,0.2987,9.0,3.0,4080.0,3.4002,0.3778,0.0187,9415.0,0.4334,0.3333
S13003080,2,2022.0,57.72999999999999,0.4463,0.232821205,0.023700000000000054,0.4978,0.2987,9.0,3.0,4597.0,3.3067,0.3674,0.0187,9415.0,0.4883,0.3333
S13003080,3,2022.0,80.71000000000001,0.4463,0.232821205,0.023700000000000054,0.4978,0.2987,9.0,3.0,4080.0,3.4002,0.3778,0.0187,9415.0,0.4334,0.3333
S13003080,3,2022.0,80.71000000000001,0.4463,0.232821205,0.023700000000000054,0.4978,0.2987,9.0,3.0,4597.0,3.3067,0.3674,0.0187,9415.0,0.4883,0.3333
S13003080,0,2017.0,22.81,0.4463,0.232821205,0.023700000000000054,0.4978,0.2987,9.0,3.0,4080.0,3.4002,0.3778,0.0187,10999.0,0.3709,0.3333
S13003080,3,2017.0,76.79,0.4463,0.232821205,0.023700000000000054,0.4978,0.2987,9.0,3.0,4597.0,3.3067,0.3674,0.0187,10999.0,0.4179,0.3333
S13003080,3,2017.0,76.79,0.4463,0.232821205,0.023700000000000054,0.4978,0.2987,9.0,3.0,4080.0,3.4002,0.3778,0.0187,10999.0,0.3709,0.3333
S13003080,0,2017.0,22.81,0.4463,0.232821205,0.023700000000000054,0.4978,0.2987,9.0,3.0,4597.0,3.3067,0.3674,0.0187,10999.0,0.4179,0.3333
S13003080,2,2017.0,44.730000000000004,0.4463,0.232821205,0.023700000000000054,0.4978,0.2987,9.0,3.0,4080.0,3.4002,0.3778,0.0187,10999.0,0.3709,0.3333
S13003080,0,2022.0,26.53,0.4463,0.232821205,0.023700000000000054,0.4978,0.2987,9.0,3.0,4080.0,3.4002,0.3778,0.0187,9415.0,0.4334,0.3333
S13003080,2,2017.0,44.730000000000004,0.4463,0.232821205,0.023700000000000054,0.4978,0.2987,9.0,3.0,4597.0,3.3067,0.3674,0.0187,10999.0,0.4179,0.3333
S13003081,3,2017.0,94.36000000000001,0.4343,0.203460734,0.02190000000000003,0.4982,0.2598,7.0,4.0,5264.0,3.2109,0.4587,0.0198,14145.0,0.3721,0.5714
S13003081,0,2022.0,8.219999999999999,0.4343,0.203460734,0.02190000000000003,0.4982,0.2598,7.0,4.0,5614.0,3.321,0.4744,0.0198,11815.0,0.4752,0.5714
S13003081,1,2022.0,5.589999999999999,0.4343,0.203460734,0.02190000000000003,0.4982,0.2598,7.0,4.0,5264.0,3.2109,0.4587,0.0198,11815.0,0.4455,0.5714
S13003081,1,2022.0,5.589999999999999,0.4343,0.203460734,0.02190000000000003,0.4982,0.2598,7.0,4.0,5614.0,3.321,0.4744,0.0198,11815.0,0.4752,0.5714
S13003081,2,2022.0,72.04,0.4343,0.203460734,0.02190000000000003,0.4982,0.2598,7.0,4.0,5264.0,3.2109,0.4587,0.0198,11815.0,0.4455,0.5714
S13003081,2,2022.0,72.04,0.4343,0.203460734,0.02190000000000003,0.4982,0.2598,7.0,4.0,5614.0,3.321,0.4744,0.0198,11815.0,0.4752,0.5714
S13003081,3,2022.0,89.02,0.4343,0.203460734,0.02190000000000003,0.4982,0.2598,7.0,4.0,5264.0,3.2109,0.4587,0.0198,11815.0,0.4455,0.5714
S13003081,3,2022.0,89.02,0.4343,0.203460734,0.02190000000000003,0.4982,0.2598,7.0,4.0,5614.0,3.321,0.4744,0.0198,11815.0,0.4752,0.5714
S13003081,3,2017.0,94.36000000000001,0.4343,0.203460734,0.02190000000000003,0.4982,0.2598,7.0,4.0,5614.0,3.321,0.4744,0.0198,14145.0,0.3969,0.5714
S13003081,2,2017.0,60.95,0.4343,0.203460734,0.02190000000000003,0.4982,0.2598,7.0,4.0,5614.0,3.321,0.4744,0.0198,14145.0,0.3969,0.5714
S13003081,2,2017.0,60.95,0.4343,0.203460734,0.02190000000000003,0.4982,0.2598,7.0,4.0,5264.0,3.2109,0.4587,0.0198,14145.0,0.3721,0.5714
S13003081,1,2017.0,4.23,0.4343,0.203460734,0.02190000000000003,0.4982,0.2598,7.0,4.0,5614.0,3.321,0.4744,0.0198,14145.0,0.3969,0.5714
S13003081,1,2017.0,4.23,0.4343,0.203460734,0.02190000000000003,0.4982,0.2598,7.0,4.0,5264.0,3.2109,0.4587,0.0198,14145.0,0.3721,0.5714
S13003081,0,2017.0,4.23,0.4343,0.203460734,0.02190000000000003,0.4982,0.2598,7.0,4.0,5614.0,3.321,0.4744,0.0198,14145.0,0.3969,0.5714
S13003081,0,2022.0,8.219999999999999,0.4343,0.203460734,0.02190000000000003,0.4982,0.2598,7.0,4.0,5264.0,3.2109,0.4587,0.0198,11815.0,0.4455,0.5714
S13003081,0,2017.0,4.23,0.4343,0.203460734,0.02190000000000003,0.4982,0.2598,7.0,4.0,5264.0,3.2109,0.4587,0.0198,14145.0,0.3721,0.5714
S13003082,3,2017.0,96.39,0.4522,0.193443005,0.023599999999999954,0.5165,0.2504,7.0,4.0,5538.0,3.1873,0.4553,0.0179,12677.0,0.4369,0.5714
S13003082,0,2017.0,17.68,0.4522,0.193443005,0.023599999999999954,0.5165,0.2504,7.0,4.0,5538.0,3.1873,0.4553,0.0179,12677.0,0.4369,0.5714
S13003082,3,2022.0,94.41,0.4522,0.193443005,0.023599999999999954,0.5165,0.2504,7.0,4.0,5538.0,3.1873,0.4553,0.0179,13060.0,0.424,0.5714
S13003082,3,2022.0,94.41,0.4522,0.193443005,0.023599999999999954,0.5165,0.2504,6.0,4.0,5563.0,3.0419,0.507,0.0179,13060.0,0.426,0.6667
S13003082,2,2022.0,75.37,0.4522,0.193443005,0.023599999999999954,0.5165,0.2504,6.0,4.0,5563.0,3.0419,0.507,0.0179,13060.0,0.426,0.6667
S13003082,1,2022.0,3.8299999999999996,0.4522,0.193443005,0.023599999999999954,0.5165,0.2504,7.0,4.0,5538.0,3.1873,0.4553,0.0179,13060.0,0.424,0.5714
S13003082,1,2022.0,3.8299999999999996,0.4522,0.193443005,0.023599999999999954,0.5165,0.2504,6.0,4.0,5563.0,3.0419,0.507,0.0179,13060.0,0.426,0.6667
S13003082,0,2022.0,3.8299999999999996,0.4522,0.193443005,0.023599999999999954,0.5165,0.2504,7.0,4.0,5538.0,3.1873,0.4553,0.0179,13060.0,0.424,0.5714
S13003082,2,2022.0,75.37,0.4522,0.193443005,0.023599999999999954,0.5165,0.2504,7.0,4.0,5538.0,3.1873,0.4553,0.0179,13060.0,0.424,0.5714
S13003082,3,2017.0,96.39,0.4522,0.193443005,0.023599999999999954,0.5165,0.2504,6.0,4.0,5563.0,3.0419,0.507,0.0179,12677.0,0.4388,0.6667
S13003082,2,2017.0,68.65,0.4522,0.193443005,0.023599999999999954,0.5165,0.2504,7.0,4.0,5538.0,3.1873,0.4553,0.0179,12677.0,0.4369,0.5714
S13003082,2,2017.0,68.65,0.4522,0.193443005,0.023599999999999954,0.5165,0.2504,6.0,4.0,5563.0,3.0419,0.507,0.0179,12677.0,0.4388,0.6667
S13003082,1,2017.0,5.0,0.4522,0.193443005,0.023599999999999954,0.5165,0.2504,7.0,4.0,5538.0,3.1873,0.4553,0.0179,12677.0,0.4369,0.5714
S13003082,1,2017.0,5.0,0.4522,0.193443005,0.023599999999999954,0.5165,0.2504,6.0,4.0,5563.0,3.0419,0.507,0.0179,12677.0,0.4388,0.6667
S13003082,0,2022.0,3.8299999999999996,0.4522,0.193443005,0.023599999999999954,0.5165,0.2504,6.0,4.0,5563.0,3.0419,0.507,0.0179,13060.0,0.426,0.6667
S13003082,0,2017.0,17.68,0.4522,0.193443005,0.023599999999999954,0.5165,0.2504,6.0,4.0,5563.0,3.0419,0.507,0.0179,12677.0,0.4388,0.6667
S13003083,3,2022.0,94.42,0.4477,0.223885607,0.014499999999999957,0.5212,0.3127,10.0,4.0,6095.0,3.5696,0.357,0.0165,11729.0,0.5197,0.4
S13003083,0,2022.0,18.24,0.4477,0.223885607,0.014499999999999957,0.5212,0.3127,8.0,4.0,5821.0,3.5465,0.4433,0.0165,11729.0,0.4963,0.5
S13003083,0,2022.0,18.24,0.4477,0.223885607,0.014499999999999957,0.5212,0.3127,10.0,4.0,6095.0,3.5696,0.357,0.0165,11729.0,0.5197,0.4
S13003083,1,2022.0,8.54,0.4477,0.223885607,0.014499999999999957,0.5212,0.3127,8.0,4.0,5821.0,3.5465,0.4433,0.0165,11729.0,0.4963,0.5
S13003083,1,2022.0,8.54,0.4477,0.223885607,0.014499999999999957,0.5212,0.3127,10.0,4.0,6095.0,3.5696,0.357,0.0165,11729.0,0.5197,0.4
S13003083,2,2022.0,61.83,0.4477,0.223885607,0.014499999999999957,0.5212,0.3127,8.0,4.0,5821.0,3.5465,0.4433,0.0165,11729.0,0.4963,0.5
S13003083,2,2022.0,61.83,0.4477,0.223885607,0.014499999999999957,0.5212,0.3127,10.0,4.0,6095.0,3.5696,0.357,0.0165,11729.0,0.5197,0.4
S13003083,3,2022.0,94.42,0.4477,0.223885607,0.014499999999999957,0.5212,0.3127,8.0,4.0,5821.0,3.5465,0.4433,0.0165,11729.0,0.4963,0.5
S13003083,3,2017.0,79.46,0.4477,0.223885607,0.014499999999999957,0.5212,0.3127,8.0,4.0,5821.0,3.5465,0.4433,0.0165,12616.0,0.4614,0.5
S13003083,0,2017.0,16.27,0.4477,0.223885607,0.014499999999999957,0.5212,0.3127,8.0,4.0,5821.0,3.5465,0.4433,0.0165,12616.0,0.4614,0.5
S13003083,0,2017.0,16.27,0.4477,0.223885607,0.014499999999999957,0.5212,0.3127,10.0,4.0,6095.0,3.5696,0.357,0.0165,12616.0,0.4831,0.4
S13003083,1,2017.0,6.6499999999999995,0.4477,0.223885607,0.014499999999999957,0.5212,0.3127,8.0,4.0,5821.0,3.5465,0.4433,0.0165,12616.0,0.4614,0.5
S13003083,1,2017.0,6.6499999999999995,0.4477,0.223885607,0.014499999999999957,0.5212,0.3127,10.0,4.0,6095.0,3.5696,0.357,0.0165,12616.0,0.4831,0.4
S13003083,2,2017.0,37.78,0.4477,0.223885607,0.014499999999999957,0.5212,0.3127,8.0,4.0,5821.0,3.5465,0.4433,0.0165,12616.0,0.4614,0.5
S13003083,2,2017.0,37.78,0.4477,0.223885607,0.014499999999999957,0.5212,0.3127,10.0,4.0,6095.0,3.5696,0.357,0.0165,12616.0,0.4831,0.4
S13003083,3,2017.0,79.46,0.4477,0.223885607,0.014499999999999957,0.5212,0.3127,10.0,4.0,6095.0,3.5696,0.357,0.0165,12616.0,0.4831,0.4
S13003084,2,2022.0,72.63,0.4773,0.201008077,0.02639999999999998,0.5651,0.3069,5.0,4.0,5609.0,2.852,0.5704,0.0151,12640.0,0.4438,0.8
S13003084,0,2017.0,16.76,0.4773,0.201008077,0.02639999999999998,0.5651,0.3069,5.0,4.0,5609.0,2.852,0.5704,0.0151,14101.0,0.3978,0.8
S13003084,0,2017.0,16.76,0.4773,0.201008077,0.02639999999999998,0.5651,0.3069,7.0,4.0,5630.0,3.2046,0.4578,0.0151,14101.0,0.3993,0.5714
S13003084,3,2022.0,98.06,0.4773,0.201008077,0.02639999999999998,0.5651,0.3069,5.0,4.0,5609.0,2.852,0.5704,0.0151,12640.0,0.4438,0.8
S13003084,1,2017.0,6.54,0.4773,0.201008077,0.02639999999999998,0.5651,0.3069,5.0,4.0,5609.0,2.852,0.5704,0.0151,14101.0,0.3978,0.8
S13003084,2,2017.0,49.34,0.4773,0.201008077,0.02639999999999998,0.5651,0.3069,5.0,4.0,5609.0,2.852,0.5704,0.0151,14101.0,0.3978,0.8
S13003084,2,2017.0,49.34,0.4773,0.201008077,0.02639999999999998,0.5651,0.3069,7.0,4.0,5630.0,3.2046,0.4578,0.0151,14101.0,0.3993,0.5714
S13003084,3,2017.0,78.47,0.4773,0.201008077,0.02639999999999998,0.5651,0.3069,5.0,4.0,5609.0,2.852,0.5704,0.0151,14101.0,0.3978,0.8
S13003084,3,2017.0,78.47,0.4773,0.201008077,0.02639999999999998,0.5651,0.3069,7.0,4.0,5630.0,3.2046,0.4578,0.0151,14101.0,0.3993,0.5714
S13003084,3,2022.0,98.06,0.4773,0.201008077,0.02639999999999998,0.5651,0.3069,7.0,4.0,5630.0,3.2046,0.4578,0.0151,12640.0,0.4454,0.5714
S13003084,0,2022.0,15.35,0.4773,0.201008077,0.02639999999999998,0.5651,0.3069,5.0,4.0,5609.0,2.852,0.5704,0.0151,12640.0,0.4438,0.8
S13003084,0,2022.0,15.35,0.4773,0.201008077,0.02639999999999998,0.5651,0.3069,7.0,4.0,5630.0,3.2046,0.4578,0.0151,12640.0,0.4454,0.5714
S13003084,1,2022.0,2.28,0.4773,0.201008077,0.02639999999999998,0.5651,0.3069,5.0,4.0,5609.0,2.852,0.5704,0.0151,12640.0,0.4438,0.8
S13003084,1,2022.0,2.28,0.4773,0.201008077,0.02639999999999998,0.5651,0.3069,7.0,4.0,5630.0,3.2046,0.4578,0.0151,12640.0,0.4454,0.5714
S13003084,1,2017.0,6.54,0.4773,0.201008077,0.02639999999999998,0.5651,0.3069,7.0,4.0,5630.0,3.2046,0.4578,0.0151,14101.0,0.3993,0.5714
S13003084,2,2022.0,72.63,0.4773,0.201008077,0.02639999999999998,0.5651,0.3069,7.0,4.0,5630.0,3.2046,0.4578,0.0151,12640.0,0.4454,0.5714
S13003085,0,2022.0,11.68,0.4361,0.200405099,0.014700000000000046,0.6427,0.4578,5.0,3.0,5613.0,2.7043,0.5409,0.0108,13030.0,0.4308,0.6
S13003085,1,2022.0,10.32,0.4361,0.200405099,0.014700000000000046,0.6427,0.4578,5.0,3.0,5613.0,2.7043,0.5409,0.0108,13030.0,0.4308,0.6
S13003085,0,2022.0,11.68,0.4361,0.200405099,0.014700000000000046,0.6427,0.4578,5.0,3.0,6565.0,2.7823,0.5565,0.0108,13030.0,0.5038,0.6
S13003085,1,2022.0,10.32,0.4361,0.200405099,0.014700000000000046,0.6427,0.4578,5.0,3.0,6565.0,2.7823,0.5565,0.0108,13030.0,0.5038,0.6
S13003085,3,2017.0,91.57,0.4361,0.200405099,0.014700000000000046,0.6427,0.4578,5.0,3.0,5613.0,2.7043,0.5409,0.0108,8411.0,0.6673,0.6
S13003085,3,2017.0,91.57,0.4361,0.200405099,0.014700000000000046,0.6427,0.4578,5.0,3.0,6565.0,2.7823,0.5565,0.0108,8411.0,0.7805,0.6
S13003085,2,2017.0,77.23,0.4361,0.200405099,0.014700000000000046,0.6427,0.4578,5.0,3.0,5613.0,2.7043,0.5409,0.0108,8411.0,0.6673,0.6
S13003085,2,2017.0,77.23,0.4361,0.200405099,0.014700000000000046,0.6427,0.4578,5.0,3.0,6565.0,2.7823,0.5565,0.0108,8411.0,0.7805,0.6
S13003085,1,2017.0,9.459999999999999,0.4361,0.200405099,0.014700000000000046,0.6427,0.4578,5.0,3.0,5613.0,2.7043,0.5409,0.0108,8411.0,0.6673,0.6
S13003085,0,2017.0,11.84,0.4361,0.200405099,0.014700000000000046,0.6427,0.4578,5.0,3.0,5613.0,2.7043,0.5409,0.0108,8411.0,0.6673,0.6
S13003085,0,2017.0,11.84,0.4361,0.200405099,0.014700000000000046,0.6427,0.4578,5.0,3.0,6565.0,2.7823,0.5565,0.0108,8411.0,0.7805,0.6
S13003085,1,2017.0,9.459999999999999,0.4361,0.200405099,0.014700000000000046,0.6427,0.4578,5.0,3.0,6565.0,2.7823,0.5565,0.0108,8411.0,0.7805,0.6
S13003085,3,2022.0,81.84,0.4361,0.200405099,0.014700000000000046,0.6427,0.4578,5.0,3.0,6565.0,2.7823,0.5565,0.0108,13030.0,0.5038,0.6
S13003085,2,2022.0,59.68000000000001,0.4361,0.200405099,0.014700000000000046,0.6427,0.4578,5.0,3.0,6565.0,2.7823,0.5565,0.0108,13030.0,0.5038,0.6
S13003085,2,2022.0,59.68000000000001,0.4361,0.200405099,0.014700000000000046,0.6427,0.4578,5.0,3.0,5613.0,2.7043,0.5409,0.0108,13030.0,0.4308,0.6
S13003085,3,2022.0,81.84,0.4361,0.200405099,0.014700000000000046,0.6427,0.4578,5.0,3.0,5613.0,2.7043,0.5409,0.0108,13030.0,0.4308,0.6
S13003086,1,2022.0,5.29,0.4618,0.215515152,0.01749999999999996,0.5739,0.2787,6.0,4.0,5945.0,2.9847,0.4974,0.0141,12850.0,0.4626,0.6667
S13003086,0,2022.0,5.29,0.4618,0.215515152,0.01749999999999996,0.5739,0.2787,9.0,4.0,6393.0,3.4386,0.3821,0.0141,12850.0,0.4975,0.4444
S13003086,0,2022.0,5.29,0.4618,0.215515152,0.01749999999999996,0.5739,0.2787,6.0,4.0,5945.0,2.9847,0.4974,0.0141,12850.0,0.4626,0.6667
S13003086,2,2022.0,77.24,0.4618,0.215515152,0.01749999999999996,0.5739,0.2787,9.0,4.0,6393.0,3.4386,0.3821,0.0141,12850.0,0.4975,0.4444
S13003086,0,2017.0,9.4,0.4618,0.215515152,0.01749999999999996,0.5739,0.2787,6.0,4.0,5945.0,2.9847,0.4974,0.0141,15048.0,0.3951,0.6667
S13003086,1,2017.0,6.03,0.4618,0.215515152,0.01749999999999996,0.5739,0.2787,6.0,4.0,5945.0,2.9847,0.4974,0.0141,15048.0,0.3951,0.6667
S13003086,1,2022.0,5.29,0.4618,0.215515152,0.01749999999999996,0.5739,0.2787,9.0,4.0,6393.0,3.4386,0.3821,0.0141,12850.0,0.4975,0.4444
S13003086,1,2017.0,6.03,0.4618,0.215515152,0.01749999999999996,0.5739,0.2787,9.0,4.0,6393.0,3.4386,0.3821,0.0141,15048.0,0.4248,0.4444
S13003086,2,2017.0,43.39,0.4618,0.215515152,0.01749999999999996,0.5739,0.2787,6.0,4.0,5945.0,2.9847,0.4974,0.0141,15048.0,0.3951,0.6667
S13003086,2,2017.0,43.39,0.4618,0.215515152,0.01749999999999996,0.5739,0.2787,9.0,4.0,6393.0,3.4386,0.3821,0.0141,15048.0,0.4248,0.4444
S13003086,3,2017.0,73.74,0.4618,0.215515152,0.01749999999999996,0.5739,0.2787,6.0,4.0,5945.0,2.9847,0.4974,0.0141,15048.0,0.3951,0.6667
S13003086,3,2017.0,73.74,0.4618,0.215515152,0.01749999999999996,0.5739,0.2787,9.0,4.0,6393.0,3.4386,0.3821,0.0141,15048.0,0.4248,0.4444
S13003086,0,2017.0,9.4,0.4618,0.215515152,0.01749999999999996,0.5739,0.2787,9.0,4.0,6393.0,3.4386,0.3821,0.0141,15048.0,0.4248,0.4444
S13003086,2,2022.0,77.24,0.4618,0.215515152,0.01749999999999996,0.5739,0.2787,6.0,4.0,5945.0,2.9847,0.4974,0.0141,12850.0,0.4626,0.6667
S13003086,3,2022.0,92.18,0.4618,0.215515152,0.01749999999999996,0.5739,0.2787,6.0,4.0,5945.0,2.9847,0.4974,0.0141,12850.0,0.4626,0.6667
S13003086,3,2022.0,92.18,0.4618,0.215515152,0.01749999999999996,0.5739,0.2787,9.0,4.0,6393.0,3.4386,0.3821,0.0141,12850.0,0.4975,0.4444
S13003087,0,2017.0,15.260000000000002,0.442,0.291771054,0.023700000000000054,0.6175,0.3862,6.0,4.0,6952.0,2.9888,0.4981,0.0153,12545.0,0.5542,0.6667
S13003087,3,2022.0,95.89,0.442,0.291771054,0.023700000000000054,0.6175,0.3862,6.0,4.0,6952.0,2.9888,0.4981,0.0153,13163.0,0.5281,0.6667
S13003087,3,2022.0,95.89,0.442,0.291771054,0.023700000000000054,0.6175,0.3862,8.0,4.0,6979.0,3.3981,0.4248,0.0153,13163.0,0.5302,0.5
S13003087,2,2022.0,58.470000000000006,0.442,0.291771054,0.023700000000000054,0.6175,0.3862,6.0,4.0,6952.0,2.9888,0.4981,0.0153,13163.0,0.5281,0.6667
S13003087,2,2022.0,58.470000000000006,0.442,0.291771054,0.023700000000000054,0.6175,0.3862,8.0,4.0,6979.0,3.3981,0.4248,0.0153,13163.0,0.5302,0.5
S13003087,1,2022.0,3.7499999999999996,0.442,0.291771054,0.023700000000000054,0.6175,0.3862,6.0,4.0,6952.0,2.9888,0.4981,0.0153,13163.0,0.5281,0.6667
S13003087,1,2022.0,3.7499999999999996,0.442,0.291771054,0.023700000000000054,0.6175,0.3862,8.0,4.0,6979.0,3.3981,0.4248,0.0153,13163.0,0.5302,0.5
S13003087,0,2022.0,18.529999999999998,0.442,0.291771054,0.023700000000000054,0.6175,0.3862,6.0,4.0,6952.0,2.9888,0.4981,0.0153,13163.0,0.5281,0.6667
S13003087,0,2017.0,15.260000000000002,0.442,0.291771054,0.023700000000000054,0.6175,0.3862,8.0,4.0,6979.0,3.3981,0.4248,0.0153,12545.0,0.5563,0.5
S13003087,1,2017.0,7.65,0.442,0.291771054,0.023700000000000054,0.6175,0.3862,8.0,4.0,6979.0,3.3981,0.4248,0.0153,12545.0,0.5563,0.5
S13003087,1,2017.0,7.65,0.442,0.291771054,0.023700000000000054,0.6175,0.3862,6.0,4.0,6952.0,2.9888,0.4981,0.0153,12545.0,0.5542,0.6667
S13003087,0,2022.0,18.529999999999998,0.442,0.291771054,0.023700000000000054,0.6175,0.3862,8.0,4.0,6979.0,3.3981,0.4248,0.0153,13163.0,0.5302,0.5
S13003087,2,2017.0,67.69,0.442,0.291771054,0.023700000000000054,0.6175,0.3862,6.0,4.0,6952.0,2.9888,0.4981,0.0153,12545.0,0.5542,0.6667
S13003087,3,2017.0,92.66000000000001,0.442,0.291771054,0.023700000000000054,0.6175,0.3862,8.0,4.0,6979.0,3.3981,0.4248,0.0153,12545.0,0.5563,0.5
S13003087,3,2017.0,92.66000000000001,0.442,0.291771054,0.023700000000000054,0.6175,0.3862,6.0,4.0,6952.0,2.9888,0.4981,0.0153,12545.0,0.5542,0.6667
S13003087,2,2017.0,67.69,0.442,0.291771054,0.023700000000000054,0.6175,0.3862,8.0,4.0,6979.0,3.3981,0.4248,0.0153,12545.0,0.5563,0.5
S13003088,0,2017.0,15.94,0.443,0.293152932,0.027800000000000047,0.6108,0.3296,6.0,4.0,6722.0,2.8921,0.482,0.0136,12402.0,0.542,0.6667
S13003088,2,2022.0,65.81,0.443,0.293152932,0.027800000000000047,0.6108,0.3296,6.0,4.0,6722.0,2.8921,0.482,0.0136,12529.0,0.5365,0.6667
S13003088,2,2022.0,65.81,0.443,0.293152932,0.027800000000000047,0.6108,0.3296,8.0,4.0,6642.0,3.157,0.3946,0.0136,12529.0,0.5301,0.5
S13003088,1,2022.0,7.1,0.443,0.293152932,0.027800000000000047,0.6108,0.3296,6.0,4.0,6722.0,2.8921,0.482,0.0136,12529.0,0.5365,0.6667
S13003088,1,2022.0,7.1,0.443,0.293152932,0.027800000000000047,0.6108,0.3296,8.0,4.0,6642.0,3.157,0.3946,0.0136,12529.0,0.5301,0.5
S13003088,0,2022.0,16.03,0.443,0.293152932,0.027800000000000047,0.6108,0.3296,6.0,4.0,6722.0,2.8921,0.482,0.0136,12529.0,0.5365,0.6667
S13003088,0,2022.0,16.03,0.443,0.293152932,0.027800000000000047,0.6108,0.3296,8.0,4.0,6642.0,3.157,0.3946,0.0136,12529.0,0.5301,0.5
S13003088,0,2017.0,15.94,0.443,0.293152932,0.027800000000000047,0.6108,0.3296,8.0,4.0,6642.0,3.157,0.3946,0.0136,12402.0,0.5356,0.5
S13003088,3,2022.0,93.03,0.443,0.293152932,0.027800000000000047,0.6108,0.3296,6.0,4.0,6722.0,2.8921,0.482,0.0136,12529.0,0.5365,0.6667
S13003088,3,2017.0,90.32,0.443,0.293152932,0.027800000000000047,0.6108,0.3296,8.0,4.0,6642.0,3.157,0.3946,0.0136,12402.0,0.5356,0.5
S13003088,2,2017.0,68.49,0.443,0.293152932,0.027800000000000047,0.6108,0.3296,6.0,4.0,6722.0,2.8921,0.482,0.0136,12402.0,0.542,0.6667
S13003088,2,2017.0,68.49,0.443,0.293152932,0.027800000000000047,0.6108,0.3296,8.0,4.0,6642.0,3.157,0.3946,0.0136,12402.0,0.5356,0.5
S13003088,3,2022.0,93.03,0.443,0.293152932,0.027800000000000047,0.6108,0.3296,8.0,4.0,6642.0,3.157,0.3946,0.0136,12529.0,0.5301,0.5
S13003088,1,2017.0,7.9399999999999995,0.443,0.293152932,0.027800000000000047,0.6108,0.3296,6.0,4.0,6722.0,2.8921,0.482,0.0136,12402.0,0.542,0.6667
S13003088,1,2017.0,7.9399999999999995,0.443,0.293152932,0.027800000000000047,0.6108,0.3296,8.0,4.0,6642.0,3.157,0.3946,0.0136,12402.0,0.5356,0.5
S13003088,3,2017.0,90.32,0.443,0.293152932,0.027800000000000047,0.6108,0.3296,6.0,4.0,6722.0,2.8921,0.482,0.0136,12402.0,0.542,0.6667
S13003089,0,2017.0,2.64,0.3498,0.189953951,0.014900000000000024,0.4362,0.1902,8.0,4.0,4921.0,3.2148,0.4018,0.0328,14285.0,0.3445,0.5
S13003089,0,2017.0,2.64,0.3498,0.189953951,0.014900000000000024,0.4362,0.1902,6.0,4.0,4920.0,2.8949,0.4825,0.0328,14285.0,0.3444,0.6667
S13003089,1,2017.0,2.64,0.3498,0.189953951,0.014900000000000024,0.4362,0.1902,6.0,4.0,4920.0,2.8949,0.4825,0.0328,14285.0,0.3444,0.6667
S13003089,3,2017.0,96.25999999999999,0.3498,0.189953951,0.014900000000000024,0.4362,0.1902,6.0,4.0,4920.0,2.8949,0.4825,0.0328,14285.0,0.3444,0.6667
S13003089,3,2017.0,96.25999999999999,0.3498,0.189953951,0.014900000000000024,0.4362,0.1902,8.0,4.0,4921.0,3.2148,0.4018,0.0328,14285.0,0.3445,0.5
S13003089,0,2022.0,8.91,0.3498,0.189953951,0.014900000000000024,0.4362,0.1902,8.0,4.0,4921.0,3.2148,0.4018,0.0328,12953.0,0.3799,0.5
S13003089,2,2017.0,70.57,0.3498,0.189953951,0.014900000000000024,0.4362,0.1902,6.0,4.0,4920.0,2.8949,0.4825,0.0328,14285.0,0.3444,0.6667
S13003089,1,2017.0,2.64,0.3498,0.189953951,0.014900000000000024,0.4362,0.1902,8.0,4.0,4921.0,3.2148,0.4018,0.0328,14285.0,0.3445,0.5
S13003089,0,2022.0,8.91,0.3498,0.189953951,0.014900000000000024,0.4362,0.1902,6.0,4.0,4920.0,2.8949,0.4825,0.0328,12953.0,0.3798,0.6667
S13003089,2,2017.0,70.57,0.3498,0.189953951,0.014900000000000024,0.4362,0.1902,8.0,4.0,4921.0,3.2148,0.4018,0.0328,14285.0,0.3445,0.5
S13003089,3,2022.0,83.11000000000001,0.3498,0.189953951,0.014900000000000024,0.4362,0.1902,8.0,4.0,4921.0,3.2148,0.4018,0.0328,12953.0,0.3799,0.5
S13003089,3,2022.0,83.11000000000001,0.3498,0.189953951,0.014900000000000024,0.4362,0.1902,6.0,4.0,4920.0,2.8949,0.4825,0.0328,12953.0,0.3798,0.6667
S13003089,2,2022.0,69.94,0.3498,0.189953951,0.014900000000000024,0.4362,0.1902,6.0,4.0,4920.0,2.8949,0.4825,0.0328,12953.0,0.3798,0.6667
S13003089,2,2022.0,69.94,0.3498,0.189953951,0.014900000000000024,0.4362,0.1902,8.0,4.0,4921.0,3.2148,0.4018,0.0328,12953.0,0.3799,0.5
S13003089,1,2022.0,8.91,0.3498,0.189953951,0.014900000000000024,0.4362,0.1902,8.0,4.0,4921.0,3.2148,0.4018,0.0328,12953.0,0.3799,0.5
S13003089,1,2022.0,8.91,0.3498,0.189953951,0.014900000000000024,0.4362,0.1902,6.0,4.0,4920.0,2.8949,0.4825,0.0328,12953.0,0.3798,0.6667
S13003090,1,2017.0,10.7,0.3908,0.245689313,0.027699999999999947,0.5589,0.2762,9.0,3.0,4936.0,3.4125,0.3792,0.02,10263.0,0.481,0.3333
S13003090,0,2017.0,12.95,0.3908,0.245689313,0.027699999999999947,0.5589,0.2762,5.0,3.0,5204.0,2.5165,0.5033,0.02,10263.0,0.5071,0.6
S13003090,0,2017.0,12.95,0.3908,0.245689313,0.027699999999999947,0.5589,0.2762,9.0,3.0,4936.0,3.4125,0.3792,0.02,10263.0,0.481,0.3333
S13003090,3,2022.0,80.55,0.3908,0.245689313,0.027699999999999947,0.5589,0.2762,5.0,3.0,5204.0,2.5165,0.5033,0.02,10306.0,0.5049,0.6
S13003090,3,2022.0,80.55,0.3908,0.245689313,0.027699999999999947,0.5589,0.2762,9.0,3.0,4936.0,3.4125,0.3792,0.02,10306.0,0.4789,0.3333
S13003090,2,2022.0,47.33,0.3908,0.245689313,0.027699999999999947,0.5589,0.2762,5.0,3.0,5204.0,2.5165,0.5033,0.02,10306.0,0.5049,0.6
S13003090,2,2022.0,47.33,0.3908,0.245689313,0.027699999999999947,0.5589,0.2762,9.0,3.0,4936.0,3.4125,0.3792,0.02,10306.0,0.4789,0.3333
S13003090,1,2022.0,11.47,0.3908,0.245689313,0.027699999999999947,0.5589,0.2762,5.0,3.0,5204.0,2.5165,0.5033,0.02,10306.0,0.5049,0.6
S13003090,1,2022.0,11.47,0.3908,0.245689313,0.027699999999999947,0.5589,0.2762,9.0,3.0,4936.0,3.4125,0.3792,0.02,10306.0,0.4789,0.3333
S13003090,0,2022.0,21.43,0.3908,0.245689313,0.027699999999999947,0.5589,0.2762,5.0,3.0,5204.0,2.5165,0.5033,0.02,10306.0,0.5049,0.6
S13003090,0,2022.0,21.43,0.3908,0.245689313,0.027699999999999947,0.5589,0.2762,9.0,3.0,4936.0,3.4125,0.3792,0.02,10306.0,0.4789,0.3333
S13003090,3,2017.0,78.11,0.3908,0.245689313,0.027699999999999947,0.5589,0.2762,5.0,3.0,5204.0,2.5165,0.5033,0.02,10263.0,0.5071,0.6
S13003090,3,2017.0,78.11,0.3908,0.245689313,0.027699999999999947,0.5589,0.2762,9.0,3.0,4936.0,3.4125,0.3792,0.02,10263.0,0.481,0.3333
S13003090,2,2017.0,57.839999999999996,0.3908,0.245689313,0.027699999999999947,0.5589,0.2762,5.0,3.0,5204.0,2.5165,0.5033,0.02,10263.0,0.5071,0.6
S13003090,2,2017.0,57.839999999999996,0.3908,0.245689313,0.027699999999999947,0.5589,0.2762,9.0,3.0,4936.0,3.4125,0.3792,0.02,10263.0,0.481,0.3333
S13003090,1,2017.0,10.7,0.3908,0.245689313,0.027699999999999947,0.5589,0.2762,5.0,3.0,5204.0,2.5165,0.5033,0.02,10263.0,0.5071,0.6
S13003091,0,2022.0,17.369999999999997,0.4534,0.335584263,0.02190000000000003,0.6379,0.4449,9.0,4.0,8369.0,3.5724,0.3969,0.0153,14562.0,0.5747,0.4444
S13003091,0,2022.0,17.369999999999997,0.4534,0.335584263,0.02190000000000003,0.6379,0.4449,7.0,4.0,8171.0,3.217,0.4596,0.0153,14562.0,0.5611,0.5714
S13003091,1,2022.0,5.34,0.4534,0.335584263,0.02190000000000003,0.6379,0.4449,9.0,4.0,8369.0,3.5724,0.3969,0.0153,14562.0,0.5747,0.4444
S13003091,1,2022.0,5.34,0.4534,0.335584263,0.02190000000000003,0.6379,0.4449,7.0,4.0,8171.0,3.217,0.4596,0.0153,14562.0,0.5611,0.5714
S13003091,3,2022.0,93.31,0.4534,0.335584263,0.02190000000000003,0.6379,0.4449,7.0,4.0,8171.0,3.217,0.4596,0.0153,14562.0,0.5611,0.5714
S13003091,2,2022.0,64.49000000000001,0.4534,0.335584263,0.02190000000000003,0.6379,0.4449,7.0,4.0,8171.0,3.217,0.4596,0.0153,14562.0,0.5611,0.5714
S13003091,3,2022.0,93.31,0.4534,0.335584263,0.02190000000000003,0.6379,0.4449,9.0,4.0,8369.0,3.5724,0.3969,0.0153,14562.0,0.5747,0.4444
S13003091,3,2017.0,91.32,0.4534,0.335584263,0.02190000000000003,0.6379,0.4449,7.0,4.0,8171.0,3.217,0.4596,0.0153,14861.0,0.5498,0.5714
S13003091,3,2017.0,91.32,0.4534,0.335584263,0.02190000000000003,0.6379,0.4449,9.0,4.0,8369.0,3.5724,0.3969,0.0153,14861.0,0.5632,0.4444
S13003091,2,2017.0,66.49000000000001,0.4534,0.335584263,0.02190000000000003,0.6379,0.4449,7.0,4.0,8171.0,3.217,0.4596,0.0153,14861.0,0.5498,0.5714
S13003091,2,2017.0,66.49000000000001,0.4534,0.335584263,0.02190000000000003,0.6379,0.4449,9.0,4.0,8369.0,3.5724,0.3969,0.0153,14861.0,0.5632,0.4444
S13003091,1,2017.0,5.6000000000000005,0.4534,0.335584263,0.02190000000000003,0.6379,0.4449,7.0,4.0,8171.0,3.217,0.4596,0.0153,14861.0,0.5498,0.5714
S13003091,1,2017.0,5.6000000000000005,0.4534,0.335584263,0.02190000000000003,0.6379,0.4449,9.0,4.0,8369.0,3.5724,0.3969,0.0153,14861.0,0.5632,0.4444
S13003091,0,2017.0,17.14,0.4534,0.335584263,0.02190000000000003,0.6379,0.4449,7.0,4.0,8171.0,3.217,0.4596,0.0153,14861.0,0.5498,0.5714
S13003091,0,2017.0,17.14,0.4534,0.335584263,0.02190000000000003,0.6379,0.4449,9.0,4.0,8369.0,3.5724,0.3969,0.0153,14861.0,0.5632,0.4444
S13003091,2,2022.0,64.49000000000001,0.4534,0.335584263,0.02190000000000003,0.6379,0.4449,9.0,4.0,8369.0,3.5724,0.3969,0.0153,14562.0,0.5747,0.4444
S13003092,0,2022.0,11.84,0.4158,0.225688353,0.015100000000000002,0.5818,0.2672,6.0,3.0,4820.0,2.6678,0.4446,0.0189,10713.0,0.4499,0.5
S13003092,0,2022.0,11.84,0.4158,0.225688353,0.015100000000000002,0.5818,0.2672,4.0,3.0,4935.0,2.1384,0.5346,0.0189,10713.0,0.4607,0.75
S13003092,1,2022.0,9.45,0.4158,0.225688353,0.015100000000000002,0.5818,0.2672,4.0,3.0,4935.0,2.1384,0.5346,0.0189,10713.0,0.4607,0.75
S13003092,2,2022.0,56.95,0.4158,0.225688353,0.015100000000000002,0.5818,0.2672,6.0,3.0,4820.0,2.6678,0.4446,0.0189,10713.0,0.4499,0.5
S13003092,1,2022.0,9.45,0.4158,0.225688353,0.015100000000000002,0.5818,0.2672,6.0,3.0,4820.0,2.6678,0.4446,0.0189,10713.0,0.4499,0.5
S13003092,3,2022.0,74.64,0.4158,0.225688353,0.015100000000000002,0.5818,0.2672,6.0,3.0,4820.0,2.6678,0.4446,0.0189,10713.0,0.4499,0.5
S13003092,0,2017.0,17.31,0.4158,0.225688353,0.015100000000000002,0.5818,0.2672,6.0,3.0,4820.0,2.6678,0.4446,0.0189,11214.0,0.4298,0.5
S13003092,0,2017.0,17.31,0.4158,0.225688353,0.015100000000000002,0.5818,0.2672,4.0,3.0,4935.0,2.1384,0.5346,0.0189,11214.0,0.4401,0.75
S13003092,1,2017.0,15.68,0.4158,0.225688353,0.015100000000000002,0.5818,0.2672,6.0,3.0,4820.0,2.6678,0.4446,0.0189,11214.0,0.4298,0.5
S13003092,1,2017.0,15.68,0.4158,0.225688353,0.015100000000000002,0.5818,0.2672,4.0,3.0,4935.0,2.1384,0.5346,0.0189,11214.0,0.4401,0.75
S13003092,2,2017.0,69.04,0.4158,0.225688353,0.015100000000000002,0.5818,0.2672,6.0,3.0,4820.0,2.6678,0.4446,0.0189,11214.0,0.4298,0.5
S13003092,2,2017.0,69.04,0.4158,0.225688353,0.015100000000000002,0.5818,0.2672,4.0,3.0,4935.0,2.1384,0.5346,0.0189,11214.0,0.4401,0.75
S13003092,2,2022.0,56.95,0.4158,0.225688353,0.015100000000000002,0.5818,0.2672,4.0,3.0,4935.0,2.1384,0.5346,0.0189,10713.0,0.4607,0.75
S13003092,3,2017.0,85.71,0.4158,0.225688353,0.015100000000000002,0.5818,0.2672,6.0,3.0,4820.0,2.6678,0.4446,0.0189,11214.0,0.4298,0.5
S13003092,3,2017.0,85.71,0.4158,0.225688353,0.015100000000000002,0.5818,0.2672,4.0,3.0,4935.0,2.1384,0.5346,0.0189,11214.0,0.4401,0.75
S13003092,3,2022.0,74.64,0.4158,0.225688353,0.015100000000000002,0.5818,0.2672,4.0,3.0,4935.0,2.1384,0.5346,0.0189,10713.0,0.4607,0.75
S13003093,0,2022.0,17.22,0.4278,0.244860467,0.013900000000000023,0.5902,0.2733,6.0,3.0,4282.0,2.855,0.4758,0.0204,9268.0,0.462,0.5
S13003093,0,2017.0,3.94,0.4278,0.244860467,0.013900000000000023,0.5902,0.2733,6.0,3.0,4282.0,2.855,0.4758,0.0204,10028.0,0.427,0.5
S13003093,0,2017.0,3.94,0.4278,0.244860467,0.013900000000000023,0.5902,0.2733,5.0,3.0,4347.0,2.5857,0.5171,0.0204,10028.0,0.4335,0.6
S13003093,1,2017.0,3.94,0.4278,0.244860467,0.013900000000000023,0.5902,0.2733,5.0,3.0,4347.0,2.5857,0.5171,0.0204,10028.0,0.4335,0.6
S13003093,2,2017.0,64.09,0.4278,0.244860467,0.013900000000000023,0.5902,0.2733,6.0,3.0,4282.0,2.855,0.4758,0.0204,10028.0,0.427,0.5
S13003093,2,2017.0,64.09,0.4278,0.244860467,0.013900000000000023,0.5902,0.2733,5.0,3.0,4347.0,2.5857,0.5171,0.0204,10028.0,0.4335,0.6
S13003093,3,2017.0,85.37,0.4278,0.244860467,0.013900000000000023,0.5902,0.2733,6.0,3.0,4282.0,2.855,0.4758,0.0204,10028.0,0.427,0.5
S13003093,3,2017.0,85.37,0.4278,0.244860467,0.013900000000000023,0.5902,0.2733,5.0,3.0,4347.0,2.5857,0.5171,0.0204,10028.0,0.4335,0.6
S13003093,3,2022.0,84.50999999999999,0.4278,0.244860467,0.013900000000000023,0.5902,0.2733,6.0,3.0,4282.0,2.855,0.4758,0.0204,9268.0,0.462,0.5
S13003093,2,2022.0,52.89,0.4278,0.244860467,0.013900000000000023,0.5902,0.2733,5.0,3.0,4347.0,2.5857,0.5171,0.0204,9268.0,0.469,0.6
S13003093,2,2022.0,52.89,0.4278,0.244860467,0.013900000000000023,0.5902,0.2733,6.0,3.0,4282.0,2.855,0.4758,0.0204,9268.0,0.462,0.5
S13003093,1,2022.0,8.02,0.4278,0.244860467,0.013900000000000023,0.5902,0.2733,5.0,3.0,4347.0,2.5857,0.5171,0.0204,9268.0,0.469,0.6
S13003093,1,2022.0,8.02,0.4278,0.244860467,0.013900000000000023,0.5902,0.2733,6.0,3.0,4282.0,2.855,0.4758,0.0204,9268.0,0.462,0.5
S13003093,0,2022.0,17.22,0.4278,0.244860467,0.013900000000000023,0.5902,0.2733,5.0,3.0,4347.0,2.5857,0.5171,0.0204,9268.0,0.469,0.6
S13003093,1,2017.0,3.94,0.4278,0.244860467,0.013900000000000023,0.5902,0.2733,6.0,3.0,4282.0,2.855,0.4758,0.0204,10028.0,0.427,0.5
S13003093,3,2022.0,84.50999999999999,0.4278,0.244860467,0.013900000000000023,0.5902,0.2733,5.0,3.0,4347.0,2.5857,0.5171,0.0204,9268.0,0.469,0.6
S13003094,2,2017.0,59.88,0.4241,0.282833021,0.019000000000000017,0.5591,0.2149,6.0,3.0,4531.0,2.8607,0.4768,0.0204,9366.0,0.4838,0.5
S13003094,3,2017.0,85.54,0.4241,0.282833021,0.019000000000000017,0.5591,0.2149,6.0,3.0,4531.0,2.8607,0.4768,0.0204,9366.0,0.4838,0.5
S13003094,3,2017.0,85.54,0.4241,0.282833021,0.019000000000000017,0.5591,0.2149,7.0,3.0,4056.0,2.9448,0.4207,0.0204,9366.0,0.4331,0.4286
S13003094,0,2022.0,16.13,0.4241,0.282833021,0.019000000000000017,0.5591,0.2149,7.0,3.0,4056.0,2.9448,0.4207,0.0204,8796.0,0.4611,0.4286
S13003094,2,2017.0,59.88,0.4241,0.282833021,0.019000000000000017,0.5591,0.2149,7.0,3.0,4056.0,2.9448,0.4207,0.0204,9366.0,0.4331,0.4286
S13003094,1,2017.0,9.899999999999999,0.4241,0.282833021,0.019000000000000017,0.5591,0.2149,6.0,3.0,4531.0,2.8607,0.4768,0.0204,9366.0,0.4838,0.5
S13003094,1,2017.0,9.899999999999999,0.4241,0.282833021,0.019000000000000017,0.5591,0.2149,7.0,3.0,4056.0,2.9448,0.4207,0.0204,9366.0,0.4331,0.4286
S13003094,0,2017.0,21.619999999999997,0.4241,0.282833021,0.019000000000000017,0.5591,0.2149,6.0,3.0,4531.0,2.8607,0.4768,0.0204,9366.0,0.4838,0.5
S13003094,0,2017.0,21.619999999999997,0.4241,0.282833021,0.019000000000000017,0.5591,0.2149,7.0,3.0,4056.0,2.9448,0.4207,0.0204,9366.0,0.4331,0.4286
S13003094,1,2022.0,13.25,0.4241,0.282833021,0.019000000000000017,0.5591,0.2149,7.0,3.0,4056.0,2.9448,0.4207,0.0204,8796.0,0.4611,0.4286
S13003094,0,2022.0,16.13,0.4241,0.282833021,0.019000000000000017,0.5591,0.2149,6.0,3.0,4531.0,2.8607,0.4768,0.0204,8796.0,0.5151,0.5
S13003094,1,2022.0,13.25,0.4241,0.282833021,0.019000000000000017,0.5591,0.2149,6.0,3.0,4531.0,2.8607,0.4768,0.0204,8796.0,0.5151,0.5
S13003094,2,2022.0,56.33,0.4241,0.282833021,0.019000000000000017,0.5591,0.2149,7.0,3.0,4056.0,2.9448,0.4207,0.0204,8796.0,0.4611,0.4286
S13003094,2,2022.0,56.33,0.4241,0.282833021,0.019000000000000017,0.5591,0.2149,6.0,3.0,4531.0,2.8607,0.4768,0.0204,8796.0,0.5151,0.5
S13003094,3,2022.0,79.31,0.4241,0.282833021,0.019000000000000017,0.5591,0.2149,7.0,3.0,4056.0,2.9448,0.4207,0.0204,8796.0,0.4611,0.4286
S13003094,3,2022.0,79.31,0.4241,0.282833021,0.019000000000000017,0.5591,0.2149,6.0,3.0,4531.0,2.8607,0.4768,0.0204,8796.0,0.5151,0.5
S13003095,0,2017.0,17.65,0.4568,0.218385605,0.012900000000000023,0.5809,0.2878,8.0,4.0,7246.0,3.1387,0.3923,0.0142,15764.0,0.4597,0.5
S13003095,1,2017.0,9.74,0.4568,0.218385605,0.012900000000000023,0.5809,0.2878,8.0,4.0,7246.0,3.1387,0.3923,0.0142,15764.0,0.4597,0.5
S13003095,0,2017.0,17.65,0.4568,0.218385605,0.012900000000000023,0.5809,0.2878,7.0,4.0,7393.0,3.2329,0.4618,0.0142,15764.0,0.469,0.5714
S13003095,2,2017.0,75.09,0.4568,0.218385605,0.012900000000000023,0.5809,0.2878,8.0,4.0,7246.0,3.1387,0.3923,0.0142,15764.0,0.4597,0.5
S13003095,2,2017.0,75.09,0.4568,0.218385605,0.012900000000000023,0.5809,0.2878,7.0,4.0,7393.0,3.2329,0.4618,0.0142,15764.0,0.469,0.5714
S13003095,3,2017.0,97.68,0.4568,0.218385605,0.012900000000000023,0.5809,0.2878,8.0,4.0,7246.0,3.1387,0.3923,0.0142,15764.0,0.4597,0.5
S13003095,3,2017.0,97.68,0.4568,0.218385605,0.012900000000000023,0.5809,0.2878,7.0,4.0,7393.0,3.2329,0.4618,0.0142,15764.0,0.469,0.5714
S13003095,1,2017.0,9.74,0.4568,0.218385605,0.012900000000000023,0.5809,0.2878,7.0,4.0,7393.0,3.2329,0.4618,0.0142,15764.0,0.469,0.5714
S13003095,3,2022.0,97.58,0.4568,0.218385605,0.012900000000000023,0.5809,0.2878,7.0,4.0,7393.0,3.2329,0.4618,0.0142,15736.0,0.4698,0.5714
S13003095,2,2022.0,69.84,0.4568,0.218385605,0.012900000000000023,0.5809,0.2878,7.0,4.0,7393.0,3.2329,0.4618,0.0142,15736.0,0.4698,0.5714
S13003095,2,2022.0,69.84,0.4568,0.218385605,0.012900000000000023,0.5809,0.2878,8.0,4.0,7246.0,3.1387,0.3923,0.0142,15736.0,0.4605,0.5
S13003095,1,2022.0,2.87,0.4568,0.218385605,0.012900000000000023,0.5809,0.2878,7.0,4.0,7393.0,3.2329,0.4618,0.0142,15736.0,0.4698,0.5714
S13003095,1,2022.0,2.87,0.4568,0.218385605,0.012900000000000023,0.5809,0.2878,8.0,4.0,7246.0,3.1387,0.3923,0.0142,15736.0,0.4605,0.5
S13003095,0,2022.0,4.96,0.4568,0.218385605,0.012900000000000023,0.5809,0.2878,7.0,4.0,7393.0,3.2329,0.4618,0.0142,15736.0,0.4698,0.5714
S13003095,0,2022.0,4.96,0.4568,0.218385605,0.012900000000000023,0.5809,0.2878,8.0,4.0,7246.0,3.1387,0.3923,0.0142,15736.0,0.4605,0.5
S13003095,3,2022.0,97.58,0.4568,0.218385605,0.012900000000000023,0.5809,0.2878,8.0,4.0,7246.0,3.1387,0.3923,0.0142,15736.0,0.4605,0.5
S13003096,2,2017.0,0.0,0.4362,0.24831309,0.016100000000000003,0.5734,0.2902,5.0,3.0,5686.0,2.497,0.4994,0.0182,12672.0,0.4487,0.6
S13003096,2,2017.0,0.0,0.4362,0.24831309,0.016100000000000003,0.5734,0.2902,7.0,3.0,6115.0,2.9526,0.4218,0.0182,12672.0,0.4826,0.4286
S13003096,1,2017.0,0.0,0.4362,0.24831309,0.016100000000000003,0.5734,0.2902,5.0,3.0,5686.0,2.497,0.4994,0.0182,12672.0,0.4487,0.6
S13003096,1,2017.0,0.0,0.4362,0.24831309,0.016100000000000003,0.5734,0.2902,7.0,3.0,6115.0,2.9526,0.4218,0.0182,12672.0,0.4826,0.4286
S13003096,0,2017.0,0.0,0.4362,0.24831309,0.016100000000000003,0.5734,0.2902,5.0,3.0,5686.0,2.497,0.4994,0.0182,12672.0,0.4487,0.6
S13003096,3,2017.0,0.0,0.4362,0.24831309,0.016100000000000003,0.5734,0.2902,5.0,3.0,5686.0,2.497,0.4994,0.0182,12672.0,0.4487,0.6
S13003096,3,2017.0,0.0,0.4362,0.24831309,0.016100000000000003,0.5734,0.2902,7.0,3.0,6115.0,2.9526,0.4218,0.0182,12672.0,0.4826,0.4286
S13003096,3,2022.0,0.0,0.4362,0.24831309,0.016100000000000003,0.5734,0.2902,7.0,3.0,6115.0,2.9526,0.4218,0.0182,11762.0,0.5199,0.4286
S13003096,0,2022.0,0.0,0.4362,0.24831309,0.016100000000000003,0.5734,0.2902,7.0,3.0,6115.0,2.9526,0.4218,0.0182,11762.0,0.5199,0.4286
S13003096,0,2022.0,0.0,0.4362,0.24831309,0.016100000000000003,0.5734,0.2902,5.0,3.0,5686.0,2.497,0.4994,0.0182,11762.0,0.4834,0.6
S13003096,1,2022.0,0.0,0.4362,0.24831309,0.016100000000000003,0.5734,0.2902,7.0,3.0,6115.0,2.9526,0.4218,0.0182,11762.0,0.5199,0.4286
S13003096,1,2022.0,0.0,0.4362,0.24831309,0.016100000000000003,0.5734,0.2902,5.0,3.0,5686.0,2.497,0.4994,0.0182,11762.0,0.4834,0.6
S13003096,2,2022.0,0.0,0.4362,0.24831309,0.016100000000000003,0.5734,0.2902,7.0,3.0,6115.0,2.9526,0.4218,0.0182,11762.0,0.5199,0.4286
S13003096,0,2017.0,0.0,0.4362,0.24831309,0.016100000000000003,0.5734,0.2902,7.0,3.0,6115.0,2.9526,0.4218,0.0182,12672.0,0.4826,0.4286
S13003096,3,2022.0,0.0,0.4362,0.24831309,0.016100000000000003,0.5734,0.2902,5.0,3.0,5686.0,2.497,0.4994,0.0182,11762.0,0.4834,0.6
S13003096,2,2022.0,0.0,0.4362,0.24831309,0.016100000000000003,0.5734,0.2902,5.0,3.0,5686.0,2.497,0.4994,0.0182,11762.0,0.4834,0.6
S13003097,2,2017.0,61.13,0.4157,0.227016313,0.0049000000000000155,0.5935,0.3269,8.0,3.0,5289.0,3.1781,0.3973,0.017,10937.0,0.4836,0.375
S13003097,0,2017.0,24.47,0.4157,0.227016313,0.0049000000000000155,0.5935,0.3269,8.0,3.0,5289.0,3.1781,0.3973,0.017,10937.0,0.4836,0.375
S13003097,3,2017.0,86.34,0.4157,0.227016313,0.0049000000000000155,0.5935,0.3269,8.0,3.0,5289.0,3.1781,0.3973,0.017,10937.0,0.4836,0.375
S13003097,1,2017.0,10.96,0.4157,0.227016313,0.0049000000000000155,0.5935,0.3269,8.0,3.0,5431.0,3.2215,0.4027,0.017,10937.0,0.4966,0.375
S13003097,3,2017.0,86.34,0.4157,0.227016313,0.0049000000000000155,0.5935,0.3269,8.0,3.0,5431.0,3.2215,0.4027,0.017,10937.0,0.4966,0.375
S13003097,1,2017.0,10.96,0.4157,0.227016313,0.0049000000000000155,0.5935,0.3269,8.0,3.0,5289.0,3.1781,0.3973,0.017,10937.0,0.4836,0.375
S13003097,2,2017.0,61.13,0.4157,0.227016313,0.0049000000000000155,0.5935,0.3269,8.0,3.0,5431.0,3.2215,0.4027,0.017,10937.0,0.4966,0.375
S13003097,0,2017.0,24.47,0.4157,0.227016313,0.0049000000000000155,0.5935,0.3269,8.0,3.0,5431.0,3.2215,0.4027,0.017,10937.0,0.4966,0.375
S13003097,3,2022.0,85.57,0.4157,0.227016313,0.0049000000000000155,0.5935,0.3269,8.0,3.0,5289.0,3.1781,0.3973,0.017,10562.0,0.5008,0.375
S13003097,3,2022.0,85.57,0.4157,0.227016313,0.0049000000000000155,0.5935,0.3269,8.0,3.0,5431.0,3.2215,0.4027,0.017,10562.0,0.5142,0.375
S13003097,2,2022.0,54.4,0.4157,0.227016313,0.0049000000000000155,0.5935,0.3269,8.0,3.0,5289.0,3.1781,0.3973,0.017,10562.0,0.5008,0.375
S13003097,2,2022.0,54.4,0.4157,0.227016313,0.0049000000000000155,0.5935,0.3269,8.0,3.0,5431.0,3.2215,0.4027,0.017,10562.0,0.5142,0.375
S13003097,1,2022.0,9.370000000000001,0.4157,0.227016313,0.0049000000000000155,0.5935,0.3269,8.0,3.0,5289.0,3.1781,0.3973,0.017,10562.0,0.5008,0.375
S13003097,1,2022.0,9.370000000000001,0.4157,0.227016313,0.0049000000000000155,0.5935,0.3269,8.0,3.0,5431.0,3.2215,0.4027,0.017,10562.0,0.5142,0.375
S13003097,0,2022.0,21.28,0.4157,0.227016313,0.0049000000000000155,0.5935,0.3269,8.0,3.0,5289.0,3.1781,0.3973,0.017,10562.0,0.5008,0.375
S13003097,0,2022.0,21.28,0.4157,0.227016313,0.0049000000000000155,0.5935,0.3269,8.0,3.0,5431.0,3.2215,0.4027,0.017,10562.0,0.5142,0.375
S13003098,1,2017.0,7.73,0.423,0.220805642,0.007499999999999951,0.5633,0.2218,8.0,3.0,5260.0,3.1779,0.3972,0.0191,11970.0,0.4394,0.375
S13003098,2,2017.0,16.03,0.423,0.220805642,0.007499999999999951,0.5633,0.2218,9.0,3.0,5452.0,3.0547,0.3394,0.0191,11970.0,0.4555,0.3333
S13003098,2,2017.0,16.03,0.423,0.220805642,0.007499999999999951,0.5633,0.2218,8.0,3.0,5260.0,3.1779,0.3972,0.0191,11970.0,0.4394,0.375
S13003098,1,2017.0,7.73,0.423,0.220805642,0.007499999999999951,0.5633,0.2218,9.0,3.0,5452.0,3.0547,0.3394,0.0191,11970.0,0.4555,0.3333
S13003098,0,2017.0,12.56,0.423,0.220805642,0.007499999999999951,0.5633,0.2218,9.0,3.0,5452.0,3.0547,0.3394,0.0191,11970.0,0.4555,0.3333
S13003098,2,2022.0,55.25,0.423,0.220805642,0.007499999999999951,0.5633,0.2218,9.0,3.0,5452.0,3.0547,0.3394,0.0191,11591.0,0.4704,0.3333
S13003098,3,2022.0,78.74,0.423,0.220805642,0.007499999999999951,0.5633,0.2218,8.0,3.0,5260.0,3.1779,0.3972,0.0191,11591.0,0.4538,0.375
S13003098,3,2022.0,78.74,0.423,0.220805642,0.007499999999999951,0.5633,0.2218,9.0,3.0,5452.0,3.0547,0.3394,0.0191,11591.0,0.4704,0.3333
S13003098,2,2022.0,55.25,0.423,0.220805642,0.007499999999999951,0.5633,0.2218,8.0,3.0,5260.0,3.1779,0.3972,0.0191,11591.0,0.4538,0.375
S13003098,3,2017.0,39.51,0.423,0.220805642,0.007499999999999951,0.5633,0.2218,9.0,3.0,5452.0,3.0547,0.3394,0.0191,11970.0,0.4555,0.3333
S13003098,1,2022.0,9.9,0.423,0.220805642,0.007499999999999951,0.5633,0.2218,8.0,3.0,5260.0,3.1779,0.3972,0.0191,11591.0,0.4538,0.375
S13003098,1,2022.0,9.9,0.423,0.220805642,0.007499999999999951,0.5633,0.2218,9.0,3.0,5452.0,3.0547,0.3394,0.0191,11591.0,0.4704,0.3333
S13003098,0,2022.0,22.450000000000003,0.423,0.220805642,0.007499999999999951,0.5633,0.2218,8.0,3.0,5260.0,3.1779,0.3972,0.0191,11591.0,0.4538,0.375
S13003098,0,2022.0,22.450000000000003,0.423,0.220805642,0.007499999999999951,0.5633,0.2218,9.0,3.0,5452.0,3.0547,0.3394,0.0191,11591.0,0.4704,0.3333
S13003098,0,2017.0,12.56,0.423,0.220805642,0.007499999999999951,0.5633,0.2218,8.0,3.0,5260.0,3.1779,0.3972,0.0191,11970.0,0.4394,0.375
S13003098,3,2017.0,39.51,0.423,0.220805642,0.007499999999999951,0.5633,0.2218,8.0,3.0,5260.0,3.1779,0.3972,0.0191,11970.0,0.4394,0.375
S13003099,2,2022.0,44.89,0.4417,0.201526799,0.014000000000000012,0.6157,0.3534,8.0,3.0,6546.0,3.1218,0.3902,0.0133,15030.0,0.4355,0.375
S13003099,0,2017.0,15.170000000000002,0.4417,0.201526799,0.014000000000000012,0.6157,0.3534,7.0,3.0,6869.0,2.9782,0.4255,0.0133,13512.0,0.5084,0.4286
S13003099,1,2017.0,13.010000000000002,0.4417,0.201526799,0.014000000000000012,0.6157,0.3534,8.0,3.0,6546.0,3.1218,0.3902,0.0133,13512.0,0.4845,0.375
S13003099,1,2017.0,13.010000000000002,0.4417,0.201526799,0.014000000000000012,0.6157,0.3534,7.0,3.0,6869.0,2.9782,0.4255,0.0133,13512.0,0.5084,0.4286
S13003099,2,2017.0,55.03,0.4417,0.201526799,0.014000000000000012,0.6157,0.3534,8.0,3.0,6546.0,3.1218,0.3902,0.0133,13512.0,0.4845,0.375
S13003099,2,2017.0,55.03,0.4417,0.201526799,0.014000000000000012,0.6157,0.3534,7.0,3.0,6869.0,2.9782,0.4255,0.0133,13512.0,0.5084,0.4286
S13003099,3,2017.0,76.03,0.4417,0.201526799,0.014000000000000012,0.6157,0.3534,8.0,3.0,6546.0,3.1218,0.3902,0.0133,13512.0,0.4845,0.375
S13003099,3,2017.0,76.03,0.4417,0.201526799,0.014000000000000012,0.6157,0.3534,7.0,3.0,6869.0,2.9782,0.4255,0.0133,13512.0,0.5084,0.4286
S13003099,2,2022.0,44.89,0.4417,0.201526799,0.014000000000000012,0.6157,0.3534,7.0,3.0,6869.0,2.9782,0.4255,0.0133,15030.0,0.457,0.4286
S13003099,3,2022.0,80.16,0.4417,0.201526799,0.014000000000000012,0.6157,0.3534,8.0,3.0,6546.0,3.1218,0.3902,0.0133,15030.0,0.4355,0.375
S13003099,1,2022.0,5.12,0.4417,0.201526799,0.014000000000000012,0.6157,0.3534,7.0,3.0,6869.0,2.9782,0.4255,0.0133,15030.0,0.457,0.4286
S13003099,1,2022.0,5.12,0.4417,0.201526799,0.014000000000000012,0.6157,0.3534,8.0,3.0,6546.0,3.1218,0.3902,0.0133,15030.0,0.4355,0.375
S13003099,0,2022.0,16.64,0.4417,0.201526799,0.014000000000000012,0.6157,0.3534,7.0,3.0,6869.0,2.9782,0.4255,0.0133,15030.0,0.457,0.4286
S13003099,0,2022.0,16.64,0.4417,0.201526799,0.014000000000000012,0.6157,0.3534,8.0,3.0,6546.0,3.1218,0.3902,0.0133,15030.0,0.4355,0.375
S13003099,0,2017.0,15.170000000000002,0.4417,0.201526799,0.014000000000000012,0.6157,0.3534,8.0,3.0,6546.0,3.1218,0.3902,0.0133,13512.0,0.4845,0.375
S13003099,3,2022.0,80.16,0.4417,0.201526799,0.014000000000000012,0.6157,0.3534,7.0,3.0,6869.0,2.9782,0.4255,0.0133,15030.0,0.457,0.4286
S13003100,2,2022.0,59.98,0.4077,0.169190099,0.02180000000000004,0.5581,0.2498,8.0,3.0,5227.0,3.2126,0.4016,0.0185,12666.0,0.4127,0.375
S13003100,0,2022.0,22.44,0.4077,0.169190099,0.02180000000000004,0.5581,0.2498,9.0,3.0,5274.0,3.1902,0.3545,0.0185,12666.0,0.4164,0.3333
S13003100,3,2017.0,66.92999999999999,0.4077,0.169190099,0.02180000000000004,0.5581,0.2498,9.0,3.0,5274.0,3.1902,0.3545,0.0185,12920.0,0.4082,0.3333
S13003100,3,2017.0,66.92999999999999,0.4077,0.169190099,0.02180000000000004,0.5581,0.2498,8.0,3.0,5227.0,3.2126,0.4016,0.0185,12920.0,0.4046,0.375
S13003100,2,2017.0,51.48,0.4077,0.169190099,0.02180000000000004,0.5581,0.2498,9.0,3.0,5274.0,3.1902,0.3545,0.0185,12920.0,0.4082,0.3333
S13003100,0,2022.0,22.44,0.4077,0.169190099,0.02180000000000004,0.5581,0.2498,8.0,3.0,5227.0,3.2126,0.4016,0.0185,12666.0,0.4127,0.375
S13003100,1,2017.0,6.4,0.4077,0.169190099,0.02180000000000004,0.5581,0.2498,9.0,3.0,5274.0,3.1902,0.3545,0.0185,12920.0,0.4082,0.3333
S13003100,1,2017.0,6.4,0.4077,0.169190099,0.02180000000000004,0.5581,0.2498,8.0,3.0,5227.0,3.2126,0.4016,0.0185,12920.0,0.4046,0.375
S13003100,2,2017.0,51.48,0.4077,0.169190099,0.02180000000000004,0.5581,0.2498,8.0,3.0,5227.0,3.2126,0.4016,0.0185,12920.0,0.4046,0.375
S13003100,0,2017.0,6.4,0.4077,0.169190099,0.02180000000000004,0.5581,0.2498,8.0,3.0,5227.0,3.2126,0.4016,0.0185,12920.0,0.4046,0.375
S13003100,3,2022.0,87.9,0.4077,0.169190099,0.02180000000000004,0.5581,0.2498,9.0,3.0,5274.0,3.1902,0.3545,0.0185,12666.0,0.4164,0.3333
S13003100,3,2022.0,87.9,0.4077,0.169190099,0.02180000000000004,0.5581,0.2498,8.0,3.0,5227.0,3.2126,0.4016,0.0185,12666.0,0.4127,0.375
S13003100,2,2022.0,59.98,0.4077,0.169190099,0.02180000000000004,0.5581,0.2498,9.0,3.0,5274.0,3.1902,0.3545,0.0185,12666.0,0.4164,0.3333
S13003100,1,2022.0,6.8100000000000005,0.4077,0.169190099,0.02180000000000004,0.5581,0.2498,9.0,3.0,5274.0,3.1902,0.3545,0.0185,12666.0,0.4164,0.3333
S13003100,1,2022.0,6.8100000000000005,0.4077,0.169190099,0.02180000000000004,0.5581,0.2498,8.0,3.0,5227.0,3.2126,0.4016,0.0185,12666.0,0.4127,0.375
S13003100,0,2017.0,6.4,0.4077,0.169190099,0.02180000000000004,0.5581,0.2498,9.0,3.0,5274.0,3.1902,0.3545,0.0185,12920.0,0.4082,0.3333
S13003101,0,2017.0,24.36,0.408,0.19838818,0.019199999999999995,0.4904,0.2149,9.0,3.0,5202.0,3.2186,0.3576,0.0183,13725.0,0.379,0.3333
S13003101,1,2017.0,8.76,0.408,0.19838818,0.019199999999999995,0.4904,0.2149,7.0,3.0,5439.0,3.1737,0.4534,0.0183,13725.0,0.3963,0.4286
S13003101,3,2017.0,88.47,0.408,0.19838818,0.019199999999999995,0.4904,0.2149,9.0,3.0,5202.0,3.2186,0.3576,0.0183,13725.0,0.379,0.3333
S13003101,3,2017.0,88.47,0.408,0.19838818,0.019199999999999995,0.4904,0.2149,7.0,3.0,5439.0,3.1737,0.4534,0.0183,13725.0,0.3963,0.4286
S13003101,2,2017.0,57.55,0.408,0.19838818,0.019199999999999995,0.4904,0.2149,9.0,3.0,5202.0,3.2186,0.3576,0.0183,13725.0,0.379,0.3333
S13003101,0,2017.0,24.36,0.408,0.19838818,0.019199999999999995,0.4904,0.2149,7.0,3.0,5439.0,3.1737,0.4534,0.0183,13725.0,0.3963,0.4286
S13003101,1,2017.0,8.76,0.408,0.19838818,0.019199999999999995,0.4904,0.2149,9.0,3.0,5202.0,3.2186,0.3576,0.0183,13725.0,0.379,0.3333
S13003101,0,2022.0,25.29,0.408,0.19838818,0.019199999999999995,0.4904,0.2149,7.0,3.0,5439.0,3.1737,0.4534,0.0183,11901.0,0.457,0.4286
S13003101,0,2022.0,25.29,0.408,0.19838818,0.019199999999999995,0.4904,0.2149,9.0,3.0,5202.0,3.2186,0.3576,0.0183,11901.0,0.4371,0.3333
S13003101,1,2022.0,10.02,0.408,0.19838818,0.019199999999999995,0.4904,0.2149,7.0,3.0,5439.0,3.1737,0.4534,0.0183,11901.0,0.457,0.4286
S13003101,1,2022.0,10.02,0.408,0.19838818,0.019199999999999995,0.4904,0.2149,9.0,3.0,5202.0,3.2186,0.3576,0.0183,11901.0,0.4371,0.3333
S13003101,2,2022.0,70.55000000000001,0.408,0.19838818,0.019199999999999995,0.4904,0.2149,7.0,3.0,5439.0,3.1737,0.4534,0.0183,11901.0,0.457,0.4286
S13003101,2,2022.0,70.55000000000001,0.408,0.19838818,0.019199999999999995,0.4904,0.2149,9.0,3.0,5202.0,3.2186,0.3576,0.0183,11901.0,0.4371,0.3333
S13003101,3,2022.0,90.64,0.408,0.19838818,0.019199999999999995,0.4904,0.2149,7.0,3.0,5439.0,3.1737,0.4534,0.0183,11901.0,0.457,0.4286
S13003101,3,2022.0,90.64,0.408,0.19838818,0.019199999999999995,0.4904,0.2149,9.0,3.0,5202.0,3.2186,0.3576,0.0183,11901.0,0.4371,0.3333
S13003101,2,2017.0,57.55,0.408,0.19838818,0.019199999999999995,0.4904,0.2149,7.0,3.0,5439.0,3.1737,0.4534,0.0183,13725.0,0.3963,0.4286
S13003102,0,2017.0,25.15,0.4284,0.2136452,0.013399999999999967,0.499,0.2765,7.0,3.0,5705.0,3.1909,0.4558,0.0151,14416.0,0.3957,0.4286
S13003102,0,2017.0,25.15,0.4284,0.2136452,0.013399999999999967,0.499,0.2765,7.0,1.0,3405.0,2.4461,0.3494,0.0151,14416.0,0.2362,0.1429
S13003102,1,2017.0,6.3100000000000005,0.4284,0.2136452,0.013399999999999967,0.499,0.2765,8.0,3.0,6199.0,3.2765,0.4096,0.0151,14416.0,0.43,0.375
S13003102,1,2017.0,6.3100000000000005,0.4284,0.2136452,0.013399999999999967,0.499,0.2765,7.0,3.0,5705.0,3.1909,0.4558,0.0151,14416.0,0.3957,0.4286
S13003102,2,2017.0,60.97,0.4284,0.2136452,0.013399999999999967,0.499,0.2765,7.0,1.0,3405.0,2.4461,0.3494,0.0151,14416.0,0.2362,0.1429
S13003102,2,2017.0,60.97,0.4284,0.2136452,0.013399999999999967,0.499,0.2765,8.0,3.0,6199.0,3.2765,0.4096,0.0151,14416.0,0.43,0.375
S13003102,2,2017.0,60.97,0.4284,0.2136452,0.013399999999999967,0.499,0.2765,7.0,3.0,5705.0,3.1909,0.4558,0.0151,14416.0,0.3957,0.4286
S13003102,3,2017.0,85.01,0.4284,0.2136452,0.013399999999999967,0.499,0.2765,7.0,1.0,3405.0,2.4461,0.3494,0.0151,14416.0,0.2362,0.1429
S13003102,1,2017.0,6.3100000000000005,0.4284,0.2136452,0.013399999999999967,0.499,0.2765,7.0,1.0,3405.0,2.4461,0.3494,0.0151,14416.0,0.2362,0.1429
S13003102,0,2017.0,25.15,0.4284,0.2136452,0.013399999999999967,0.499,0.2765,8.0,3.0,6199.0,3.2765,0.4096,0.0151,14416.0,0.43,0.375
S13003102,3,2022.0,90.5,0.4284,0.2136452,0.013399999999999967,0.499,0.2765,8.0,3.0,6199.0,3.2765,0.4096,0.0151,12750.0,0.4862,0.375
S13003102,3,2022.0,90.5,0.4284,0.2136452,0.013399999999999967,0.499,0.2765,7.0,3.0,5705.0,3.1909,0.4558,0.0151,12750.0,0.4475,0.4286
S13003102,3,2017.0,85.01,0.4284,0.2136452,0.013399999999999967,0.499,0.2765,7.0,3.0,5705.0,3.1909,0.4558,0.0151,14416.0,0.3957,0.4286
S13003102,2,2022.0,73.8,0.4284,0.2136452,0.013399999999999967,0.499,0.2765,7.0,1.0,3405.0,2.4461,0.3494,0.0151,12750.0,0.2671,0.1429
S13003102,2,2022.0,73.8,0.4284,0.2136452,0.013399999999999967,0.499,0.2765,7.0,3.0,5705.0,3.1909,0.4558,0.0151,12750.0,0.4475,0.4286
S13003102,2,2022.0,73.8,0.4284,0.2136452,0.013399999999999967,0.499,0.2765,8.0,3.0,6199.0,3.2765,0.4096,0.0151,12750.0,0.4862,0.375
S13003102,1,2022.0,11.959999999999999,0.4284,0.2136452,0.013399999999999967,0.499,0.2765,7.0,1.0,3405.0,2.4461,0.3494,0.0151,12750.0,0.2671,0.1429
S13003102,1,2022.0,11.959999999999999,0.4284,0.2136452,0.013399999999999967,0.499,0.2765,7.0,3.0,5705.0,3.1909,0.4558,0.0151,12750.0,0.4475,0.4286
S13003102,1,2022.0,11.959999999999999,0.4284,0.2136452,0.013399999999999967,0.499,0.2765,8.0,3.0,6199.0,3.2765,0.4096,0.0151,12750.0,0.4862,0.375
S13003102,0,2022.0,25.68,0.4284,0.2136452,0.013399999999999967,0.499,0.2765,7.0,1.0,3405.0,2.4461,0.3494,0.0151,12750.0,0.2671,0.1429
S13003102,0,2022.0,25.68,0.4284,0.2136452,0.013399999999999967,0.499,0.2765,7.0,3.0,5705.0,3.1909,0.4558,0.0151,12750.0,0.4475,0.4286
S13003102,0,2022.0,25.68,0.4284,0.2136452,0.013399999999999967,0.499,0.2765,8.0,3.0,6199.0,3.2765,0.4096,0.0151,12750.0,0.4862,0.375
S13003102,3,2022.0,90.5,0.4284,0.2136452,0.013399999999999967,0.499,0.2765,7.0,1.0,3405.0,2.4461,0.3494,0.0151,12750.0,0.2671,0.1429
S13003102,3,2017.0,85.01,0.4284,0.2136452,0.013399999999999967,0.499,0.2765,8.0,3.0,6199.0,3.2765,0.4096,0.0151,14416.0,0.43,0.375
S13003103,3,2022.0,79.3,0.4581,0.20187707,0.014599999999999946,0.6578,0.4056,8.0,3.0,6709.0,3.008,0.376,0.0104,13375.0,0.5016,0.375
S13003103,3,2022.0,79.3,0.4581,0.20187707,0.014599999999999946,0.6578,0.4056,7.0,3.0,6342.0,2.9845,0.4264,0.0104,13375.0,0.4742,0.4286
S13003103,2,2022.0,41.9,0.4581,0.20187707,0.014599999999999946,0.6578,0.4056,8.0,3.0,6709.0,3.008,0.376,0.0104,13375.0,0.5016,0.375
S13003103,2,2022.0,41.9,0.4581,0.20187707,0.014599999999999946,0.6578,0.4056,7.0,3.0,6342.0,2.9845,0.4264,0.0104,13375.0,0.4742,0.4286
S13003103,0,2017.0,12.32,0.4581,0.20187707,0.014599999999999946,0.6578,0.4056,8.0,3.0,6709.0,3.008,0.376,0.0104,11383.0,0.5894,0.375
S13003103,1,2017.0,10.68,0.4581,0.20187707,0.014599999999999946,0.6578,0.4056,7.0,3.0,6342.0,2.9845,0.4264,0.0104,11383.0,0.5571,0.4286
S13003103,1,2017.0,10.68,0.4581,0.20187707,0.014599999999999946,0.6578,0.4056,8.0,3.0,6709.0,3.008,0.376,0.0104,11383.0,0.5894,0.375
S13003103,2,2017.0,57.989999999999995,0.4581,0.20187707,0.014599999999999946,0.6578,0.4056,7.0,3.0,6342.0,2.9845,0.4264,0.0104,11383.0,0.5571,0.4286
S13003103,2,2017.0,57.989999999999995,0.4581,0.20187707,0.014599999999999946,0.6578,0.4056,8.0,3.0,6709.0,3.008,0.376,0.0104,11383.0,0.5894,0.375
S13003103,3,2017.0,77.85,0.4581,0.20187707,0.014599999999999946,0.6578,0.4056,7.0,3.0,6342.0,2.9845,0.4264,0.0104,11383.0,0.5571,0.4286
S13003103,3,2017.0,77.85,0.4581,0.20187707,0.014599999999999946,0.6578,0.4056,8.0,3.0,6709.0,3.008,0.376,0.0104,11383.0,0.5894,0.375
S13003103,1,2022.0,5.220000000000001,0.4581,0.20187707,0.014599999999999946,0.6578,0.4056,8.0,3.0,6709.0,3.008,0.376,0.0104,13375.0,0.5016,0.375
S13003103,1,2022.0,5.220000000000001,0.4581,0.20187707,0.014599999999999946,0.6578,0.4056,7.0,3.0,6342.0,2.9845,0.4264,0.0104,13375.0,0.4742,0.4286
S13003103,0,2022.0,16.89,0.4581,0.20187707,0.014599999999999946,0.6578,0.4056,8.0,3.0,6709.0,3.008,0.376,0.0104,13375.0,0.5016,0.375
S13003103,0,2022.0,16.89,0.4581,0.20187707,0.014599999999999946,0.6578,0.4056,7.0,3.0,6342.0,2.9845,0.4264,0.0104,13375.0,0.4742,0.4286
S13003103,0,2017.0,12.32,0.4581,0.20187707,0.014599999999999946,0.6578,0.4056,7.0,3.0,6342.0,2.9845,0.4264,0.0104,11383.0,0.5571,0.4286
S13003104,1,2022.0,9.83,0.4361,0.211329791,0.009499999999999953,0.4953,0.2539,8.0,3.0,5068.0,3.2603,0.4075,0.0198,10801.0,0.4692,0.375
S13003104,3,2017.0,86.19,0.4361,0.211329791,0.009499999999999953,0.4953,0.2539,8.0,3.0,5068.0,3.2603,0.4075,0.0198,11539.0,0.4392,0.375
S13003104,0,2017.0,25.77,0.4361,0.211329791,0.009499999999999953,0.4953,0.2539,7.0,3.0,4921.0,3.1681,0.4526,0.0198,11539.0,0.4265,0.4286
S13003104,1,2022.0,9.83,0.4361,0.211329791,0.009499999999999953,0.4953,0.2539,7.0,3.0,4921.0,3.1681,0.4526,0.0198,10801.0,0.4556,0.4286
S13003104,2,2022.0,55.86,0.4361,0.211329791,0.009499999999999953,0.4953,0.2539,8.0,3.0,5068.0,3.2603,0.4075,0.0198,10801.0,0.4692,0.375
S13003104,2,2022.0,55.86,0.4361,0.211329791,0.009499999999999953,0.4953,0.2539,7.0,3.0,4921.0,3.1681,0.4526,0.0198,10801.0,0.4556,0.4286
S13003104,3,2022.0,86.91,0.4361,0.211329791,0.009499999999999953,0.4953,0.2539,8.0,3.0,5068.0,3.2603,0.4075,0.0198,10801.0,0.4692,0.375
S13003104,3,2022.0,86.91,0.4361,0.211329791,0.009499999999999953,0.4953,0.2539,7.0,3.0,4921.0,3.1681,0.4526,0.0198,10801.0,0.4556,0.4286
S13003104,0,2017.0,25.77,0.4361,0.211329791,0.009499999999999953,0.4953,0.2539,8.0,3.0,5068.0,3.2603,0.4075,0.0198,11539.0,0.4392,0.375
S13003104,0,2022.0,23.72,0.4361,0.211329791,0.009499999999999953,0.4953,0.2539,8.0,3.0,5068.0,3.2603,0.4075,0.0198,10801.0,0.4692,0.375
S13003104,2,2017.0,68.28999999999999,0.4361,0.211329791,0.009499999999999953,0.4953,0.2539,7.0,3.0,4921.0,3.1681,0.4526,0.0198,11539.0,0.4265,0.4286
S13003104,3,2017.0,86.19,0.4361,0.211329791,0.009499999999999953,0.4953,0.2539,7.0,3.0,4921.0,3.1681,0.4526,0.0198,11539.0,0.4265,0.4286
S13003104,0,2022.0,23.72,0.4361,0.211329791,0.009499999999999953,0.4953,0.2539,7.0,3.0,4921.0,3.1681,0.4526,0.0198,10801.0,0.4556,0.4286
S13003104,2,2017.0,68.28999999999999,0.4361,0.211329791,0.009499999999999953,0.4953,0.2539,8.0,3.0,5068.0,3.2603,0.4075,0.0198,11539.0,0.4392,0.375
S13003104,1,2017.0,6.949999999999999,0.4361,0.211329791,0.009499999999999953,0.4953,0.2539,7.0,3.0,4921.0,3.1681,0.4526,0.0198,11539.0,0.4265,0.4286
S13003104,1,2017.0,6.949999999999999,0.4361,0.211329791,0.009499999999999953,0.4953,0.2539,8.0,3.0,5068.0,3.2603,0.4075,0.0198,11539.0,0.4392,0.375
S13003105,3,2022.0,87.75,0.481,0.223883599,0.03249999999999997,0.5326,0.3002,7.0,3.0,5729.0,2.9988,0.4284,0.0186,11658.0,0.4914,0.4286
S13003105,3,2022.0,87.75,0.481,0.223883599,0.03249999999999997,0.5326,0.3002,6.0,3.0,5806.0,2.8345,0.4724,0.0186,11658.0,0.498,0.5
S13003105,2,2022.0,61.28,0.481,0.223883599,0.03249999999999997,0.5326,0.3002,7.0,3.0,5729.0,2.9988,0.4284,0.0186,11658.0,0.4914,0.4286
S13003105,0,2017.0,6.38,0.481,0.223883599,0.03249999999999997,0.5326,0.3002,6.0,3.0,5806.0,2.8345,0.4724,0.0186,12579.0,0.4616,0.5
S13003105,2,2022.0,61.28,0.481,0.223883599,0.03249999999999997,0.5326,0.3002,6.0,3.0,5806.0,2.8345,0.4724,0.0186,11658.0,0.498,0.5
S13003105,1,2022.0,1.45,0.481,0.223883599,0.03249999999999997,0.5326,0.3002,7.0,3.0,5729.0,2.9988,0.4284,0.0186,11658.0,0.4914,0.4286
S13003105,1,2022.0,1.45,0.481,0.223883599,0.03249999999999997,0.5326,0.3002,6.0,3.0,5806.0,2.8345,0.4724,0.0186,11658.0,0.498,0.5
S13003105,0,2022.0,1.45,0.481,0.223883599,0.03249999999999997,0.5326,0.3002,7.0,3.0,5729.0,2.9988,0.4284,0.0186,11658.0,0.4914,0.4286
S13003105,0,2022.0,1.45,0.481,0.223883599,0.03249999999999997,0.5326,0.3002,6.0,3.0,5806.0,2.8345,0.4724,0.0186,11658.0,0.498,0.5
S13003105,0,2017.0,6.38,0.481,0.223883599,0.03249999999999997,0.5326,0.3002,7.0,3.0,5729.0,2.9988,0.4284,0.0186,12579.0,0.4554,0.4286
S13003105,2,2017.0,62.02,0.481,0.223883599,0.03249999999999997,0.5326,0.3002,7.0,3.0,5729.0,2.9988,0.4284,0.0186,12579.0,0.4554,0.4286
S13003105,3,2017.0,86.91,0.481,0.223883599,0.03249999999999997,0.5326,0.3002,7.0,3.0,5729.0,2.9988,0.4284,0.0186,12579.0,0.4554,0.4286
S13003105,3,2017.0,86.91,0.481,0.223883599,0.03249999999999997,0.5326,0.3002,6.0,3.0,5806.0,2.8345,0.4724,0.0186,12579.0,0.4616,0.5
S13003105,2,2017.0,62.02,0.481,0.223883599,0.03249999999999997,0.5326,0.3002,6.0,3.0,5806.0,2.8345,0.4724,0.0186,12579.0,0.4616,0.5
S13003105,1,2017.0,6.38,0.481,0.223883599,0.03249999999999997,0.5326,0.3002,6.0,3.0,5806.0,2.8345,0.4724,0.0186,12579.0,0.4616,0.5
S13003105,1,2017.0,6.38,0.481,0.223883599,0.03249999999999997,0.5326,0.3002,7.0,3.0,5729.0,2.9988,0.4284,0.0186,12579.0,0.4554,0.4286
S13003106,0,2022.0,27.03,0.4799,0.23476938,0.01429999999999998,0.4595,0.2569,7.0,3.0,5141.0,3.2747,0.4678,0.0204,11660.0,0.4409,0.4286
S13003106,3,2022.0,87.89,0.4799,0.23476938,0.01429999999999998,0.4595,0.2569,7.0,3.0,5141.0,3.2747,0.4678,0.0204,11660.0,0.4409,0.4286
S13003106,2,2017.0,54.56,0.4799,0.23476938,0.01429999999999998,0.4595,0.2569,7.0,3.0,5141.0,3.2747,0.4678,0.0204,12578.0,0.4087,0.4286
S13003106,2,2022.0,62.21,0.4799,0.23476938,0.01429999999999998,0.4595,0.2569,7.0,3.0,5076.0,3.316,0.4737,0.0204,11660.0,0.4353,0.4286
S13003106,2,2022.0,62.21,0.4799,0.23476938,0.01429999999999998,0.4595,0.2569,7.0,3.0,5141.0,3.2747,0.4678,0.0204,11660.0,0.4409,0.4286
S13003106,1,2022.0,12.309999999999999,0.4799,0.23476938,0.01429999999999998,0.4595,0.2569,7.0,3.0,5076.0,3.316,0.4737,0.0204,11660.0,0.4353,0.4286
S13003106,0,2017.0,23.950000000000003,0.4799,0.23476938,0.01429999999999998,0.4595,0.2569,7.0,3.0,5141.0,3.2747,0.4678,0.0204,12578.0,0.4087,0.4286
S13003106,0,2017.0,23.950000000000003,0.4799,0.23476938,0.01429999999999998,0.4595,0.2569,7.0,3.0,5076.0,3.316,0.4737,0.0204,12578.0,0.4036,0.4286
S13003106,1,2017.0,10.06,0.4799,0.23476938,0.01429999999999998,0.4595,0.2569,7.0,3.0,5141.0,3.2747,0.4678,0.0204,12578.0,0.4087,0.4286
S13003106,1,2017.0,10.06,0.4799,0.23476938,0.01429999999999998,0.4595,0.2569,7.0,3.0,5076.0,3.316,0.4737,0.0204,12578.0,0.4036,0.4286
S13003106,3,2022.0,87.89,0.4799,0.23476938,0.01429999999999998,0.4595,0.2569,7.0,3.0,5076.0,3.316,0.4737,0.0204,11660.0,0.4353,0.4286
S13003106,1,2022.0,12.309999999999999,0.4799,0.23476938,0.01429999999999998,0.4595,0.2569,7.0,3.0,5141.0,3.2747,0.4678,0.0204,11660.0,0.4409,0.4286
S13003106,0,2022.0,27.03,0.4799,0.23476938,0.01429999999999998,0.4595,0.2569,7.0,3.0,5076.0,3.316,0.4737,0.0204,11660.0,0.4353,0.4286
S13003106,3,2017.0,83.89,0.4799,0.23476938,0.01429999999999998,0.4595,0.2569,7.0,3.0,5141.0,3.2747,0.4678,0.0204,12578.0,0.4087,0.4286
S13003106,3,2017.0,83.89,0.4799,0.23476938,0.01429999999999998,0.4595,0.2569,7.0,3.0,5076.0,3.316,0.4737,0.0204,12578.0,0.4036,0.4286
S13003106,2,2017.0,54.56,0.4799,0.23476938,0.01429999999999998,0.4595,0.2569,7.0,3.0,5076.0,3.316,0.4737,0.0204,12578.0,0.4036,0.4286
S13003107,1,2017.0,7.5,0.4704,0.187625933,0.0121,0.5246,0.3109,8.0,3.0,5529.0,3.181,0.3976,0.0193,11967.0,0.462,0.375
S13003107,1,2017.0,7.5,0.4704,0.187625933,0.0121,0.5246,0.3109,6.0,3.0,5735.0,3.0895,0.5149,0.0193,11967.0,0.4792,0.5
S13003107,2,2017.0,45.269999999999996,0.4704,0.187625933,0.0121,0.5246,0.3109,8.0,3.0,5529.0,3.181,0.3976,0.0193,11967.0,0.462,0.375
S13003107,2,2017.0,45.269999999999996,0.4704,0.187625933,0.0121,0.5246,0.3109,6.0,3.0,5735.0,3.0895,0.5149,0.0193,11967.0,0.4792,0.5
S13003107,3,2017.0,72.25999999999999,0.4704,0.187625933,0.0121,0.5246,0.3109,8.0,3.0,5529.0,3.181,0.3976,0.0193,11967.0,0.462,0.375
S13003107,0,2022.0,18.56,0.4704,0.187625933,0.0121,0.5246,0.3109,8.0,3.0,5529.0,3.181,0.3976,0.0193,12900.0,0.4286,0.375
S13003107,0,2022.0,18.56,0.4704,0.187625933,0.0121,0.5246,0.3109,6.0,3.0,5735.0,3.0895,0.5149,0.0193,12900.0,0.4446,0.5
S13003107,1,2022.0,6.6899999999999995,0.4704,0.187625933,0.0121,0.5246,0.3109,8.0,3.0,5529.0,3.181,0.3976,0.0193,12900.0,0.4286,0.375
S13003107,1,2022.0,6.6899999999999995,0.4704,0.187625933,0.0121,0.5246,0.3109,6.0,3.0,5735.0,3.0895,0.5149,0.0193,12900.0,0.4446,0.5
S13003107,2,2022.0,54.21,0.4704,0.187625933,0.0121,0.5246,0.3109,8.0,3.0,5529.0,3.181,0.3976,0.0193,12900.0,0.4286,0.375
S13003107,2,2022.0,54.21,0.4704,0.187625933,0.0121,0.5246,0.3109,6.0,3.0,5735.0,3.0895,0.5149,0.0193,12900.0,0.4446,0.5
S13003107,3,2022.0,90.03,0.4704,0.187625933,0.0121,0.5246,0.3109,8.0,3.0,5529.0,3.181,0.3976,0.0193,12900.0,0.4286,0.375
S13003107,3,2022.0,90.03,0.4704,0.187625933,0.0121,0.5246,0.3109,6.0,3.0,5735.0,3.0895,0.5149,0.0193,12900.0,0.4446,0.5
S13003107,0,2017.0,10.71,0.4704,0.187625933,0.0121,0.5246,0.3109,6.0,3.0,5735.0,3.0895,0.5149,0.0193,11967.0,0.4792,0.5
S13003107,3,2017.0,72.25999999999999,0.4704,0.187625933,0.0121,0.5246,0.3109,6.0,3.0,5735.0,3.0895,0.5149,0.0193,11967.0,0.4792,0.5
S13003107,0,2017.0,10.71,0.4704,0.187625933,0.0121,0.5246,0.3109,8.0,3.0,5529.0,3.181,0.3976,0.0193,11967.0,0.462,0.375
S13003108,2,2022.0,29.11,0.4219,0.099732226,0.013499999999999956,0.544,0.2925,8.0,3.0,4736.0,3.4685,0.4336,0.0176,13435.0,0.3525,0.375
S13003108,3,2017.0,89.66,0.4219,0.099732226,0.013499999999999956,0.544,0.2925,8.0,3.0,5104.0,3.4226,0.4278,0.0176,12308.0,0.4147,0.375
S13003108,3,2017.0,89.66,0.4219,0.099732226,0.013499999999999956,0.544,0.2925,8.0,3.0,4736.0,3.4685,0.4336,0.0176,12308.0,0.3848,0.375
S13003108,2,2017.0,74.6,0.4219,0.099732226,0.013499999999999956,0.544,0.2925,8.0,3.0,5104.0,3.4226,0.4278,0.0176,12308.0,0.4147,0.375
S13003108,2,2017.0,74.6,0.4219,0.099732226,0.013499999999999956,0.544,0.2925,8.0,3.0,4736.0,3.4685,0.4336,0.0176,12308.0,0.3848,0.375
S13003108,1,2017.0,9.4,0.4219,0.099732226,0.013499999999999956,0.544,0.2925,8.0,3.0,5104.0,3.4226,0.4278,0.0176,12308.0,0.4147,0.375
S13003108,1,2017.0,9.4,0.4219,0.099732226,0.013499999999999956,0.544,0.2925,8.0,3.0,4736.0,3.4685,0.4336,0.0176,12308.0,0.3848,0.375
S13003108,0,2017.0,25.880000000000003,0.4219,0.099732226,0.013499999999999956,0.544,0.2925,8.0,3.0,5104.0,3.4226,0.4278,0.0176,12308.0,0.4147,0.375
S13003108,0,2017.0,25.880000000000003,0.4219,0.099732226,0.013499999999999956,0.544,0.2925,8.0,3.0,4736.0,3.4685,0.4336,0.0176,12308.0,0.3848,0.375
S13003108,3,2022.0,63.07,0.4219,0.099732226,0.013499999999999956,0.544,0.2925,8.0,3.0,5104.0,3.4226,0.4278,0.0176,13435.0,0.3799,0.375
S13003108,3,2022.0,63.07,0.4219,0.099732226,0.013499999999999956,0.544,0.2925,8.0,3.0,4736.0,3.4685,0.4336,0.0176,13435.0,0.3525,0.375
S13003108,2,2022.0,29.11,0.4219,0.099732226,0.013499999999999956,0.544,0.2925,8.0,3.0,5104.0,3.4226,0.4278,0.0176,13435.0,0.3799,0.375
S13003108,0,2022.0,22.619999999999997,0.4219,0.099732226,0.013499999999999956,0.544,0.2925,8.0,3.0,4736.0,3.4685,0.4336,0.0176,13435.0,0.3525,0.375
S13003108,0,2022.0,22.619999999999997,0.4219,0.099732226,0.013499999999999956,0.544,0.2925,8.0,3.0,5104.0,3.4226,0.4278,0.0176,13435.0,0.3799,0.375
S13003108,1,2022.0,7.42,0.4219,0.099732226,0.013499999999999956,0.544,0.2925,8.0,3.0,5104.0,3.4226,0.4278,0.0176,13435.0,0.3799,0.375
S13003108,1,2022.0,7.42,0.4219,0.099732226,0.013499999999999956,0.544,0.2925,8.0,3.0,4736.0,3.4685,0.4336,0.0176,13435.0,0.3525,0.375
S13003109,2,2022.0,60.91,0.5215,0.209575598,0.019399999999999973,0.4983,0.1959,8.0,3.0,5362.0,3.0602,0.3825,0.0201,12812.0,0.4185,0.375
S13003109,0,2022.0,6.0,0.5215,0.209575598,0.019399999999999973,0.4983,0.1959,7.0,3.0,5206.0,3.2758,0.468,0.0201,12812.0,0.4063,0.4286
S13003109,1,2022.0,6.0,0.5215,0.209575598,0.019399999999999973,0.4983,0.1959,8.0,3.0,5362.0,3.0602,0.3825,0.0201,12812.0,0.4185,0.375
S13003109,1,2022.0,6.0,0.5215,0.209575598,0.019399999999999973,0.4983,0.1959,7.0,3.0,5206.0,3.2758,0.468,0.0201,12812.0,0.4063,0.4286
S13003109,2,2022.0,60.91,0.5215,0.209575598,0.019399999999999973,0.4983,0.1959,7.0,3.0,5206.0,3.2758,0.468,0.0201,12812.0,0.4063,0.4286
S13003109,3,2022.0,93.1,0.5215,0.209575598,0.019399999999999973,0.4983,0.1959,8.0,3.0,5362.0,3.0602,0.3825,0.0201,12812.0,0.4185,0.375
S13003109,3,2022.0,93.1,0.5215,0.209575598,0.019399999999999973,0.4983,0.1959,7.0,3.0,5206.0,3.2758,0.468,0.0201,12812.0,0.4063,0.4286
S13003109,3,2017.0,88.31,0.5215,0.209575598,0.019399999999999973,0.4983,0.1959,8.0,3.0,5362.0,3.0602,0.3825,0.0201,13455.0,0.3985,0.375
S13003109,2,2017.0,56.27,0.5215,0.209575598,0.019399999999999973,0.4983,0.1959,7.0,3.0,5206.0,3.2758,0.468,0.0201,13455.0,0.3869,0.4286
S13003109,2,2017.0,56.27,0.5215,0.209575598,0.019399999999999973,0.4983,0.1959,8.0,3.0,5362.0,3.0602,0.3825,0.0201,13455.0,0.3985,0.375
S13003109,1,2017.0,9.309999999999999,0.5215,0.209575598,0.019399999999999973,0.4983,0.1959,7.0,3.0,5206.0,3.2758,0.468,0.0201,13455.0,0.3869,0.4286
S13003109,1,2017.0,9.309999999999999,0.5215,0.209575598,0.019399999999999973,0.4983,0.1959,8.0,3.0,5362.0,3.0602,0.3825,0.0201,13455.0,0.3985,0.375
S13003109,0,2017.0,21.0,0.5215,0.209575598,0.019399999999999973,0.4983,0.1959,7.0,3.0,5206.0,3.2758,0.468,0.0201,13455.0,0.3869,0.4286
S13003109,0,2017.0,21.0,0.5215,0.209575598,0.019399999999999973,0.4983,0.1959,8.0,3.0,5362.0,3.0602,0.3825,0.0201,13455.0,0.3985,0.375
S13003109,0,2022.0,6.0,0.5215,0.209575598,0.019399999999999973,0.4983,0.1959,8.0,3.0,5362.0,3.0602,0.3825,0.0201,12812.0,0.4185,0.375
S13003109,3,2017.0,88.31,0.5215,0.209575598,0.019399999999999973,0.4983,0.1959,7.0,3.0,5206.0,3.2758,0.468,0.0201,13455.0,0.3869,0.4286
S13003110,1,2017.0,5.27,0.5686,0.244368601,0.025699999999999945,0.6051,0.4142,6.0,3.0,5248.0,2.8809,0.4802,0.0136,10802.0,0.4858,0.5
S13003110,0,2017.0,5.68,0.5686,0.244368601,0.025699999999999945,0.6051,0.4142,6.0,3.0,5381.0,2.9589,0.4932,0.0136,10802.0,0.4981,0.5
S13003110,3,2022.0,80.97,0.5686,0.244368601,0.025699999999999945,0.6051,0.4142,6.0,3.0,5248.0,2.8809,0.4802,0.0136,10726.0,0.4893,0.5
S13003110,3,2022.0,80.97,0.5686,0.244368601,0.025699999999999945,0.6051,0.4142,6.0,3.0,5381.0,2.9589,0.4932,0.0136,10726.0,0.5017,0.5
S13003110,0,2017.0,5.68,0.5686,0.244368601,0.025699999999999945,0.6051,0.4142,6.0,3.0,5248.0,2.8809,0.4802,0.0136,10802.0,0.4858,0.5
S13003110,1,2022.0,11.04,0.5686,0.244368601,0.025699999999999945,0.6051,0.4142,6.0,3.0,5381.0,2.9589,0.4932,0.0136,10726.0,0.5017,0.5
S13003110,1,2022.0,11.04,0.5686,0.244368601,0.025699999999999945,0.6051,0.4142,6.0,3.0,5248.0,2.8809,0.4802,0.0136,10726.0,0.4893,0.5
S13003110,2,2022.0,57.94,0.5686,0.244368601,0.025699999999999945,0.6051,0.4142,6.0,3.0,5381.0,2.9589,0.4932,0.0136,10726.0,0.5017,0.5
S13003110,0,2022.0,14.399999999999999,0.5686,0.244368601,0.025699999999999945,0.6051,0.4142,6.0,3.0,5248.0,2.8809,0.4802,0.0136,10726.0,0.4893,0.5
S13003110,0,2022.0,14.399999999999999,0.5686,0.244368601,0.025699999999999945,0.6051,0.4142,6.0,3.0,5381.0,2.9589,0.4932,0.0136,10726.0,0.5017,0.5
S13003110,2,2022.0,57.94,0.5686,0.244368601,0.025699999999999945,0.6051,0.4142,6.0,3.0,5248.0,2.8809,0.4802,0.0136,10726.0,0.4893,0.5
S13003110,1,2017.0,5.27,0.5686,0.244368601,0.025699999999999945,0.6051,0.4142,6.0,3.0,5381.0,2.9589,0.4932,0.0136,10802.0,0.4981,0.5
S13003110,2,2017.0,61.22,0.5686,0.244368601,0.025699999999999945,0.6051,0.4142,6.0,3.0,5248.0,2.8809,0.4802,0.0136,10802.0,0.4858,0.5
S13003110,3,2017.0,81.88,0.5686,0.244368601,0.025699999999999945,0.6051,0.4142,6.0,3.0,5381.0,2.9589,0.4932,0.0136,10802.0,0.4981,0.5
S13003110,3,2017.0,81.88,0.5686,0.244368601,0.025699999999999945,0.6051,0.4142,6.0,3.0,5248.0,2.8809,0.4802,0.0136,10802.0,0.4858,0.5
S13003110,2,2017.0,61.22,0.5686,0.244368601,0.025699999999999945,0.6051,0.4142,6.0,3.0,5381.0,2.9589,0.4932,0.0136,10802.0,0.4981,0.5
S13003111,0,2022.0,22.55,0.5089,0.211698239,0.01429999999999998,0.4938,0.3064,8.0,3.0,4790.0,3.2411,0.4051,0.0183,12008.0,0.3989,0.375
S13003111,0,2022.0,22.55,0.5089,0.211698239,0.01429999999999998,0.4938,0.3064,6.0,3.0,4757.0,2.823,0.4705,0.0183,12008.0,0.3962,0.5
S13003111,1,2022.0,8.23,0.5089,0.211698239,0.01429999999999998,0.4938,0.3064,8.0,3.0,4790.0,3.2411,0.4051,0.0183,12008.0,0.3989,0.375
S13003111,1,2022.0,8.23,0.5089,0.211698239,0.01429999999999998,0.4938,0.3064,6.0,3.0,4757.0,2.823,0.4705,0.0183,12008.0,0.3962,0.5
S13003111,2,2022.0,62.67,0.5089,0.211698239,0.01429999999999998,0.4938,0.3064,8.0,3.0,4790.0,3.2411,0.4051,0.0183,12008.0,0.3989,0.375
S13003111,2,2022.0,62.67,0.5089,0.211698239,0.01429999999999998,0.4938,0.3064,6.0,3.0,4757.0,2.823,0.4705,0.0183,12008.0,0.3962,0.5
S13003111,1,2017.0,1.76,0.5089,0.211698239,0.01429999999999998,0.4938,0.3064,6.0,3.0,4757.0,2.823,0.4705,0.0183,12866.0,0.3697,0.5
S13003111,1,2017.0,1.76,0.5089,0.211698239,0.01429999999999998,0.4938,0.3064,8.0,3.0,4790.0,3.2411,0.4051,0.0183,12866.0,0.3723,0.375
S13003111,0,2017.0,3.76,0.5089,0.211698239,0.01429999999999998,0.4938,0.3064,8.0,3.0,4790.0,3.2411,0.4051,0.0183,12866.0,0.3723,0.375
S13003111,0,2017.0,3.76,0.5089,0.211698239,0.01429999999999998,0.4938,0.3064,6.0,3.0,4757.0,2.823,0.4705,0.0183,12866.0,0.3697,0.5
S13003111,3,2017.0,76.24,0.5089,0.211698239,0.01429999999999998,0.4938,0.3064,6.0,3.0,4757.0,2.823,0.4705,0.0183,12866.0,0.3697,0.5
S13003111,3,2017.0,76.24,0.5089,0.211698239,0.01429999999999998,0.4938,0.3064,8.0,3.0,4790.0,3.2411,0.4051,0.0183,12866.0,0.3723,0.375
S13003111,2,2017.0,51.54,0.5089,0.211698239,0.01429999999999998,0.4938,0.3064,6.0,3.0,4757.0,2.823,0.4705,0.0183,12866.0,0.3697,0.5
S13003111,2,2017.0,51.54,0.5089,0.211698239,0.01429999999999998,0.4938,0.3064,8.0,3.0,4790.0,3.2411,0.4051,0.0183,12866.0,0.3723,0.375
S13003111,3,2022.0,88.02,0.5089,0.211698239,0.01429999999999998,0.4938,0.3064,8.0,3.0,4790.0,3.2411,0.4051,0.0183,12008.0,0.3989,0.375
S13003111,3,2022.0,88.02,0.5089,0.211698239,0.01429999999999998,0.4938,0.3064,6.0,3.0,4757.0,2.823,0.4705,0.0183,12008.0,0.3962,0.5
S13003112,0,2022.0,15.25,0.4881,0.159439423,0.008700000000000041,0.5249,0.271,7.0,4.0,5352.0,3.2564,0.4652,0.0194,15225.0,0.3515,0.5714
S13003112,1,2022.0,8.18,0.4881,0.159439423,0.008700000000000041,0.5249,0.271,7.0,4.0,5352.0,3.2564,0.4652,0.0194,15225.0,0.3515,0.5714
S13003112,1,2022.0,8.18,0.4881,0.159439423,0.008700000000000041,0.5249,0.271,7.0,4.0,5823.0,3.3641,0.4806,0.0194,15225.0,0.3825,0.5714
S13003112,2,2022.0,65.52000000000001,0.4881,0.159439423,0.008700000000000041,0.5249,0.271,7.0,4.0,5352.0,3.2564,0.4652,0.0194,15225.0,0.3515,0.5714
S13003112,0,2022.0,15.25,0.4881,0.159439423,0.008700000000000041,0.5249,0.271,7.0,4.0,5823.0,3.3641,0.4806,0.0194,15225.0,0.3825,0.5714
S13003112,2,2022.0,65.52000000000001,0.4881,0.159439423,0.008700000000000041,0.5249,0.271,7.0,4.0,5823.0,3.3641,0.4806,0.0194,15225.0,0.3825,0.5714
S13003112,3,2022.0,88.81,0.4881,0.159439423,0.008700000000000041,0.5249,0.271,7.0,4.0,5823.0,3.3641,0.4806,0.0194,15225.0,0.3825,0.5714
S13003112,2,2017.0,68.83,0.4881,0.159439423,0.008700000000000041,0.5249,0.271,7.0,4.0,5823.0,3.3641,0.4806,0.0194,14896.0,0.3909,0.5714
S13003112,1,2017.0,1.96,0.4881,0.159439423,0.008700000000000041,0.5249,0.271,7.0,4.0,5352.0,3.2564,0.4652,0.0194,14896.0,0.3593,0.5714
S13003112,1,2017.0,1.96,0.4881,0.159439423,0.008700000000000041,0.5249,0.271,7.0,4.0,5823.0,3.3641,0.4806,0.0194,14896.0,0.3909,0.5714
S13003112,2,2017.0,68.83,0.4881,0.159439423,0.008700000000000041,0.5249,0.271,7.0,4.0,5352.0,3.2564,0.4652,0.0194,14896.0,0.3593,0.5714
S13003112,3,2017.0,96.71,0.4881,0.159439423,0.008700000000000041,0.5249,0.271,7.0,4.0,5352.0,3.2564,0.4652,0.0194,14896.0,0.3593,0.5714
S13003112,3,2017.0,96.71,0.4881,0.159439423,0.008700000000000041,0.5249,0.271,7.0,4.0,5823.0,3.3641,0.4806,0.0194,14896.0,0.3909,0.5714
S13003112,0,2017.0,3.71,0.4881,0.159439423,0.008700000000000041,0.5249,0.271,7.0,4.0,5823.0,3.3641,0.4806,0.0194,14896.0,0.3909,0.5714
S13003112,0,2017.0,3.71,0.4881,0.159439423,0.008700000000000041,0.5249,0.271,7.0,4.0,5352.0,3.2564,0.4652,0.0194,14896.0,0.3593,0.5714
S13003112,3,2022.0,88.81,0.4881,0.159439423,0.008700000000000041,0.5249,0.271,7.0,4.0,5352.0,3.2564,0.4652,0.0194,15225.0,0.3515,0.5714
S13003113,2,2017.0,78.17,0.5178,0.198606437,0.01759999999999995,0.5157,0.2565,7.0,4.0,7073.0,3.127,0.4467,0.0202,17463.0,0.405,0.5714
S13003113,0,2017.0,18.98,0.5178,0.198606437,0.01759999999999995,0.5157,0.2565,5.0,4.0,7306.0,2.7926,0.5585,0.0202,17463.0,0.4184,0.8
S13003113,0,2017.0,18.98,0.5178,0.198606437,0.01759999999999995,0.5157,0.2565,7.0,4.0,7073.0,3.127,0.4467,0.0202,17463.0,0.405,0.5714
S13003113,2,2017.0,78.17,0.5178,0.198606437,0.01759999999999995,0.5157,0.2565,5.0,4.0,7306.0,2.7926,0.5585,0.0202,17463.0,0.4184,0.8
S13003113,3,2017.0,97.31,0.5178,0.198606437,0.01759999999999995,0.5157,0.2565,7.0,4.0,7073.0,3.127,0.4467,0.0202,17463.0,0.405,0.5714
S13003113,3,2017.0,97.31,0.5178,0.198606437,0.01759999999999995,0.5157,0.2565,5.0,4.0,7306.0,2.7926,0.5585,0.0202,17463.0,0.4184,0.8
S13003113,0,2022.0,0.42,0.5178,0.198606437,0.01759999999999995,0.5157,0.2565,7.0,4.0,7073.0,3.127,0.4467,0.0202,16525.0,0.428,0.5714
S13003113,1,2017.0,5.74,0.5178,0.198606437,0.01759999999999995,0.5157,0.2565,5.0,4.0,7306.0,2.7926,0.5585,0.0202,17463.0,0.4184,0.8
S13003113,1,2017.0,5.74,0.5178,0.198606437,0.01759999999999995,0.5157,0.2565,7.0,4.0,7073.0,3.127,0.4467,0.0202,17463.0,0.405,0.5714
S13003113,0,2022.0,0.42,0.5178,0.198606437,0.01759999999999995,0.5157,0.2565,5.0,4.0,7306.0,2.7926,0.5585,0.0202,16525.0,0.4421,0.8
S13003113,2,2022.0,71.74,0.5178,0.198606437,0.01759999999999995,0.5157,0.2565,5.0,4.0,7306.0,2.7926,0.5585,0.0202,16525.0,0.4421,0.8
S13003113,1,2022.0,0.42,0.5178,0.198606437,0.01759999999999995,0.5157,0.2565,7.0,4.0,7073.0,3.127,0.4467,0.0202,16525.0,0.428,0.5714
S13003113,1,2022.0,0.42,0.5178,0.198606437,0.01759999999999995,0.5157,0.2565,5.0,4.0,7306.0,2.7926,0.5585,0.0202,16525.0,0.4421,0.8
S13003113,3,2022.0,94.26,0.5178,0.198606437,0.01759999999999995,0.5157,0.2565,5.0,4.0,7306.0,2.7926,0.5585,0.0202,16525.0,0.4421,0.8
S13003113,3,2022.0,94.26,0.5178,0.198606437,0.01759999999999995,0.5157,0.2565,7.0,4.0,7073.0,3.127,0.4467,0.0202,16525.0,0.428,0.5714
S13003113,2,2022.0,71.74,0.5178,0.198606437,0.01759999999999995,0.5157,0.2565,7.0,4.0,7073.0,3.127,0.4467,0.0202,16525.0,0.428,0.5714
S13003114,3,2022.0,94.66,0.4564,0.214124323,0.028100000000000014,0.5377,0.2092,9.0,4.0,6193.0,3.2516,0.3613,0.019,15019.0,0.4123,0.4444
S13003114,3,2022.0,94.66,0.4564,0.214124323,0.028100000000000014,0.5377,0.2092,9.0,4.0,6246.0,3.1888,0.3543,0.019,15019.0,0.4159,0.4444
S13003114,2,2022.0,72.45,0.4564,0.214124323,0.028100000000000014,0.5377,0.2092,9.0,4.0,6193.0,3.2516,0.3613,0.019,15019.0,0.4123,0.4444
S13003114,2,2022.0,72.45,0.4564,0.214124323,0.028100000000000014,0.5377,0.2092,9.0,4.0,6246.0,3.1888,0.3543,0.019,15019.0,0.4159,0.4444
S13003114,1,2022.0,9.920000000000002,0.4564,0.214124323,0.028100000000000014,0.5377,0.2092,9.0,4.0,6193.0,3.2516,0.3613,0.019,15019.0,0.4123,0.4444
S13003114,1,2022.0,9.920000000000002,0.4564,0.214124323,0.028100000000000014,0.5377,0.2092,9.0,4.0,6246.0,3.1888,0.3543,0.019,15019.0,0.4159,0.4444
S13003114,0,2022.0,17.71,0.4564,0.214124323,0.028100000000000014,0.5377,0.2092,9.0,4.0,6193.0,3.2516,0.3613,0.019,15019.0,0.4123,0.4444
S13003114,0,2022.0,17.71,0.4564,0.214124323,0.028100000000000014,0.5377,0.2092,9.0,4.0,6246.0,3.1888,0.3543,0.019,15019.0,0.4159,0.4444
S13003114,0,2017.0,9.870000000000001,0.4564,0.214124323,0.028100000000000014,0.5377,0.2092,9.0,4.0,6246.0,3.1888,0.3543,0.019,15267.0,0.4091,0.4444
S13003114,0,2017.0,9.870000000000001,0.4564,0.214124323,0.028100000000000014,0.5377,0.2092,9.0,4.0,6193.0,3.2516,0.3613,0.019,15267.0,0.4056,0.4444
S13003114,1,2017.0,8.31,0.4564,0.214124323,0.028100000000000014,0.5377,0.2092,9.0,4.0,6246.0,3.1888,0.3543,0.019,15267.0,0.4091,0.4444
S13003114,1,2017.0,8.31,0.4564,0.214124323,0.028100000000000014,0.5377,0.2092,9.0,4.0,6193.0,3.2516,0.3613,0.019,15267.0,0.4056,0.4444
S13003114,2,2017.0,59.849999999999994,0.4564,0.214124323,0.028100000000000014,0.5377,0.2092,9.0,4.0,6246.0,3.1888,0.3543,0.019,15267.0,0.4091,0.4444
S13003114,2,2017.0,59.849999999999994,0.4564,0.214124323,0.028100000000000014,0.5377,0.2092,9.0,4.0,6193.0,3.2516,0.3613,0.019,15267.0,0.4056,0.4444
S13003114,3,2017.0,78.41,0.4564,0.214124323,0.028100000000000014,0.5377,0.2092,9.0,4.0,6246.0,3.1888,0.3543,0.019,15267.0,0.4091,0.4444
S13003114,3,2017.0,78.41,0.4564,0.214124323,0.028100000000000014,0.5377,0.2092,9.0,4.0,6193.0,3.2516,0.3613,0.019,15267.0,0.4056,0.4444
S13003115,0,2022.0,26.45,0.3845,0.253171156,0.00649999999999995,0.6258,0.4199,7.0,3.0,5314.0,3.1368,0.4481,0.0123,9478.0,0.5607,0.4286
S13003115,3,2017.0,65.4,0.3845,0.253171156,0.00649999999999995,0.6258,0.4199,7.0,3.0,5314.0,3.1368,0.4481,0.0123,10064.0,0.528,0.4286
S13003115,1,2022.0,11.719999999999999,0.3845,0.253171156,0.00649999999999995,0.6258,0.4199,7.0,3.0,5314.0,3.1368,0.4481,0.0123,9478.0,0.5607,0.4286
S13003115,2,2017.0,50.03,0.3845,0.253171156,0.00649999999999995,0.6258,0.4199,7.0,3.0,5314.0,3.1368,0.4481,0.0123,10064.0,0.528,0.4286
S13003115,0,2017.0,10.899999999999999,0.3845,0.253171156,0.00649999999999995,0.6258,0.4199,7.0,3.0,5314.0,3.1368,0.4481,0.0123,10064.0,0.528,0.4286
S13003115,3,2022.0,90.44,0.3845,0.253171156,0.00649999999999995,0.6258,0.4199,7.0,3.0,5314.0,3.1368,0.4481,0.0123,9478.0,0.5607,0.4286
S13003115,1,2017.0,8.53,0.3845,0.253171156,0.00649999999999995,0.6258,0.4199,7.0,3.0,5314.0,3.1368,0.4481,0.0123,10064.0,0.528,0.4286
S13003115,2,2022.0,64.17,0.3845,0.253171156,0.00649999999999995,0.6258,0.4199,7.0,3.0,5314.0,3.1368,0.4481,0.0123,9478.0,0.5607,0.4286
S13003116,0,2017.0,13.330000000000002,0.3956,0.252662676,0.018399999999999972,0.6562,0.5041,7.0,3.0,6213.0,3.2022,0.4575,0.0123,10779.0,0.5764,0.4286
S13003116,1,2017.0,9.63,0.3956,0.252662676,0.018399999999999972,0.6562,0.5041,7.0,3.0,6213.0,3.2022,0.4575,0.0123,10779.0,0.5764,0.4286
S13003116,2,2017.0,45.03,0.3956,0.252662676,0.018399999999999972,0.6562,0.5041,7.0,3.0,6213.0,3.2022,0.4575,0.0123,10779.0,0.5764,0.4286
S13003116,3,2017.0,60.58,0.3956,0.252662676,0.018399999999999972,0.6562,0.5041,7.0,3.0,6213.0,3.2022,0.4575,0.0123,10779.0,0.5764,0.4286
S13003116,0,2022.0,21.240000000000002,0.3956,0.252662676,0.018399999999999972,0.6562,0.5041,7.0,3.0,6213.0,3.2022,0.4575,0.0123,10833.0,0.5735,0.4286
S13003116,2,2022.0,42.85,0.3956,0.252662676,0.018399999999999972,0.6562,0.5041,7.0,3.0,6213.0,3.2022,0.4575,0.0123,10833.0,0.5735,0.4286
S13003116,1,2022.0,10.16,0.3956,0.252662676,0.018399999999999972,0.6562,0.5041,7.0,3.0,6213.0,3.2022,0.4575,0.0123,10833.0,0.5735,0.4286
S13003116,3,2022.0,83.99000000000001,0.3956,0.252662676,0.018399999999999972,0.6562,0.5041,7.0,3.0,6213.0,3.2022,0.4575,0.0123,10833.0,0.5735,0.4286
S13003117,1,2022.0,7.760000000000001,0.4021,0.250912665,0.010700000000000043,0.6476,0.5509,7.0,4.0,6977.0,3.3534,0.4791,0.0141,11886.0,0.587,0.5714
S13003117,3,2022.0,89.58,0.4021,0.250912665,0.010700000000000043,0.6476,0.5509,7.0,4.0,6977.0,3.3534,0.4791,0.0141,11886.0,0.587,0.5714
S13003117,2,2022.0,55.510000000000005,0.4021,0.250912665,0.010700000000000043,0.6476,0.5509,7.0,4.0,6977.0,3.3534,0.4791,0.0141,11886.0,0.587,0.5714
S13003117,0,2022.0,17.76,0.4021,0.250912665,0.010700000000000043,0.6476,0.5509,7.0,4.0,6977.0,3.3534,0.4791,0.0141,11886.0,0.587,0.5714
S13003117,0,2017.0,14.690000000000001,0.4021,0.250912665,0.010700000000000043,0.6476,0.5509,7.0,4.0,6977.0,3.3534,0.4791,0.0141,14572.0,0.4788,0.5714
S13003117,1,2017.0,6.12,0.4021,0.250912665,0.010700000000000043,0.6476,0.5509,7.0,4.0,6977.0,3.3534,0.4791,0.0141,14572.0,0.4788,0.5714
S13003117,2,2017.0,60.879999999999995,0.4021,0.250912665,0.010700000000000043,0.6476,0.5509,7.0,4.0,6977.0,3.3534,0.4791,0.0141,14572.0,0.4788,0.5714
S13003117,3,2017.0,88.15,0.4021,0.250912665,0.010700000000000043,0.6476,0.5509,7.0,4.0,6977.0,3.3534,0.4791,0.0141,14572.0,0.4788,0.5714
S13003118,0,2017.0,13.04,0.3167,0.119409261,0.03620000000000001,0.3182,0.3669,8.0,4.0,4631.0,3.471,0.4339,0.0186,13988.0,0.3311,0.5
S13003118,0,2022.0,10.95,0.3167,0.119409261,0.03620000000000001,0.3182,0.3669,8.0,4.0,4631.0,3.471,0.4339,0.0186,11265.0,0.4111,0.5
S13003118,2,2017.0,62.769999999999996,0.3167,0.119409261,0.03620000000000001,0.3182,0.3669,8.0,4.0,4631.0,3.471,0.4339,0.0186,13988.0,0.3311,0.5
S13003118,3,2017.0,94.52,0.3167,0.119409261,0.03620000000000001,0.3182,0.3669,8.0,4.0,4631.0,3.471,0.4339,0.0186,13988.0,0.3311,0.5
S13003118,3,2022.0,96.32,0.3167,0.119409261,0.03620000000000001,0.3182,0.3669,8.0,4.0,4631.0,3.471,0.4339,0.0186,11265.0,0.4111,0.5
S13003118,2,2022.0,68.72,0.3167,0.119409261,0.03620000000000001,0.3182,0.3669,8.0,4.0,4631.0,3.471,0.4339,0.0186,11265.0,0.4111,0.5
S13003118,1,2017.0,6.23,0.3167,0.119409261,0.03620000000000001,0.3182,0.3669,8.0,4.0,4631.0,3.471,0.4339,0.0186,13988.0,0.3311,0.5
S13003118,1,2022.0,5.33,0.3167,0.119409261,0.03620000000000001,0.3182,0.3669,8.0,4.0,4631.0,3.471,0.4339,0.0186,11265.0,0.4111,0.5
S13003119,0,2022.0,12.940000000000001,0.4019,0.227711127,0.017000000000000015,0.5781,0.4336,6.0,3.0,5251.0,2.8732,0.4789,0.0144,10242.0,0.5127,0.5
S13003119,1,2022.0,11.57,0.4019,0.227711127,0.017000000000000015,0.5781,0.4336,6.0,3.0,5251.0,2.8732,0.4789,0.0144,10242.0,0.5127,0.5
S13003119,2,2022.0,43.83,0.4019,0.227711127,0.017000000000000015,0.5781,0.4336,6.0,3.0,5251.0,2.8732,0.4789,0.0144,10242.0,0.5127,0.5
S13003119,3,2022.0,78.89,0.4019,0.227711127,0.017000000000000015,0.5781,0.4336,6.0,3.0,5251.0,2.8732,0.4789,0.0144,10242.0,0.5127,0.5
S13003119,3,2017.0,77.11,0.4019,0.227711127,0.017000000000000015,0.5781,0.4336,6.0,3.0,5251.0,2.8732,0.4789,0.0144,10518.0,0.4992,0.5
S13003119,0,2017.0,12.97,0.4019,0.227711127,0.017000000000000015,0.5781,0.4336,6.0,3.0,5251.0,2.8732,0.4789,0.0144,10518.0,0.4992,0.5
S13003119,1,2017.0,11.56,0.4019,0.227711127,0.017000000000000015,0.5781,0.4336,6.0,3.0,5251.0,2.8732,0.4789,0.0144,10518.0,0.4992,0.5
S13003119,2,2017.0,57.37,0.4019,0.227711127,0.017000000000000015,0.5781,0.4336,6.0,3.0,5251.0,2.8732,0.4789,0.0144,10518.0,0.4992,0.5
S13003120,3,2022.0,54.17,0.3949,0.187862069,0.018299999999999983,0.4826,0.263,7.0,3.0,3786.0,3.0917,0.4417,0.0168,8566.0,0.442,0.4286
S13003120,1,2017.0,6.18,0.3949,0.187862069,0.018299999999999983,0.4826,0.263,7.0,3.0,3786.0,3.0917,0.4417,0.0168,9360.0,0.4045,0.4286
S13003120,0,2022.0,5.38,0.3949,0.187862069,0.018299999999999983,0.4826,0.263,7.0,3.0,3786.0,3.0917,0.4417,0.0168,8566.0,0.442,0.4286
S13003120,1,2022.0,5.38,0.3949,0.187862069,0.018299999999999983,0.4826,0.263,7.0,3.0,3786.0,3.0917,0.4417,0.0168,8566.0,0.442,0.4286
S13003120,2,2022.0,30.7,0.3949,0.187862069,0.018299999999999983,0.4826,0.263,7.0,3.0,3786.0,3.0917,0.4417,0.0168,8566.0,0.442,0.4286
S13003120,0,2017.0,21.97,0.3949,0.187862069,0.018299999999999983,0.4826,0.263,7.0,3.0,3786.0,3.0917,0.4417,0.0168,9360.0,0.4045,0.4286
S13003120,3,2017.0,83.25,0.3949,0.187862069,0.018299999999999983,0.4826,0.263,7.0,3.0,3786.0,3.0917,0.4417,0.0168,9360.0,0.4045,0.4286
S13003120,2,2017.0,44.03,0.3949,0.187862069,0.018299999999999983,0.4826,0.263,7.0,3.0,3786.0,3.0917,0.4417,0.0168,9360.0,0.4045,0.4286
S13003121,3,2022.0,74.78,0.4053,0.173517996,0.020199999999999996,0.5008,0.1953,7.0,3.0,3503.0,3.1713,0.453,0.0187,8795.0,0.3983,0.4286
S13003121,2,2022.0,46.32,0.4053,0.173517996,0.020199999999999996,0.5008,0.1953,7.0,3.0,3503.0,3.1713,0.453,0.0187,8795.0,0.3983,0.4286
S13003121,1,2022.0,5.279999999999999,0.4053,0.173517996,0.020199999999999996,0.5008,0.1953,7.0,3.0,3503.0,3.1713,0.453,0.0187,8795.0,0.3983,0.4286
S13003121,0,2022.0,17.689999999999998,0.4053,0.173517996,0.020199999999999996,0.5008,0.1953,7.0,3.0,3503.0,3.1713,0.453,0.0187,8795.0,0.3983,0.4286
S13003121,0,2017.0,23.91,0.4053,0.173517996,0.020199999999999996,0.5008,0.1953,7.0,3.0,3503.0,3.1713,0.453,0.0187,9294.0,0.3769,0.4286
S13003121,1,2017.0,6.13,0.4053,0.173517996,0.020199999999999996,0.5008,0.1953,7.0,3.0,3503.0,3.1713,0.453,0.0187,9294.0,0.3769,0.4286
S13003121,2,2017.0,48.75,0.4053,0.173517996,0.020199999999999996,0.5008,0.1953,7.0,3.0,3503.0,3.1713,0.453,0.0187,9294.0,0.3769,0.4286
S13003121,3,2017.0,86.15,0.4053,0.173517996,0.020199999999999996,0.5008,0.1953,7.0,3.0,3503.0,3.1713,0.453,0.0187,9294.0,0.3769,0.4286
S13003122,2,2022.0,56.22,0.4855,0.233033087,0.023900000000000032,0.5262,0.2301,5.0,3.0,4326.0,2.6828,0.5366,0.0167,9130.0,0.4738,0.6
S13003122,2,2022.0,56.22,0.4855,0.233033087,0.023900000000000032,0.5262,0.2301,7.0,3.0,4365.0,3.1349,0.4478,0.0167,9130.0,0.4781,0.4286
S13003122,3,2017.0,81.25999999999999,0.4855,0.233033087,0.023900000000000032,0.5262,0.2301,7.0,3.0,4365.0,3.1349,0.4478,0.0167,9433.0,0.4627,0.4286
S13003122,3,2017.0,81.25999999999999,0.4855,0.233033087,0.023900000000000032,0.5262,0.2301,5.0,3.0,4326.0,2.6828,0.5366,0.0167,9433.0,0.4586,0.6
S13003122,2,2017.0,46.44,0.4855,0.233033087,0.023900000000000032,0.5262,0.2301,7.0,3.0,4365.0,3.1349,0.4478,0.0167,9433.0,0.4627,0.4286
S13003122,2,2017.0,46.44,0.4855,0.233033087,0.023900000000000032,0.5262,0.2301,5.0,3.0,4326.0,2.6828,0.5366,0.0167,9433.0,0.4586,0.6
S13003122,1,2017.0,9.31,0.4855,0.233033087,0.023900000000000032,0.5262,0.2301,7.0,3.0,4365.0,3.1349,0.4478,0.0167,9433.0,0.4627,0.4286
S13003122,0,2017.0,9.31,0.4855,0.233033087,0.023900000000000032,0.5262,0.2301,7.0,3.0,4365.0,3.1349,0.4478,0.0167,9433.0,0.4627,0.4286
S13003122,1,2017.0,9.31,0.4855,0.233033087,0.023900000000000032,0.5262,0.2301,5.0,3.0,4326.0,2.6828,0.5366,0.0167,9433.0,0.4586,0.6
S13003122,3,2022.0,86.57,0.4855,0.233033087,0.023900000000000032,0.5262,0.2301,7.0,3.0,4365.0,3.1349,0.4478,0.0167,9130.0,0.4781,0.4286
S13003122,3,2022.0,86.57,0.4855,0.233033087,0.023900000000000032,0.5262,0.2301,5.0,3.0,4326.0,2.6828,0.5366,0.0167,9130.0,0.4738,0.6
S13003122,0,2022.0,16.85,0.4855,0.233033087,0.023900000000000032,0.5262,0.2301,5.0,3.0,4326.0,2.6828,0.5366,0.0167,9130.0,0.4738,0.6
S13003122,0,2022.0,16.85,0.4855,0.233033087,0.023900000000000032,0.5262,0.2301,7.0,3.0,4365.0,3.1349,0.4478,0.0167,9130.0,0.4781,0.4286
S13003122,1,2022.0,9.06,0.4855,0.233033087,0.023900000000000032,0.5262,0.2301,5.0,3.0,4326.0,2.6828,0.5366,0.0167,9130.0,0.4738,0.6
S13003122,1,2022.0,9.06,0.4855,0.233033087,0.023900000000000032,0.5262,0.2301,7.0,3.0,4365.0,3.1349,0.4478,0.0167,9130.0,0.4781,0.4286
S13003122,0,2017.0,9.31,0.4855,0.233033087,0.023900000000000032,0.5262,0.2301,5.0,3.0,4326.0,2.6828,0.5366,0.0167,9433.0,0.4586,0.6
S13003123,3,2022.0,87.11,0.4829,0.173826174,0.02180000000000004,0.483,0.1983,8.0,4.0,5822.0,3.4385,0.4298,0.0211,13865.0,0.4199,0.5
S13003123,2,2022.0,44.36,0.4829,0.173826174,0.02180000000000004,0.483,0.1983,8.0,4.0,5893.0,3.4634,0.4329,0.0211,13865.0,0.425,0.5
S13003123,2,2022.0,44.36,0.4829,0.173826174,0.02180000000000004,0.483,0.1983,8.0,4.0,5822.0,3.4385,0.4298,0.0211,13865.0,0.4199,0.5
S13003123,3,2017.0,93.58000000000001,0.4829,0.173826174,0.02180000000000004,0.483,0.1983,8.0,4.0,5893.0,3.4634,0.4329,0.0211,15419.0,0.3822,0.5
S13003123,3,2017.0,93.58000000000001,0.4829,0.173826174,0.02180000000000004,0.483,0.1983,8.0,4.0,5822.0,3.4385,0.4298,0.0211,15419.0,0.3776,0.5
S13003123,1,2017.0,8.19,0.4829,0.173826174,0.02180000000000004,0.483,0.1983,8.0,4.0,5893.0,3.4634,0.4329,0.0211,15419.0,0.3822,0.5
S13003123,2,2017.0,72.34,0.4829,0.173826174,0.02180000000000004,0.483,0.1983,8.0,4.0,5822.0,3.4385,0.4298,0.0211,15419.0,0.3776,0.5
S13003123,1,2017.0,8.19,0.4829,0.173826174,0.02180000000000004,0.483,0.1983,8.0,4.0,5822.0,3.4385,0.4298,0.0211,15419.0,0.3776,0.5
S13003123,0,2017.0,21.21,0.4829,0.173826174,0.02180000000000004,0.483,0.1983,8.0,4.0,5893.0,3.4634,0.4329,0.0211,15419.0,0.3822,0.5
S13003123,0,2017.0,21.21,0.4829,0.173826174,0.02180000000000004,0.483,0.1983,8.0,4.0,5822.0,3.4385,0.4298,0.0211,15419.0,0.3776,0.5
S13003123,2,2017.0,72.34,0.4829,0.173826174,0.02180000000000004,0.483,0.1983,8.0,4.0,5893.0,3.4634,0.4329,0.0211,15419.0,0.3822,0.5
S13003123,3,2022.0,87.11,0.4829,0.173826174,0.02180000000000004,0.483,0.1983,8.0,4.0,5893.0,3.4634,0.4329,0.0211,13865.0,0.425,0.5
S13003123,1,2022.0,3.53,0.4829,0.173826174,0.02180000000000004,0.483,0.1983,8.0,4.0,5893.0,3.4634,0.4329,0.0211,13865.0,0.425,0.5
S13003123,0,2022.0,12.219999999999999,0.4829,0.173826174,0.02180000000000004,0.483,0.1983,8.0,4.0,5822.0,3.4385,0.4298,0.0211,13865.0,0.4199,0.5
S13003123,0,2022.0,12.219999999999999,0.4829,0.173826174,0.02180000000000004,0.483,0.1983,8.0,4.0,5893.0,3.4634,0.4329,0.0211,13865.0,0.425,0.5
S13003123,1,2022.0,3.53,0.4829,0.173826174,0.02180000000000004,0.483,0.1983,8.0,4.0,5822.0,3.4385,0.4298,0.0211,13865.0,0.4199,0.5
S13003124,0,2022.0,4.94,0.5358,0.215265917,0.01770000000000005,0.503,0.2729,9.0,4.0,6524.0,3.0383,0.3376,0.0187,13401.0,0.4868,0.4444
S13003124,3,2022.0,94.24,0.5358,0.215265917,0.01770000000000005,0.503,0.2729,7.0,4.0,6562.0,3.2455,0.4636,0.0187,13401.0,0.4897,0.5714
S13003124,0,2017.0,17.450000000000003,0.5358,0.215265917,0.01770000000000005,0.503,0.2729,9.0,4.0,6524.0,3.0383,0.3376,0.0187,14130.0,0.4617,0.4444
S13003124,0,2017.0,17.450000000000003,0.5358,0.215265917,0.01770000000000005,0.503,0.2729,7.0,4.0,6562.0,3.2455,0.4636,0.0187,14130.0,0.4644,0.5714
S13003124,1,2017.0,6.57,0.5358,0.215265917,0.01770000000000005,0.503,0.2729,9.0,4.0,6524.0,3.0383,0.3376,0.0187,14130.0,0.4617,0.4444
S13003124,0,2022.0,4.94,0.5358,0.215265917,0.01770000000000005,0.503,0.2729,7.0,4.0,6562.0,3.2455,0.4636,0.0187,13401.0,0.4897,0.5714
S13003124,2,2017.0,49.7,0.5358,0.215265917,0.01770000000000005,0.503,0.2729,9.0,4.0,6524.0,3.0383,0.3376,0.0187,14130.0,0.4617,0.4444
S13003124,2,2017.0,49.7,0.5358,0.215265917,0.01770000000000005,0.503,0.2729,7.0,4.0,6562.0,3.2455,0.4636,0.0187,14130.0,0.4644,0.5714
S13003124,3,2017.0,85.07,0.5358,0.215265917,0.01770000000000005,0.503,0.2729,9.0,4.0,6524.0,3.0383,0.3376,0.0187,14130.0,0.4617,0.4444
S13003124,3,2017.0,85.07,0.5358,0.215265917,0.01770000000000005,0.503,0.2729,7.0,4.0,6562.0,3.2455,0.4636,0.0187,14130.0,0.4644,0.5714
S13003124,1,2017.0,6.57,0.5358,0.215265917,0.01770000000000005,0.503,0.2729,7.0,4.0,6562.0,3.2455,0.4636,0.0187,14130.0,0.4644,0.5714
S13003124,1,2022.0,4.35,0.5358,0.215265917,0.01770000000000005,0.503,0.2729,9.0,4.0,6524.0,3.0383,0.3376,0.0187,13401.0,0.4868,0.4444
S13003124,1,2022.0,4.35,0.5358,0.215265917,0.01770000000000005,0.503,0.2729,7.0,4.0,6562.0,3.2455,0.4636,0.0187,13401.0,0.4897,0.5714
S13003124,2,2022.0,78.88000000000001,0.5358,0.215265917,0.01770000000000005,0.503,0.2729,9.0,4.0,6524.0,3.0383,0.3376,0.0187,13401.0,0.4868,0.4444
S13003124,2,2022.0,78.88000000000001,0.5358,0.215265917,0.01770000000000005,0.503,0.2729,7.0,4.0,6562.0,3.2455,0.4636,0.0187,13401.0,0.4897,0.5714
S13003124,3,2022.0,94.24,0.5358,0.215265917,0.01770000000000005,0.503,0.2729,9.0,4.0,6524.0,3.0383,0.3376,0.0187,13401.0,0.4868,0.4444
S13003125,3,2017.0,75.53999999999999,0.5156,0.205651762,0.026900000000000035,0.4962,0.2067,5.0,3.0,3876.0,2.8274,0.5655,0.0219,10173.0,0.381,0.6
S13003125,3,2022.0,96.67,0.5156,0.205651762,0.026900000000000035,0.4962,0.2067,5.0,3.0,4182.0,2.7824,0.5565,0.0219,9009.0,0.4642,0.6
S13003125,3,2022.0,96.67,0.5156,0.205651762,0.026900000000000035,0.4962,0.2067,5.0,3.0,3876.0,2.8274,0.5655,0.0219,9009.0,0.4302,0.6
S13003125,2,2022.0,74.54,0.5156,0.205651762,0.026900000000000035,0.4962,0.2067,5.0,3.0,4182.0,2.7824,0.5565,0.0219,9009.0,0.4642,0.6
S13003125,2,2022.0,74.54,0.5156,0.205651762,0.026900000000000035,0.4962,0.2067,5.0,3.0,3876.0,2.8274,0.5655,0.0219,9009.0,0.4302,0.6
S13003125,1,2022.0,2.72,0.5156,0.205651762,0.026900000000000035,0.4962,0.2067,5.0,3.0,4182.0,2.7824,0.5565,0.0219,9009.0,0.4642,0.6
S13003125,3,2017.0,75.53999999999999,0.5156,0.205651762,0.026900000000000035,0.4962,0.2067,5.0,3.0,4182.0,2.7824,0.5565,0.0219,10173.0,0.4111,0.6
S13003125,0,2022.0,2.72,0.5156,0.205651762,0.026900000000000035,0.4962,0.2067,5.0,3.0,4182.0,2.7824,0.5565,0.0219,9009.0,0.4642,0.6
S13003125,0,2022.0,2.72,0.5156,0.205651762,0.026900000000000035,0.4962,0.2067,5.0,3.0,3876.0,2.8274,0.5655,0.0219,9009.0,0.4302,0.6
S13003125,1,2022.0,2.72,0.5156,0.205651762,0.026900000000000035,0.4962,0.2067,5.0,3.0,3876.0,2.8274,0.5655,0.0219,9009.0,0.4302,0.6
S13003125,2,2017.0,49.53,0.5156,0.205651762,0.026900000000000035,0.4962,0.2067,5.0,3.0,4182.0,2.7824,0.5565,0.0219,10173.0,0.4111,0.6
S13003125,2,2017.0,49.53,0.5156,0.205651762,0.026900000000000035,0.4962,0.2067,5.0,3.0,3876.0,2.8274,0.5655,0.0219,10173.0,0.381,0.6
S13003125,0,2017.0,8.41,0.5156,0.205651762,0.026900000000000035,0.4962,0.2067,5.0,3.0,3876.0,2.8274,0.5655,0.0219,10173.0,0.381,0.6
S13003125,0,2017.0,8.41,0.5156,0.205651762,0.026900000000000035,0.4962,0.2067,5.0,3.0,4182.0,2.7824,0.5565,0.0219,10173.0,0.4111,0.6
S13003125,1,2017.0,5.359999999999999,0.5156,0.205651762,0.026900000000000035,0.4962,0.2067,5.0,3.0,3876.0,2.8274,0.5655,0.0219,10173.0,0.381,0.6
S13003125,1,2017.0,5.359999999999999,0.5156,0.205651762,0.026900000000000035,0.4962,0.2067,5.0,3.0,4182.0,2.7824,0.5565,0.0219,10173.0,0.4111,0.6
S13003126,2,2017.0,70.84,0.4985,0.194750758,0.01629999999999998,0.4458,0.182,7.0,4.0,4976.0,3.3109,0.473,0.0272,12113.0,0.4108,0.5714
S13003126,3,2022.0,95.74,0.4985,0.194750758,0.01629999999999998,0.4458,0.182,7.0,4.0,4976.0,3.3109,0.473,0.0272,11872.0,0.4191,0.5714
S13003126,3,2022.0,95.74,0.4985,0.194750758,0.01629999999999998,0.4458,0.182,5.0,4.0,4644.0,2.8872,0.5774,0.0272,11872.0,0.3912,0.8
S13003126,2,2022.0,78.22999999999999,0.4985,0.194750758,0.01629999999999998,0.4458,0.182,7.0,4.0,4976.0,3.3109,0.473,0.0272,11872.0,0.4191,0.5714
S13003126,2,2022.0,78.22999999999999,0.4985,0.194750758,0.01629999999999998,0.4458,0.182,5.0,4.0,4644.0,2.8872,0.5774,0.0272,11872.0,0.3912,0.8
S13003126,1,2022.0,7.07,0.4985,0.194750758,0.01629999999999998,0.4458,0.182,7.0,4.0,4976.0,3.3109,0.473,0.0272,11872.0,0.4191,0.5714
S13003126,0,2022.0,7.07,0.4985,0.194750758,0.01629999999999998,0.4458,0.182,5.0,4.0,4644.0,2.8872,0.5774,0.0272,11872.0,0.3912,0.8
S13003126,0,2022.0,7.07,0.4985,0.194750758,0.01629999999999998,0.4458,0.182,7.0,4.0,4976.0,3.3109,0.473,0.0272,11872.0,0.4191,0.5714
S13003126,3,2017.0,90.08,0.4985,0.194750758,0.01629999999999998,0.4458,0.182,7.0,4.0,4976.0,3.3109,0.473,0.0272,12113.0,0.4108,0.5714
S13003126,0,2017.0,8.290000000000001,0.4985,0.194750758,0.01629999999999998,0.4458,0.182,5.0,4.0,4644.0,2.8872,0.5774,0.0272,12113.0,0.3834,0.8
S13003126,0,2017.0,8.290000000000001,0.4985,0.194750758,0.01629999999999998,0.4458,0.182,7.0,4.0,4976.0,3.3109,0.473,0.0272,12113.0,0.4108,0.5714
S13003126,1,2017.0,4.6000000000000005,0.4985,0.194750758,0.01629999999999998,0.4458,0.182,5.0,4.0,4644.0,2.8872,0.5774,0.0272,12113.0,0.3834,0.8
S13003126,1,2017.0,4.6000000000000005,0.4985,0.194750758,0.01629999999999998,0.4458,0.182,7.0,4.0,4976.0,3.3109,0.473,0.0272,12113.0,0.4108,0.5714
S13003126,2,2017.0,70.84,0.4985,0.194750758,0.01629999999999998,0.4458,0.182,5.0,4.0,4644.0,2.8872,0.5774,0.0272,12113.0,0.3834,0.8
S13003126,1,2022.0,7.07,0.4985,0.194750758,0.01629999999999998,0.4458,0.182,5.0,4.0,4644.0,2.8872,0.5774,0.0272,11872.0,0.3912,0.8
S13003126,3,2017.0,90.08,0.4985,0.194750758,0.01629999999999998,0.4458,0.182,5.0,4.0,4644.0,2.8872,0.5774,0.0272,12113.0,0.3834,0.8
S13003127,3,2017.0,90.07000000000001,0.5055,0.192902156,0.014700000000000046,0.4347,0.207,9.0,4.0,5018.0,3.5835,0.3982,0.0288,12552.0,0.3998,0.4444
S13003127,0,2017.0,21.009999999999998,0.5055,0.192902156,0.014700000000000046,0.4347,0.207,9.0,4.0,5018.0,3.5835,0.3982,0.0288,12552.0,0.3998,0.4444
S13003127,0,2017.0,21.009999999999998,0.5055,0.192902156,0.014700000000000046,0.4347,0.207,7.0,4.0,4696.0,3.4178,0.4883,0.0288,12552.0,0.3741,0.5714
S13003127,3,2022.0,94.48,0.5055,0.192902156,0.014700000000000046,0.4347,0.207,9.0,4.0,5018.0,3.5835,0.3982,0.0288,11565.0,0.4339,0.4444
S13003127,3,2022.0,94.48,0.5055,0.192902156,0.014700000000000046,0.4347,0.207,7.0,4.0,4696.0,3.4178,0.4883,0.0288,11565.0,0.4061,0.5714
S13003127,2,2022.0,74.03999999999999,0.5055,0.192902156,0.014700000000000046,0.4347,0.207,9.0,4.0,5018.0,3.5835,0.3982,0.0288,11565.0,0.4339,0.4444
S13003127,2,2022.0,74.03999999999999,0.5055,0.192902156,0.014700000000000046,0.4347,0.207,7.0,4.0,4696.0,3.4178,0.4883,0.0288,11565.0,0.4061,0.5714
S13003127,1,2022.0,6.0,0.5055,0.192902156,0.014700000000000046,0.4347,0.207,9.0,4.0,5018.0,3.5835,0.3982,0.0288,11565.0,0.4339,0.4444
S13003127,1,2022.0,6.0,0.5055,0.192902156,0.014700000000000046,0.4347,0.207,7.0,4.0,4696.0,3.4178,0.4883,0.0288,11565.0,0.4061,0.5714
S13003127,0,2022.0,6.0,0.5055,0.192902156,0.014700000000000046,0.4347,0.207,7.0,4.0,4696.0,3.4178,0.4883,0.0288,11565.0,0.4061,0.5714
S13003127,0,2022.0,6.0,0.5055,0.192902156,0.014700000000000046,0.4347,0.207,9.0,4.0,5018.0,3.5835,0.3982,0.0288,11565.0,0.4339,0.4444
S13003127,2,2017.0,72.88000000000001,0.5055,0.192902156,0.014700000000000046,0.4347,0.207,7.0,4.0,4696.0,3.4178,0.4883,0.0288,12552.0,0.3741,0.5714
S13003127,3,2017.0,90.07000000000001,0.5055,0.192902156,0.014700000000000046,0.4347,0.207,7.0,4.0,4696.0,3.4178,0.4883,0.0288,12552.0,0.3741,0.5714
S13003127,2,2017.0,72.88000000000001,0.5055,0.192902156,0.014700000000000046,0.4347,0.207,9.0,4.0,5018.0,3.5835,0.3982,0.0288,12552.0,0.3998,0.4444
S13003127,1,2017.0,13.08,0.5055,0.192902156,0.014700000000000046,0.4347,0.207,9.0,4.0,5018.0,3.5835,0.3982,0.0288,12552.0,0.3998,0.4444
S13003127,1,2017.0,13.08,0.5055,0.192902156,0.014700000000000046,0.4347,0.207,7.0,4.0,4696.0,3.4178,0.4883,0.0288,12552.0,0.3741,0.5714
S13003128,3,2022.0,97.11999999999999,0.2667,0.195184007,0.011199999999999988,0.5204,0.1887,9.0,4.0,6632.0,3.3341,0.3705,0.0198,,,0.4444
S13003128,2,2017.0,68.61,0.2667,0.195184007,0.011199999999999988,0.5204,0.1887,9.0,4.0,6632.0,3.3341,0.3705,0.0198,17779.0,0.373,0.4444
S13003128,2,2022.0,78.41,0.2667,0.195184007,0.011199999999999988,0.5204,0.1887,9.0,4.0,6632.0,3.3341,0.3705,0.0198,,,0.4444
S13003128,1,2017.0,5.92,0.2667,0.195184007,0.011199999999999988,0.5204,0.1887,9.0,4.0,6632.0,3.3341,0.3705,0.0198,17779.0,0.373,0.4444
S13003128,0,2017.0,17.28,0.2667,0.195184007,0.011199999999999988,0.5204,0.1887,9.0,4.0,6632.0,3.3341,0.3705,0.0198,17779.0,0.373,0.4444
S13003128,3,2017.0,91.97,0.2667,0.195184007,0.011199999999999988,0.5204,0.1887,9.0,4.0,6632.0,3.3341,0.3705,0.0198,17779.0,0.373,0.4444
S13003128,0,2022.0,19.15,0.2667,0.195184007,0.011199999999999988,0.5204,0.1887,9.0,4.0,6632.0,3.3341,0.3705,0.0198,,,0.4444
S13003128,1,2022.0,4.98,0.2667,0.195184007,0.011199999999999988,0.5204,0.1887,9.0,4.0,6632.0,3.3341,0.3705,0.0198,,,0.4444
S13003129,1,2022.0,2.95,0.2706,0.204082939,0.018299999999999983,0.5115,0.1946,6.0,3.0,4588.0,2.9368,0.4895,0.0189,,,0.5
S13003129,0,2022.0,7.84,0.2706,0.204082939,0.018299999999999983,0.5115,0.1946,6.0,3.0,4588.0,2.9368,0.4895,0.0189,,,0.5
S13003129,0,2017.0,25.18,0.2706,0.204082939,0.018299999999999983,0.5115,0.1946,6.0,3.0,4588.0,2.9368,0.4895,0.0189,12833.0,0.3575,0.5
S13003129,3,2017.0,86.69,0.2706,0.204082939,0.018299999999999983,0.5115,0.1946,6.0,3.0,4588.0,2.9368,0.4895,0.0189,12833.0,0.3575,0.5
S13003129,2,2017.0,70.26,0.2706,0.204082939,0.018299999999999983,0.5115,0.1946,6.0,3.0,4588.0,2.9368,0.4895,0.0189,12833.0,0.3575,0.5
S13003129,1,2017.0,7.9,0.2706,0.204082939,0.018299999999999983,0.5115,0.1946,6.0,3.0,4588.0,2.9368,0.4895,0.0189,12833.0,0.3575,0.5
S13003129,3,2022.0,92.89,0.2706,0.204082939,0.018299999999999983,0.5115,0.1946,6.0,3.0,4588.0,2.9368,0.4895,0.0189,,,0.5
S13003129,2,2022.0,70.42,0.2706,0.204082939,0.018299999999999983,0.5115,0.1946,6.0,3.0,4588.0,2.9368,0.4895,0.0189,,,0.5
S13003130,2,2017.0,44.87,0.3003,0.201981789,0.01319999999999999,0.5049,0.1515,8.0,4.0,4947.0,3.3956,0.4244,0.0239,15306.0,0.3232,0.5
S13003130,1,2022.0,0.51,0.3003,0.201981789,0.01319999999999999,0.5049,0.1515,8.0,4.0,4947.0,3.3956,0.4244,0.0239,,,0.5
S13003130,2,2022.0,67.27,0.3003,0.201981789,0.01319999999999999,0.5049,0.1515,8.0,4.0,4947.0,3.3956,0.4244,0.0239,,,0.5
S13003130,3,2022.0,93.8,0.3003,0.201981789,0.01319999999999999,0.5049,0.1515,8.0,4.0,4947.0,3.3956,0.4244,0.0239,,,0.5
S13003130,3,2017.0,68.22,0.3003,0.201981789,0.01319999999999999,0.5049,0.1515,8.0,4.0,4947.0,3.3956,0.4244,0.0239,15306.0,0.3232,0.5
S13003130,1,2017.0,2.38,0.3003,0.201981789,0.01319999999999999,0.5049,0.1515,8.0,4.0,4947.0,3.3956,0.4244,0.0239,15306.0,0.3232,0.5
S13003130,0,2017.0,2.88,0.3003,0.201981789,0.01319999999999999,0.5049,0.1515,8.0,4.0,4947.0,3.3956,0.4244,0.0239,15306.0,0.3232,0.5
S13003130,0,2022.0,0.51,0.3003,0.201981789,0.01319999999999999,0.5049,0.1515,8.0,4.0,4947.0,3.3956,0.4244,0.0239,,,0.5
S13003131,0,2022.0,26.09,0.3334,0.223393604,0.013599999999999945,0.5763,0.2724,10.0,3.0,5963.0,3.4253,0.3425,0.0217,,,0.3
S13003131,2,2022.0,63.730000000000004,0.3334,0.223393604,0.013599999999999945,0.5763,0.2724,10.0,3.0,5963.0,3.4253,0.3425,0.0217,,,0.3
S13003131,3,2022.0,94.61999999999999,0.3334,0.223393604,0.013599999999999945,0.5763,0.2724,10.0,3.0,5963.0,3.4253,0.3425,0.0217,,,0.3
S13003131,3,2017.0,58.82,0.3334,0.223393604,0.013599999999999945,0.5763,0.2724,10.0,3.0,5963.0,3.4253,0.3425,0.0217,12841.0,0.4644,0.3
S13003131,2,2017.0,27.08,0.3334,0.223393604,0.013599999999999945,0.5763,0.2724,10.0,3.0,5963.0,3.4253,0.3425,0.0217,12841.0,0.4644,0.3
S13003131,1,2017.0,11.34,0.3334,0.223393604,0.013599999999999945,0.5763,0.2724,10.0,3.0,5963.0,3.4253,0.3425,0.0217,12841.0,0.4644,0.3
S13003131,0,2017.0,13.4,0.3334,0.223393604,0.013599999999999945,0.5763,0.2724,10.0,3.0,5963.0,3.4253,0.3425,0.0217,12841.0,0.4644,0.3
S13003131,1,2022.0,11.19,0.3334,0.223393604,0.013599999999999945,0.5763,0.2724,10.0,3.0,5963.0,3.4253,0.3425,0.0217,,,0.3
S13003132,0,2022.0,10.55,0.3711,0.246476379,0.015599999999999947,0.6623,0.4514,8.0,4.0,6144.0,3.7417,0.4677,0.0132,,,0.5
S13003132,1,2022.0,9.18,0.3711,0.246476379,0.015599999999999947,0.6623,0.4514,8.0,4.0,6144.0,3.7417,0.4677,0.0132,,,0.5
S13003132,0,2022.0,10.55,0.3711,0.246476379,0.015599999999999947,0.6623,0.4514,8.0,4.0,6432.0,3.4863,0.4358,0.0132,,,0.5
S13003132,1,2022.0,9.18,0.3711,0.246476379,0.015599999999999947,0.6623,0.4514,8.0,4.0,6432.0,3.4863,0.4358,0.0132,,,0.5
S13003132,3,2017.0,94.28,0.3711,0.246476379,0.015599999999999947,0.6623,0.4514,8.0,4.0,6144.0,3.7417,0.4677,0.0132,11516.0,0.5335,0.5
S13003132,3,2017.0,94.28,0.3711,0.246476379,0.015599999999999947,0.6623,0.4514,8.0,4.0,6432.0,3.4863,0.4358,0.0132,11516.0,0.5585,0.5
S13003132,2,2017.0,63.040000000000006,0.3711,0.246476379,0.015599999999999947,0.6623,0.4514,8.0,4.0,6144.0,3.7417,0.4677,0.0132,11516.0,0.5335,0.5
S13003132,2,2017.0,63.040000000000006,0.3711,0.246476379,0.015599999999999947,0.6623,0.4514,8.0,4.0,6432.0,3.4863,0.4358,0.0132,11516.0,0.5585,0.5
S13003132,1,2017.0,4.5,0.3711,0.246476379,0.015599999999999947,0.6623,0.4514,8.0,4.0,6144.0,3.7417,0.4677,0.0132,11516.0,0.5335,0.5
S13003132,0,2017.0,4.5,0.3711,0.246476379,0.015599999999999947,0.6623,0.4514,8.0,4.0,6144.0,3.7417,0.4677,0.0132,11516.0,0.5335,0.5
S13003132,0,2017.0,4.5,0.3711,0.246476379,0.015599999999999947,0.6623,0.4514,8.0,4.0,6432.0,3.4863,0.4358,0.0132,11516.0,0.5585,0.5
S13003132,1,2017.0,4.5,0.3711,0.246476379,0.015599999999999947,0.6623,0.4514,8.0,4.0,6432.0,3.4863,0.4358,0.0132,11516.0,0.5585,0.5
S13003132,3,2022.0,80.32,0.3711,0.246476379,0.015599999999999947,0.6623,0.4514,8.0,4.0,6432.0,3.4863,0.4358,0.0132,,,0.5
S13003132,2,2022.0,46.7,0.3711,0.246476379,0.015599999999999947,0.6623,0.4514,8.0,4.0,6432.0,3.4863,0.4358,0.0132,,,0.5
S13003132,2,2022.0,46.7,0.3711,0.246476379,0.015599999999999947,0.6623,0.4514,8.0,4.0,6144.0,3.7417,0.4677,0.0132,,,0.5
S13003132,3,2022.0,80.32,0.3711,0.246476379,0.015599999999999947,0.6623,0.4514,8.0,4.0,6144.0,3.7417,0.4677,0.0132,,,0.5
S13003134,1,2022.0,10.49,0.4843,0.176603433,0.013900000000000023,0.5938,0.3441,6.0,3.0,4559.0,3.0851,0.5142,0.0133,,,0.5
S13003134,0,2022.0,24.84,0.4843,0.176603433,0.013900000000000023,0.5938,0.3441,7.0,3.0,4848.0,3.3395,0.4771,0.0133,,,0.4286
S13003134,0,2022.0,24.84,0.4843,0.176603433,0.013900000000000023,0.5938,0.3441,6.0,3.0,4559.0,3.0851,0.5142,0.0133,,,0.5
S13003134,2,2022.0,50.7,0.4843,0.176603433,0.013900000000000023,0.5938,0.3441,7.0,3.0,4848.0,3.3395,0.4771,0.0133,,,0.4286
S13003134,0,2017.0,19.67,0.4843,0.176603433,0.013900000000000023,0.5938,0.3441,6.0,3.0,4559.0,3.0851,0.5142,0.0133,9395.0,0.4853,0.5
S13003134,1,2017.0,7.04,0.4843,0.176603433,0.013900000000000023,0.5938,0.3441,6.0,3.0,4559.0,3.0851,0.5142,0.0133,9395.0,0.4853,0.5
S13003134,1,2022.0,10.49,0.4843,0.176603433,0.013900000000000023,0.5938,0.3441,7.0,3.0,4848.0,3.3395,0.4771,0.0133,,,0.4286
S13003134,1,2017.0,7.04,0.4843,0.176603433,0.013900000000000023,0.5938,0.3441,7.0,3.0,4848.0,3.3395,0.4771,0.0133,9395.0,0.516,0.4286
S13003134,2,2017.0,47.6,0.4843,0.176603433,0.013900000000000023,0.5938,0.3441,6.0,3.0,4559.0,3.0851,0.5142,0.0133,9395.0,0.4853,0.5
S13003134,2,2017.0,47.6,0.4843,0.176603433,0.013900000000000023,0.5938,0.3441,7.0,3.0,4848.0,3.3395,0.4771,0.0133,9395.0,0.516,0.4286
S13003134,3,2017.0,84.16,0.4843,0.176603433,0.013900000000000023,0.5938,0.3441,6.0,3.0,4559.0,3.0851,0.5142,0.0133,9395.0,0.4853,0.5
S13003134,3,2017.0,84.16,0.4843,0.176603433,0.013900000000000023,0.5938,0.3441,7.0,3.0,4848.0,3.3395,0.4771,0.0133,9395.0,0.516,0.4286
S13003134,0,2017.0,19.67,0.4843,0.176603433,0.013900000000000023,0.5938,0.3441,7.0,3.0,4848.0,3.3395,0.4771,0.0133,9395.0,0.516,0.4286
S13003134,2,2022.0,50.7,0.4843,0.176603433,0.013900000000000023,0.5938,0.3441,6.0,3.0,4559.0,3.0851,0.5142,0.0133,,,0.5
S13003134,3,2022.0,86.86000000000001,0.4843,0.176603433,0.013900000000000023,0.5938,0.3441,6.0,3.0,4559.0,3.0851,0.5142,0.0133,,,0.5
S13003134,3,2022.0,86.86000000000001,0.4843,0.176603433,0.013900000000000023,0.5938,0.3441,7.0,3.0,4848.0,3.3395,0.4771,0.0133,,,0.4286
S13003136,0,2017.0,10.459999999999999,0.6433,0.217019695,0.0027000000000000357,0.6305,0.3244,6.0,3.0,1282.0,3.0172,0.5029,0.0109,2179.0,0.5883,0.5
S13003136,3,2017.0,87.45,0.6433,0.217019695,0.0027000000000000357,0.6305,0.3244,6.0,3.0,1282.0,3.0172,0.5029,0.0109,2179.0,0.5883,0.5
S13003136,3,2017.0,87.45,0.6433,0.217019695,0.0027000000000000357,0.6305,0.3244,5.0,3.0,1121.0,2.9697,0.5939,0.0109,2179.0,0.5145,0.6
S13003136,2,2017.0,63.96000000000001,0.6433,0.217019695,0.0027000000000000357,0.6305,0.3244,6.0,3.0,1282.0,3.0172,0.5029,0.0109,2179.0,0.5883,0.5
S13003136,0,2022.0,1.32,0.6433,0.217019695,0.0027000000000000357,0.6305,0.3244,5.0,3.0,1121.0,2.9697,0.5939,0.0109,2161.0,0.5187,0.6
S13003136,2,2017.0,63.96000000000001,0.6433,0.217019695,0.0027000000000000357,0.6305,0.3244,5.0,3.0,1121.0,2.9697,0.5939,0.0109,2179.0,0.5145,0.6
S13003136,1,2017.0,5.539999999999999,0.6433,0.217019695,0.0027000000000000357,0.6305,0.3244,6.0,3.0,1282.0,3.0172,0.5029,0.0109,2179.0,0.5883,0.5
S13003136,1,2017.0,5.539999999999999,0.6433,0.217019695,0.0027000000000000357,0.6305,0.3244,5.0,3.0,1121.0,2.9697,0.5939,0.0109,2179.0,0.5145,0.6
S13003136,0,2017.0,10.459999999999999,0.6433,0.217019695,0.0027000000000000357,0.6305,0.3244,5.0,3.0,1121.0,2.9697,0.5939,0.0109,2179.0,0.5145,0.6
S13003136,0,2022.0,1.32,0.6433,0.217019695,0.0027000000000000357,0.6305,0.3244,6.0,3.0,1282.0,3.0172,0.5029,0.0109,2161.0,0.5932,0.5
S13003136,1,2022.0,1.32,0.6433,0.217019695,0.0027000000000000357,0.6305,0.3244,6.0,3.0,1282.0,3.0172,0.5029,0.0109,2161.0,0.5932,0.5
S13003136,2,2022.0,41.12,0.6433,0.217019695,0.0027000000000000357,0.6305,0.3244,5.0,3.0,1121.0,2.9697,0.5939,0.0109,2161.0,0.5187,0.6
S13003136,2,2022.0,41.12,0.6433,0.217019695,0.0027000000000000357,0.6305,0.3244,6.0,3.0,1282.0,3.0172,0.5029,0.0109,2161.0,0.5932,0.5
S13003136,1,2022.0,1.32,0.6433,0.217019695,0.0027000000000000357,0.6305,0.3244,5.0,3.0,1121.0,2.9697,0.5939,0.0109,2161.0,0.5187,0.6
S13003136,3,2022.0,81.62,0.6433,0.217019695,0.0027000000000000357,0.6305,0.3244,6.0,3.0,1282.0,3.0172,0.5029,0.0109,2161.0,0.5932,0.5
S13003136,3,2022.0,81.62,0.6433,0.217019695,0.0027000000000000357,0.6305,0.3244,5.0,3.0,1121.0,2.9697,0.5939,0.0109,2161.0,0.5187,0.6
S13003137,2,2017.0,49.65,0.6526,0.326051338,0.0041999999999999815,0.594,0.3298,3.0,2.0,739.0,2.3221,0.774,0.0175,1602.0,0.4613,0.6667
S13003137,1,2017.0,12.55,0.6526,0.326051338,0.0041999999999999815,0.594,0.3298,9.0,3.0,1148.0,3.2256,0.3584,0.0175,1602.0,0.7166,0.3333
S13003137,1,2017.0,12.55,0.6526,0.326051338,0.0041999999999999815,0.594,0.3298,3.0,2.0,739.0,2.3221,0.774,0.0175,1602.0,0.4613,0.6667
S13003137,0,2017.0,23.93,0.6526,0.326051338,0.0041999999999999815,0.594,0.3298,9.0,3.0,1148.0,3.2256,0.3584,0.0175,1602.0,0.7166,0.3333
S13003137,0,2017.0,23.93,0.6526,0.326051338,0.0041999999999999815,0.594,0.3298,3.0,2.0,739.0,2.3221,0.774,0.0175,1602.0,0.4613,0.6667
S13003137,3,2022.0,90.12,0.6526,0.326051338,0.0041999999999999815,0.594,0.3298,9.0,3.0,1148.0,3.2256,0.3584,0.0175,1517.0,0.7568,0.3333
S13003137,3,2022.0,90.12,0.6526,0.326051338,0.0041999999999999815,0.594,0.3298,3.0,2.0,739.0,2.3221,0.774,0.0175,1517.0,0.4871,0.6667
S13003137,3,2017.0,83.1,0.6526,0.326051338,0.0041999999999999815,0.594,0.3298,3.0,2.0,739.0,2.3221,0.774,0.0175,1602.0,0.4613,0.6667
S13003137,2,2022.0,50.34,0.6526,0.326051338,0.0041999999999999815,0.594,0.3298,3.0,2.0,739.0,2.3221,0.774,0.0175,1517.0,0.4871,0.6667
S13003137,1,2022.0,0.0,0.6526,0.326051338,0.0041999999999999815,0.594,0.3298,9.0,3.0,1148.0,3.2256,0.3584,0.0175,1517.0,0.7568,0.3333
S13003137,3,2017.0,83.1,0.6526,0.326051338,0.0041999999999999815,0.594,0.3298,9.0,3.0,1148.0,3.2256,0.3584,0.0175,1602.0,0.7166,0.3333
S13003137,1,2022.0,0.0,0.6526,0.326051338,0.0041999999999999815,0.594,0.3298,3.0,2.0,739.0,2.3221,0.774,0.0175,1517.0,0.4871,0.6667
S13003137,0,2022.0,2.59,0.6526,0.326051338,0.0041999999999999815,0.594,0.3298,9.0,3.0,1148.0,3.2256,0.3584,0.0175,1517.0,0.7568,0.3333
S13003137,2,2017.0,49.65,0.6526,0.326051338,0.0041999999999999815,0.594,0.3298,9.0,3.0,1148.0,3.2256,0.3584,0.0175,1602.0,0.7166,0.3333
S13003137,0,2022.0,2.59,0.6526,0.326051338,0.0041999999999999815,0.594,0.3298,3.0,2.0,739.0,2.3221,0.774,0.0175,1517.0,0.4871,0.6667
S13003137,2,2022.0,50.34,0.6526,0.326051338,0.0041999999999999815,0.594,0.3298,9.0,3.0,1148.0,3.2256,0.3584,0.0175,1517.0,0.7568,0.3333
S13003139,1,2017.0,11.02,0.6113,0.270065623,0.021700000000000053,0.6173,0.3335,6.0,3.0,1108.0,3.009,0.5015,0.0184,1818.0,0.6095,0.5
S13003139,0,2017.0,19.27,0.6113,0.270065623,0.021700000000000053,0.6173,0.3335,6.0,3.0,1108.0,3.009,0.5015,0.0184,1818.0,0.6095,0.5
S13003139,3,2017.0,89.26,0.6113,0.270065623,0.021700000000000053,0.6173,0.3335,6.0,3.0,1108.0,3.009,0.5015,0.0184,1818.0,0.6095,0.5
S13003139,2,2017.0,61.64,0.6113,0.270065623,0.021700000000000053,0.6173,0.3335,6.0,3.0,1108.0,3.009,0.5015,0.0184,1818.0,0.6095,0.5
S13003140,3,2022.0,81.43,0.5749,0.281981492,-0.02300000000000002,0.5728,0.3316,4.0,2.0,851.0,2.4183,0.6046,0.0203,1408.0,0.6044,0.5
S13003140,2,2022.0,49.94,0.5749,0.281981492,-0.02300000000000002,0.5728,0.3316,4.0,2.0,851.0,2.4183,0.6046,0.0203,1408.0,0.6044,0.5
S13003140,0,2022.0,4.13,0.5749,0.281981492,-0.02300000000000002,0.5728,0.3316,4.0,2.0,851.0,2.4183,0.6046,0.0203,1408.0,0.6044,0.5
S13003140,1,2022.0,4.13,0.5749,0.281981492,-0.02300000000000002,0.5728,0.3316,4.0,2.0,851.0,2.4183,0.6046,0.0203,1408.0,0.6044,0.5
S13003141,1,2017.0,9.1,0.6183,0.267804748,0.02529999999999999,0.5253,0.3013,7.0,4.0,1446.0,3.2925,0.4704,0.013,3417.0,0.4232,0.5714
S13003141,0,2017.0,17.88,0.6183,0.267804748,0.02529999999999999,0.5253,0.3013,8.0,4.0,1533.0,3.3164,0.4145,0.013,3417.0,0.4486,0.5
S13003141,3,2022.0,93.5,0.6183,0.267804748,0.02529999999999999,0.5253,0.3013,7.0,4.0,1446.0,3.2925,0.4704,0.013,3052.0,0.4738,0.5714
S13003141,3,2022.0,93.5,0.6183,0.267804748,0.02529999999999999,0.5253,0.3013,8.0,4.0,1533.0,3.3164,0.4145,0.013,3052.0,0.5023,0.5
S13003141,0,2017.0,17.88,0.6183,0.267804748,0.02529999999999999,0.5253,0.3013,7.0,4.0,1446.0,3.2925,0.4704,0.013,3417.0,0.4232,0.5714
S13003141,1,2022.0,8.54,0.6183,0.267804748,0.02529999999999999,0.5253,0.3013,8.0,4.0,1533.0,3.3164,0.4145,0.013,3052.0,0.5023,0.5
S13003141,1,2022.0,8.54,0.6183,0.267804748,0.02529999999999999,0.5253,0.3013,7.0,4.0,1446.0,3.2925,0.4704,0.013,3052.0,0.4738,0.5714
S13003141,2,2022.0,64.8,0.6183,0.267804748,0.02529999999999999,0.5253,0.3013,8.0,4.0,1533.0,3.3164,0.4145,0.013,3052.0,0.5023,0.5
S13003141,0,2022.0,19.03,0.6183,0.267804748,0.02529999999999999,0.5253,0.3013,7.0,4.0,1446.0,3.2925,0.4704,0.013,3052.0,0.4738,0.5714
S13003141,0,2022.0,19.03,0.6183,0.267804748,0.02529999999999999,0.5253,0.3013,8.0,4.0,1533.0,3.3164,0.4145,0.013,3052.0,0.5023,0.5
S13003141,2,2022.0,64.8,0.6183,0.267804748,0.02529999999999999,0.5253,0.3013,7.0,4.0,1446.0,3.2925,0.4704,0.013,3052.0,0.4738,0.5714
S13003141,1,2017.0,9.1,0.6183,0.267804748,0.02529999999999999,0.5253,0.3013,8.0,4.0,1533.0,3.3164,0.4145,0.013,3417.0,0.4486,0.5
S13003141,2,2017.0,76.32000000000001,0.6183,0.267804748,0.02529999999999999,0.5253,0.3013,7.0,4.0,1446.0,3.2925,0.4704,0.013,3417.0,0.4232,0.5714
S13003141,3,2017.0,95.24,0.6183,0.267804748,0.02529999999999999,0.5253,0.3013,8.0,4.0,1533.0,3.3164,0.4145,0.013,3417.0,0.4486,0.5
S13003141,3,2017.0,95.24,0.6183,0.267804748,0.02529999999999999,0.5253,0.3013,7.0,4.0,1446.0,3.2925,0.4704,0.013,3417.0,0.4232,0.5714
S13003141,2,2017.0,76.32000000000001,0.6183,0.267804748,0.02529999999999999,0.5253,0.3013,8.0,4.0,1533.0,3.3164,0.4145,0.013,3417.0,0.4486,0.5
S13003142,0,2022.0,15.73,0.6106,0.215443803,0.006399999999999961,0.5147,0.2692,10.0,4.0,1354.0,3.5074,0.3507,0.0132,3023.0,0.4479,0.4
S13003142,0,2022.0,15.73,0.6106,0.215443803,0.006399999999999961,0.5147,0.2692,5.0,4.0,1412.0,3.0092,0.6018,0.0132,3023.0,0.4671,0.8
S13003142,1,2022.0,7.16,0.6106,0.215443803,0.006399999999999961,0.5147,0.2692,10.0,4.0,1354.0,3.5074,0.3507,0.0132,3023.0,0.4479,0.4
S13003142,1,2022.0,7.16,0.6106,0.215443803,0.006399999999999961,0.5147,0.2692,5.0,4.0,1412.0,3.0092,0.6018,0.0132,3023.0,0.4671,0.8
S13003142,2,2022.0,61.150000000000006,0.6106,0.215443803,0.006399999999999961,0.5147,0.2692,10.0,4.0,1354.0,3.5074,0.3507,0.0132,3023.0,0.4479,0.4
S13003142,2,2022.0,61.150000000000006,0.6106,0.215443803,0.006399999999999961,0.5147,0.2692,5.0,4.0,1412.0,3.0092,0.6018,0.0132,3023.0,0.4671,0.8
S13003142,1,2017.0,7.8,0.6106,0.215443803,0.006399999999999961,0.5147,0.2692,5.0,4.0,1412.0,3.0092,0.6018,0.0132,3207.0,0.4403,0.8
S13003142,1,2017.0,7.8,0.6106,0.215443803,0.006399999999999961,0.5147,0.2692,10.0,4.0,1354.0,3.5074,0.3507,0.0132,3207.0,0.4222,0.4
S13003142,0,2017.0,14.54,0.6106,0.215443803,0.006399999999999961,0.5147,0.2692,10.0,4.0,1354.0,3.5074,0.3507,0.0132,3207.0,0.4222,0.4
S13003142,0,2017.0,14.54,0.6106,0.215443803,0.006399999999999961,0.5147,0.2692,5.0,4.0,1412.0,3.0092,0.6018,0.0132,3207.0,0.4403,0.8
S13003142,3,2017.0,95.61,0.6106,0.215443803,0.006399999999999961,0.5147,0.2692,5.0,4.0,1412.0,3.0092,0.6018,0.0132,3207.0,0.4403,0.8
S13003142,3,2017.0,95.61,0.6106,0.215443803,0.006399999999999961,0.5147,0.2692,10.0,4.0,1354.0,3.5074,0.3507,0.0132,3207.0,0.4222,0.4
S13003142,2,2017.0,80.24,0.6106,0.215443803,0.006399999999999961,0.5147,0.2692,5.0,4.0,1412.0,3.0092,0.6018,0.0132,3207.0,0.4403,0.8
S13003142,2,2017.0,80.24,0.6106,0.215443803,0.006399999999999961,0.5147,0.2692,10.0,4.0,1354.0,3.5074,0.3507,0.0132,3207.0,0.4222,0.4
S13003142,3,2022.0,90.55,0.6106,0.215443803,0.006399999999999961,0.5147,0.2692,10.0,4.0,1354.0,3.5074,0.3507,0.0132,3023.0,0.4479,0.4
S13003142,3,2022.0,90.55,0.6106,0.215443803,0.006399999999999961,0.5147,0.2692,5.0,4.0,1412.0,3.0092,0.6018,0.0132,3023.0,0.4671,0.8
S13003143,0,2022.0,22.080000000000002,0.7203,0.245392823,0.006700000000000039,0.5522,0.2751,8.0,3.0,1306.0,3.4931,0.4366,0.0135,2455.0,0.532,0.375
S13003143,1,2022.0,11.440000000000001,0.7203,0.245392823,0.006700000000000039,0.5522,0.2751,8.0,3.0,1306.0,3.4931,0.4366,0.0135,2455.0,0.532,0.375
S13003143,1,2022.0,11.440000000000001,0.7203,0.245392823,0.006700000000000039,0.5522,0.2751,9.0,4.0,4515.0,3.6532,0.4059,0.0135,2455.0,1.8391,0.4444
S13003143,2,2022.0,78.33,0.7203,0.245392823,0.006700000000000039,0.5522,0.2751,8.0,3.0,1306.0,3.4931,0.4366,0.0135,2455.0,0.532,0.375
S13003143,0,2022.0,22.080000000000002,0.7203,0.245392823,0.006700000000000039,0.5522,0.2751,9.0,4.0,4515.0,3.6532,0.4059,0.0135,2455.0,1.8391,0.4444
S13003143,2,2022.0,78.33,0.7203,0.245392823,0.006700000000000039,0.5522,0.2751,9.0,4.0,4515.0,3.6532,0.4059,0.0135,2455.0,1.8391,0.4444
S13003143,3,2022.0,96.08,0.7203,0.245392823,0.006700000000000039,0.5522,0.2751,9.0,4.0,4515.0,3.6532,0.4059,0.0135,2455.0,1.8391,0.4444
S13003143,3,2022.0,96.08,0.7203,0.245392823,0.006700000000000039,0.5522,0.2751,8.0,3.0,1306.0,3.4931,0.4366,0.0135,2455.0,0.532,0.375
S13003144,0,2022.0,0.0,0.6036,0.311944091,0.008399999999999963,0.5674,0.3482,8.0,3.0,1234.0,3.1305,0.3913,0.0115,1337.0,0.923,0.375
S13003144,3,2017.0,81.6,0.6036,0.311944091,0.008399999999999963,0.5674,0.3482,8.0,3.0,1234.0,3.1305,0.3913,0.0115,1391.0,0.8871,0.375
S13003144,3,2017.0,81.6,0.6036,0.311944091,0.008399999999999963,0.5674,0.3482,3.0,2.0,661.0,2.2375,0.7458,0.0115,1391.0,0.4752,0.6667
S13003144,2,2017.0,47.980000000000004,0.6036,0.311944091,0.008399999999999963,0.5674,0.3482,8.0,3.0,1234.0,3.1305,0.3913,0.0115,1391.0,0.8871,0.375
S13003144,1,2017.0,11.790000000000001,0.6036,0.311944091,0.008399999999999963,0.5674,0.3482,8.0,3.0,1234.0,3.1305,0.3913,0.0115,1391.0,0.8871,0.375
S13003144,1,2017.0,11.790000000000001,0.6036,0.311944091,0.008399999999999963,0.5674,0.3482,3.0,2.0,661.0,2.2375,0.7458,0.0115,1391.0,0.4752,0.6667
S13003144,0,2017.0,22.18,0.6036,0.311944091,0.008399999999999963,0.5674,0.3482,8.0,3.0,1234.0,3.1305,0.3913,0.0115,1391.0,0.8871,0.375
S13003144,2,2017.0,47.980000000000004,0.6036,0.311944091,0.008399999999999963,0.5674,0.3482,3.0,2.0,661.0,2.2375,0.7458,0.0115,1391.0,0.4752,0.6667
S13003144,3,2022.0,0.0,0.6036,0.311944091,0.008399999999999963,0.5674,0.3482,8.0,3.0,1234.0,3.1305,0.3913,0.0115,1337.0,0.923,0.375
S13003144,3,2022.0,0.0,0.6036,0.311944091,0.008399999999999963,0.5674,0.3482,3.0,2.0,661.0,2.2375,0.7458,0.0115,1337.0,0.4944,0.6667
S13003144,2,2022.0,0.0,0.6036,0.311944091,0.008399999999999963,0.5674,0.3482,8.0,3.0,1234.0,3.1305,0.3913,0.0115,1337.0,0.923,0.375
S13003144,2,2022.0,0.0,0.6036,0.311944091,0.008399999999999963,0.5674,0.3482,3.0,2.0,661.0,2.2375,0.7458,0.0115,1337.0,0.4944,0.6667
S13003144,1,2022.0,0.0,0.6036,0.311944091,0.008399999999999963,0.5674,0.3482,8.0,3.0,1234.0,3.1305,0.3913,0.0115,1337.0,0.923,0.375
S13003144,1,2022.0,0.0,0.6036,0.311944091,0.008399999999999963,0.5674,0.3482,3.0,2.0,661.0,2.2375,0.7458,0.0115,1337.0,0.4944,0.6667
S13003144,0,2017.0,22.18,0.6036,0.311944091,0.008399999999999963,0.5674,0.3482,3.0,2.0,661.0,2.2375,0.7458,0.0115,1391.0,0.4752,0.6667
S13003144,0,2022.0,0.0,0.6036,0.311944091,0.008399999999999963,0.5674,0.3482,3.0,2.0,661.0,2.2375,0.7458,0.0115,1337.0,0.4944,0.6667
S13003145,0,2017.0,24.5,0.4615,0.232354063,0.027699999999999947,0.4903,0.2023,7.0,3.0,3577.0,3.0447,0.435,0.0282,8858.0,0.4038,0.4286
S13003145,0,2017.0,24.5,0.4615,0.232354063,0.027699999999999947,0.4903,0.2023,7.0,3.0,4736.0,2.8875,0.4125,0.0282,8858.0,0.5347,0.4286
S13003145,1,2017.0,9.379999999999999,0.4615,0.232354063,0.027699999999999947,0.4903,0.2023,7.0,3.0,3577.0,3.0447,0.435,0.0282,8858.0,0.4038,0.4286
S13003145,1,2017.0,9.379999999999999,0.4615,0.232354063,0.027699999999999947,0.4903,0.2023,7.0,3.0,4736.0,2.8875,0.4125,0.0282,8858.0,0.5347,0.4286
S13003145,2,2017.0,47.28,0.4615,0.232354063,0.027699999999999947,0.4903,0.2023,7.0,3.0,3577.0,3.0447,0.435,0.0282,8858.0,0.4038,0.4286
S13003145,2,2017.0,47.28,0.4615,0.232354063,0.027699999999999947,0.4903,0.2023,7.0,3.0,4736.0,2.8875,0.4125,0.0282,8858.0,0.5347,0.4286
S13003145,3,2017.0,82.1,0.4615,0.232354063,0.027699999999999947,0.4903,0.2023,7.0,3.0,3577.0,3.0447,0.435,0.0282,8858.0,0.4038,0.4286
S13003145,3,2017.0,82.1,0.4615,0.232354063,0.027699999999999947,0.4903,0.2023,7.0,3.0,4736.0,2.8875,0.4125,0.0282,8858.0,0.5347,0.4286
S13003145,0,2022.0,21.63,0.4615,0.232354063,0.027699999999999947,0.4903,0.2023,7.0,3.0,3577.0,3.0447,0.435,0.0282,8352.0,0.4283,0.4286
S13003145,0,2022.0,21.63,0.4615,0.232354063,0.027699999999999947,0.4903,0.2023,7.0,3.0,4736.0,2.8875,0.4125,0.0282,8352.0,0.567,0.4286
S13003145,1,2022.0,7.09,0.4615,0.232354063,0.027699999999999947,0.4903,0.2023,7.0,3.0,3577.0,3.0447,0.435,0.0282,8352.0,0.4283,0.4286
S13003145,1,2022.0,7.09,0.4615,0.232354063,0.027699999999999947,0.4903,0.2023,7.0,3.0,4736.0,2.8875,0.4125,0.0282,8352.0,0.567,0.4286
S13003145,2,2022.0,57.95,0.4615,0.232354063,0.027699999999999947,0.4903,0.2023,7.0,3.0,3577.0,3.0447,0.435,0.0282,8352.0,0.4283,0.4286
S13003145,2,2022.0,57.95,0.4615,0.232354063,0.027699999999999947,0.4903,0.2023,7.0,3.0,4736.0,2.8875,0.4125,0.0282,8352.0,0.567,0.4286
S13003145,3,2022.0,84.99,0.4615,0.232354063,0.027699999999999947,0.4903,0.2023,7.0,3.0,3577.0,3.0447,0.435,0.0282,8352.0,0.4283,0.4286
S13003145,3,2022.0,84.99,0.4615,0.232354063,0.027699999999999947,0.4903,0.2023,7.0,3.0,4736.0,2.8875,0.4125,0.0282,8352.0,0.567,0.4286
S13003146,0,2022.0,45.08,0.3739,0.342235624,0.02429999999999999,0.6012,0.4027,6.0,1.0,2431.0,2.8787,0.4798,0.014,4001.0,0.6076,0.1667
S13003146,1,2022.0,18.18,0.3739,0.342235624,0.02429999999999999,0.6012,0.4027,6.0,1.0,2431.0,2.8787,0.4798,0.014,4001.0,0.6076,0.1667
S13003146,2,2022.0,0.0,0.3739,0.342235624,0.02429999999999999,0.6012,0.4027,6.0,1.0,2431.0,2.8787,0.4798,0.014,4001.0,0.6076,0.1667
S13003146,3,2022.0,0.0,0.3739,0.342235624,0.02429999999999999,0.6012,0.4027,6.0,1.0,2431.0,2.8787,0.4798,0.014,4001.0,0.6076,0.1667
S13003147,2,2022.0,73.83,0.4198,0.218154539,0.0131,0.516,0.2202,11.0,5.0,7044.0,3.5802,0.3255,0.0257,16153.0,0.4361,0.4545
S13003147,0,2022.0,15.11,0.4198,0.218154539,0.0131,0.516,0.2202,11.0,5.0,7044.0,3.5802,0.3255,0.0257,16153.0,0.4361,0.4545
S13003147,3,2022.0,97.79,0.4198,0.218154539,0.0131,0.516,0.2202,11.0,5.0,7044.0,3.5802,0.3255,0.0257,16153.0,0.4361,0.4545
S13003147,1,2022.0,3.08,0.4198,0.218154539,0.0131,0.516,0.2202,11.0,5.0,7044.0,3.5802,0.3255,0.0257,16153.0,0.4361,0.4545
S13003148,1,2022.0,5.21,0.4698,0.347523402,0.02510000000000001,0.6177,0.3681,12.0,5.0,9845.0,3.5733,0.2978,0.0193,18393.0,0.5353,0.4167
S13003148,0,2017.0,15.61,0.4698,0.347523402,0.02510000000000001,0.6177,0.3681,12.0,5.0,9845.0,3.5733,0.2978,0.0193,18336.0,0.5369,0.4167
S13003148,0,2017.0,15.61,0.4698,0.347523402,0.02510000000000001,0.6177,0.3681,6.0,4.0,7252.0,2.8016,0.4669,0.0193,18336.0,0.3955,0.6667
S13003148,1,2017.0,7.079999999999999,0.4698,0.347523402,0.02510000000000001,0.6177,0.3681,12.0,5.0,9845.0,3.5733,0.2978,0.0193,18336.0,0.5369,0.4167
S13003148,1,2017.0,7.079999999999999,0.4698,0.347523402,0.02510000000000001,0.6177,0.3681,6.0,4.0,7252.0,2.8016,0.4669,0.0193,18336.0,0.3955,0.6667
S13003148,2,2017.0,72.43,0.4698,0.347523402,0.02510000000000001,0.6177,0.3681,12.0,5.0,9845.0,3.5733,0.2978,0.0193,18336.0,0.5369,0.4167
S13003148,2,2017.0,72.43,0.4698,0.347523402,0.02510000000000001,0.6177,0.3681,6.0,4.0,7252.0,2.8016,0.4669,0.0193,18336.0,0.3955,0.6667
S13003148,3,2017.0,94.69,0.4698,0.347523402,0.02510000000000001,0.6177,0.3681,12.0,5.0,9845.0,3.5733,0.2978,0.0193,18336.0,0.5369,0.4167
S13003148,3,2017.0,94.69,0.4698,0.347523402,0.02510000000000001,0.6177,0.3681,6.0,4.0,7252.0,2.8016,0.4669,0.0193,18336.0,0.3955,0.6667
S13003148,3,2022.0,91.37,0.4698,0.347523402,0.02510000000000001,0.6177,0.3681,6.0,4.0,7252.0,2.8016,0.4669,0.0193,18393.0,0.3943,0.6667
S13003148,3,2022.0,91.37,0.4698,0.347523402,0.02510000000000001,0.6177,0.3681,12.0,5.0,9845.0,3.5733,0.2978,0.0193,18393.0,0.5353,0.4167
S13003148,0,2022.0,16.29,0.4698,0.347523402,0.02510000000000001,0.6177,0.3681,12.0,5.0,9845.0,3.5733,0.2978,0.0193,18393.0,0.5353,0.4167
S13003148,2,2022.0,65.00999999999999,0.4698,0.347523402,0.02510000000000001,0.6177,0.3681,12.0,5.0,9845.0,3.5733,0.2978,0.0193,18393.0,0.5353,0.4167
S13003148,1,2022.0,5.21,0.4698,0.347523402,0.02510000000000001,0.6177,0.3681,6.0,4.0,7252.0,2.8016,0.4669,0.0193,18393.0,0.3943,0.6667
S13003148,0,2022.0,16.29,0.4698,0.347523402,0.02510000000000001,0.6177,0.3681,6.0,4.0,7252.0,2.8016,0.4669,0.0193,18393.0,0.3943,0.6667
S13003148,2,2022.0,65.00999999999999,0.4698,0.347523402,0.02510000000000001,0.6177,0.3681,6.0,4.0,7252.0,2.8016,0.4669,0.0193,18393.0,0.3943,0.6667
S13003149,0,2022.0,16.35,0.4466,0.209024074,0.02629999999999999,0.4841,0.1916,7.0,3.0,4169.0,2.9513,0.4216,0.0301,16705.0,0.2496,0.4286
S13003149,1,2022.0,9.34,0.4466,0.209024074,0.02629999999999999,0.4841,0.1916,7.0,3.0,4169.0,2.9513,0.4216,0.0301,16705.0,0.2496,0.4286
S13003149,0,2022.0,16.35,0.4466,0.209024074,0.02629999999999999,0.4841,0.1916,8.0,5.0,6506.0,3.4362,0.4295,0.0301,16705.0,0.3895,0.625
S13003149,3,2017.0,84.47999999999999,0.4466,0.209024074,0.02629999999999999,0.4841,0.1916,7.0,3.0,4169.0,2.9513,0.4216,0.0301,18193.0,0.2292,0.4286
S13003149,3,2017.0,84.47999999999999,0.4466,0.209024074,0.02629999999999999,0.4841,0.1916,8.0,5.0,6506.0,3.4362,0.4295,0.0301,18193.0,0.3576,0.625
S13003149,2,2017.0,52.269999999999996,0.4466,0.209024074,0.02629999999999999,0.4841,0.1916,7.0,3.0,4169.0,2.9513,0.4216,0.0301,18193.0,0.2292,0.4286
S13003149,2,2017.0,52.269999999999996,0.4466,0.209024074,0.02629999999999999,0.4841,0.1916,8.0,5.0,6506.0,3.4362,0.4295,0.0301,18193.0,0.3576,0.625
S13003149,1,2022.0,9.34,0.4466,0.209024074,0.02629999999999999,0.4841,0.1916,8.0,5.0,6506.0,3.4362,0.4295,0.0301,16705.0,0.3895,0.625
S13003149,1,2017.0,4.59,0.4466,0.209024074,0.02629999999999999,0.4841,0.1916,7.0,3.0,4169.0,2.9513,0.4216,0.0301,18193.0,0.2292,0.4286
S13003149,0,2017.0,21.77,0.4466,0.209024074,0.02629999999999999,0.4841,0.1916,7.0,3.0,4169.0,2.9513,0.4216,0.0301,18193.0,0.2292,0.4286
S13003149,0,2017.0,21.77,0.4466,0.209024074,0.02629999999999999,0.4841,0.1916,8.0,5.0,6506.0,3.4362,0.4295,0.0301,18193.0,0.3576,0.625
S13003149,3,2022.0,92.27999999999999,0.4466,0.209024074,0.02629999999999999,0.4841,0.1916,7.0,3.0,4169.0,2.9513,0.4216,0.0301,16705.0,0.2496,0.4286
S13003149,3,2022.0,92.27999999999999,0.4466,0.209024074,0.02629999999999999,0.4841,0.1916,8.0,5.0,6506.0,3.4362,0.4295,0.0301,16705.0,0.3895,0.625
S13003149,2,2022.0,79.8,0.4466,0.209024074,0.02629999999999999,0.4841,0.1916,7.0,3.0,4169.0,2.9513,0.4216,0.0301,16705.0,0.2496,0.4286
S13003149,2,2022.0,79.8,0.4466,0.209024074,0.02629999999999999,0.4841,0.1916,8.0,5.0,6506.0,3.4362,0.4295,0.0301,16705.0,0.3895,0.625
S13003149,1,2017.0,4.59,0.4466,0.209024074,0.02629999999999999,0.4841,0.1916,8.0,5.0,6506.0,3.4362,0.4295,0.0301,18193.0,0.3576,0.625
S13003150,1,2017.0,5.46,0.3598,0.231638418,-0.011199999999999988,0.6109,0.3232,5.0,3.0,1424.0,2.9494,0.5899,0.0099,3143.0,0.4531,0.6
S13003150,2,2017.0,55.68000000000001,0.3598,0.231638418,-0.011199999999999988,0.6109,0.3232,5.0,3.0,1424.0,2.9494,0.5899,0.0099,3143.0,0.4531,0.6
S13003150,3,2017.0,90.86999999999999,0.3598,0.231638418,-0.011199999999999988,0.6109,0.3232,5.0,3.0,1424.0,2.9494,0.5899,0.0099,3143.0,0.4531,0.6
S13003150,0,2017.0,5.46,0.3598,0.231638418,-0.011199999999999988,0.6109,0.3232,5.0,3.0,1424.0,2.9494,0.5899,0.0099,3143.0,0.4531,0.6
S13003150,3,2022.0,92.85,0.3598,0.231638418,-0.011199999999999988,0.6109,0.3232,5.0,3.0,1424.0,2.9494,0.5899,0.0099,,,0.6
S13003150,2,2022.0,68.45,0.3598,0.231638418,-0.011199999999999988,0.6109,0.3232,5.0,3.0,1424.0,2.9494,0.5899,0.0099,,,0.6
S13003150,1,2022.0,9.95,0.3598,0.231638418,-0.011199999999999988,0.6109,0.3232,5.0,3.0,1424.0,2.9494,0.5899,0.0099,,,0.6
S13003150,0,2022.0,21.71,0.3598,0.231638418,-0.011199999999999988,0.6109,0.3232,5.0,3.0,1424.0,2.9494,0.5899,0.0099,,,0.6
S13003151,1,2017.0,2.73,0.3581,0.223008492,0.0262,0.5449,0.2981,8.0,4.0,1627.0,3.9213,0.4902,0.0134,4101.0,0.3967,0.5
S13003151,3,2017.0,94.72,0.3581,0.223008492,0.0262,0.5449,0.2981,8.0,4.0,1627.0,3.9213,0.4902,0.0134,4101.0,0.3967,0.5
S13003151,3,2022.0,98.29,0.3581,0.223008492,0.0262,0.5449,0.2981,8.0,4.0,1627.0,3.9213,0.4902,0.0134,,,0.5
S13003151,2,2022.0,77.74,0.3581,0.223008492,0.0262,0.5449,0.2981,8.0,4.0,1627.0,3.9213,0.4902,0.0134,,,0.5
S13003151,1,2022.0,2.33,0.3581,0.223008492,0.0262,0.5449,0.2981,8.0,4.0,1627.0,3.9213,0.4902,0.0134,,,0.5
S13003151,0,2022.0,2.33,0.3581,0.223008492,0.0262,0.5449,0.2981,8.0,4.0,1627.0,3.9213,0.4902,0.0134,,,0.5
S13003151,0,2017.0,6.37,0.3581,0.223008492,0.0262,0.5449,0.2981,8.0,4.0,1627.0,3.9213,0.4902,0.0134,4101.0,0.3967,0.5
S13003151,2,2017.0,68.17,0.3581,0.223008492,0.0262,0.5449,0.2981,8.0,4.0,1627.0,3.9213,0.4902,0.0134,4101.0,0.3967,0.5
S13003152,1,2022.0,6.32,0.3394,0.225051148,0.007299999999999973,0.5072,0.29,7.0,4.0,1447.0,3.4271,0.4896,0.0117,,,0.5714
S13003152,0,2022.0,17.42,0.3394,0.225051148,0.007299999999999973,0.5072,0.29,7.0,4.0,1447.0,3.4271,0.4896,0.0117,,,0.5714
S13003152,1,2017.0,5.87,0.3394,0.225051148,0.007299999999999973,0.5072,0.29,7.0,4.0,1447.0,3.4271,0.4896,0.0117,3162.0,0.4576,0.5714
S13003152,3,2022.0,88.27,0.3394,0.225051148,0.007299999999999973,0.5072,0.29,7.0,4.0,1447.0,3.4271,0.4896,0.0117,,,0.5714
S13003152,0,2017.0,15.27,0.3394,0.225051148,0.007299999999999973,0.5072,0.29,7.0,4.0,1447.0,3.4271,0.4896,0.0117,3162.0,0.4576,0.5714
S13003152,2,2022.0,53.269999999999996,0.3394,0.225051148,0.007299999999999973,0.5072,0.29,7.0,4.0,1447.0,3.4271,0.4896,0.0117,,,0.5714
S13003152,2,2017.0,78.03,0.3394,0.225051148,0.007299999999999973,0.5072,0.29,7.0,4.0,1447.0,3.4271,0.4896,0.0117,3162.0,0.4576,0.5714
S13003152,3,2017.0,96.61,0.3394,0.225051148,0.007299999999999973,0.5072,0.29,7.0,4.0,1447.0,3.4271,0.4896,0.0117,3162.0,0.4576,0.5714
S13003153,0,2017.0,12.48,0.3058,0.234132934,0.00990000000000002,0.4888,0.277,7.0,4.0,1344.0,4.0543,0.5792,0.0079,4018.0,0.3345,0.5714
S13003153,1,2017.0,3.7199999999999998,0.3058,0.234132934,0.00990000000000002,0.4888,0.277,7.0,4.0,1344.0,4.0543,0.5792,0.0079,4018.0,0.3345,0.5714
S13003153,0,2022.0,3.51,0.3058,0.234132934,0.00990000000000002,0.4888,0.277,7.0,4.0,1344.0,4.0543,0.5792,0.0079,,,0.5714
S13003153,1,2022.0,3.51,0.3058,0.234132934,0.00990000000000002,0.4888,0.277,7.0,4.0,1344.0,4.0543,0.5792,0.0079,,,0.5714
S13003153,3,2022.0,93.0,0.3058,0.234132934,0.00990000000000002,0.4888,0.277,7.0,4.0,1344.0,4.0543,0.5792,0.0079,,,0.5714
S13003153,2,2022.0,60.64,0.3058,0.234132934,0.00990000000000002,0.4888,0.277,7.0,4.0,1344.0,4.0543,0.5792,0.0079,,,0.5714
S13003153,3,2017.0,96.58,0.3058,0.234132934,0.00990000000000002,0.4888,0.277,7.0,4.0,1344.0,4.0543,0.5792,0.0079,4018.0,0.3345,0.5714
S13003153,2,2017.0,75.2,0.3058,0.234132934,0.00990000000000002,0.4888,0.277,7.0,4.0,1344.0,4.0543,0.5792,0.0079,4018.0,0.3345,0.5714
S13003154,3,2022.0,89.75,0.2742,0.196069145,-0.003400000000000014,0.5546,0.3082,6.0,4.0,1414.0,3.3656,0.5609,0.0068,,,0.6667
S13003154,2,2022.0,52.05,0.2742,0.196069145,-0.003400000000000014,0.5546,0.3082,6.0,4.0,1414.0,3.3656,0.5609,0.0068,,,0.6667
S13003154,1,2022.0,1.14,0.2742,0.196069145,-0.003400000000000014,0.5546,0.3082,6.0,4.0,1414.0,3.3656,0.5609,0.0068,,,0.6667
S13003154,0,2022.0,1.14,0.2742,0.196069145,-0.003400000000000014,0.5546,0.3082,6.0,4.0,1414.0,3.3656,0.5609,0.0068,,,0.6667
S13003154,1,2017.0,5.359999999999999,0.2742,0.196069145,-0.003400000000000014,0.5546,0.3082,6.0,4.0,1414.0,3.3656,0.5609,0.0068,3436.0,0.4115,0.6667
S13003154,3,2017.0,89.31,0.2742,0.196069145,-0.003400000000000014,0.5546,0.3082,6.0,4.0,1414.0,3.3656,0.5609,0.0068,3436.0,0.4115,0.6667
S13003154,2,2017.0,59.61,0.2742,0.196069145,-0.003400000000000014,0.5546,0.3082,6.0,4.0,1414.0,3.3656,0.5609,0.0068,3436.0,0.4115,0.6667
S13003154,0,2017.0,5.359999999999999,0.2742,0.196069145,-0.003400000000000014,0.5546,0.3082,6.0,4.0,1414.0,3.3656,0.5609,0.0068,3436.0,0.4115,0.6667
S13003155,0,2022.0,16.14,0.3044,0.208625878,0.0024999999999999467,0.6072,0.3434,5.0,4.0,1842.0,3.0684,0.6137,0.0084,,,0.8
S13003155,1,2022.0,9.88,0.3044,0.208625878,0.0024999999999999467,0.6072,0.3434,5.0,4.0,1842.0,3.0684,0.6137,0.0084,,,0.8
S13003155,2,2022.0,70.85,0.3044,0.208625878,0.0024999999999999467,0.6072,0.3434,5.0,4.0,1842.0,3.0684,0.6137,0.0084,,,0.8
S13003155,3,2022.0,92.89,0.3044,0.208625878,0.0024999999999999467,0.6072,0.3434,5.0,4.0,1842.0,3.0684,0.6137,0.0084,,,0.8
S13003156,2,2017.0,42.53,0.3422,0.216013825,0.0009000000000000119,0.6001,0.317,8.0,2.0,758.0,3.3997,0.425,0.0086,1104.0,0.6866,0.25
S13003156,1,2017.0,4.4399999999999995,0.3422,0.216013825,0.0009000000000000119,0.6001,0.317,8.0,2.0,758.0,3.3997,0.425,0.0086,1104.0,0.6866,0.25
S13003156,0,2017.0,4.4399999999999995,0.3422,0.216013825,0.0009000000000000119,0.6001,0.317,8.0,2.0,758.0,3.3997,0.425,0.0086,1104.0,0.6866,0.25
S13003156,2,2022.0,39.31,0.3422,0.216013825,0.0009000000000000119,0.6001,0.317,8.0,2.0,758.0,3.3997,0.425,0.0086,,,0.25
S13003156,0,2022.0,27.17,0.3422,0.216013825,0.0009000000000000119,0.6001,0.317,8.0,2.0,758.0,3.3997,0.425,0.0086,,,0.25
S13003156,1,2022.0,13.36,0.3422,0.216013825,0.0009000000000000119,0.6001,0.317,8.0,2.0,758.0,3.3997,0.425,0.0086,,,0.25
S13003156,3,2017.0,84.41,0.3422,0.216013825,0.0009000000000000119,0.6001,0.317,8.0,2.0,758.0,3.3997,0.425,0.0086,1104.0,0.6866,0.25
S13003156,3,2022.0,78.63,0.3422,0.216013825,0.0009000000000000119,0.6001,0.317,8.0,2.0,758.0,3.3997,0.425,0.0086,,,0.25
